Palabra,Etiqueta_POS
Viaje,PROPN
al,ADP
Río,PROPN
de,ADP
la,DET
Plata,PROPN
(,PUNCT
1534-1554,NOUN
),PUNCT
"
",SPACE
Urich,PROPN
Schmidel,PROPN
"

",SPACE
Buenos,PROPN
Aires,PROPN
",",PUNCT
Alsina,PROPN
500,NUM
"
",SPACE
Cabaut,PROPN
y,CCONJ
Cía.,PUNCT
Editores,PROPN
-,PUNCT
Librería,PROPN
del,ADP
Colegio,PROPN
"
",SPACE
1903,NOUN
"
 
",SPACE
CAPÍTULO,PROPN
I,CCONJ
"
",SPACE
LA,DET
NAVEGACIÓN,NOUN
DE,ADP
AMBERES,PROPN
Á,PROPN
ESPAÑA,PROPN
"

",SPACE
En,ADP
primer,ADJ
lugar,NOUN
después,ADV
de,ADP
haber,AUX
partido,VERB
de,ADP
Andorf,PROPN
(,PUNCT
Amberes,PROPN
),PUNCT
llegué,VERB
á,ADP
los,DET
14,NUM
días,NOUN
á,ADP
Hispania,PROPN
",",PUNCT
á,ADP
una,DET
ciudad,NOUN
que,PRON
se,PRON
llama,VERB
Khalles,PROPN
(,PUNCT
Cádiz,PROPN
),PUNCT
",",PUNCT
hasta,ADP
allí,ADV
 ,SPACE
se,PRON
 ,SPACE
cuentan,VERB
 ,SPACE
400,NUM
 ,SPACE
millas,NOUN
(,PUNCT
leguas,NOUN
),PUNCT
por,ADP
mar,PROPN
.,PUNCT
"
",SPACE
En,ADP
la,DET
costa,NOUN
de,ADP
aquella,DET
ciudad,NOUN
ví,VERB
una,DET
ballena,NOUN
ó,CCONJ
cetáceo,NOUN
de,ADP
35,NUM
pasos,NOUN
de,ADP
largo,NOUN
",",PUNCT
de,ADP
la,DET
que,PRON
se,PRON
sacaron,VERB
unos,PRON
30,NUM
cascos,NOUN
llenos,ADJ
de,ADP
aceite,NOUN
",",PUNCT
cascos,NOUN
como,SCONJ
los,DET
de,ADP
harenques,NOUN
.,PUNCT
"
",SPACE
Cerca,ADV
de,ADP
la,DET
susodicha,ADJ
ciudad,NOUN
de,ADP
Khalles,PROPN
(,PUNCT
Cádiz,PROPN
),PUNCT
estaban,VERB
surtos,ADJ
14,NUM
grandes,ADJ
navíos,NOUN
bien,ADV
provistos,ADJ
de,ADP
toda,DET
munición,NOUN
y,CCONJ
de,ADP
cuanto,NOUN
era,AUX
necesario,ADJ
",",PUNCT
que,PRON
estaban,VERB
por,ADP
emprender,VERB
viaje,NOUN
al,ADP
Rieo,PROPN
delle,PROPN
Platta,PROPN
en,ADP
Indiam,PROPN
(,PUNCT
Indias,PROPN
),PUNCT
.,PUNCT
También,ADV
se,PRON
hallaban,VERB
allí,ADV
2500,NUM
Españoles,PROPN
y,CCONJ
150,NUM
Alto-Alemanes,PROPN
",",PUNCT
Neerlandeses,PROPN
y,CCONJ
Sajones,PROPN
",",PUNCT
junto,ADJ
con,ADP
el,DET
capitán,NOUN
general,ADJ
de,ADP
todos,DET
nosotros,PRON
",",PUNCT
que,PRON
se,PRON
llamaba,VERB
tum,NOUN
Pietro,PROPN
Mandossa,PROPN
.,PUNCT
"
",SPACE
Entre,ADP
estos,DET
14,NUM
navíos,NOUN
estaba,AUX
uno,PRON
de,ADP
propiedad,NOUN
de,ADP
los,DET
señores,NOUN
Sewastian,PROPN
Neithart,PROPN
 ,SPACE
y,CCONJ
Jacoben,PROPN
Welser,PROPN
de,ADP
Niremburgo,PROPN
",",PUNCT
quienes,PRON
mandaban,VERB
á,ADP
su,DET
factor,NOUN
" 

",SPACE
CAPÍTULO,PROPN
II,PROPN
"
",SPACE
LA,DET
NAVEGACIÓN,NOUN
DE,ADP
ESPAÑA,PROPN
Á,PROPN
LAS,DET
CANARIAS,PROPN
"
",SPACE
Después,ADV
de,ADP
esto,PRON
salimos,VERB
de,ADP
allí,ADV
y,CCONJ
arribamos,VERB
á,ADP
tres,NUM
islas,NOUN
que,PRON
están,AUX
cerca,ADV
unas,PRON
de,ADP
otras,PRON
",",PUNCT
de,ADP
las,DET
que,PRON
la,DET
primera,ADJ
se,PRON
llama,VERB
Dennerieffe,PROPN
",",PUNCT
la,DET
segunda,ADJ
",",PUNCT
Cumero,PROPN
(,PUNCT
Gomera,PROPN
),PUNCT
y,CCONJ
la,DET
tercera,ADJ
",",PUNCT
Polmant,PROPN
(,PUNCT
Palma,PROPN
),PUNCT
;,PUNCT
y,CCONJ
de,ADP
la,DET
ciudad,NOUN
de,ADP
S.,PROPN
Lucas,PROPN
(,PUNCT
San,PROPN
Lucar,PROPN
),PUNCT
á,ADP
las,DET
islas,NOUN
se,PRON
cuentan,VERB
más,ADV
ó,CCONJ
menos,ADV
200,NUM
millas,NOUN
(,PUNCT
leguas,NOUN
),PUNCT
.,PUNCT
En,ADP
estas,DET
islas,NOUN
se,PRON
dispersaron,VERB
los,DET
navíos,NOUN
.,PUNCT
Las,DET
islas,NOUN
pertenecen,VERB
á,ADP
la,DET
Cesárea,PROPN
Majestad,PROPN
",",PUNCT
y,CCONJ
las,PRON
habitan,VERB
sólo,ADV
los,DET
Españoles,PROPN
con,ADP
sus,DET
mujeres,NOUN
é,CCONJ
hijos,NOUN
.,PUNCT
Y,CCONJ
allá,ADV
descansamos,VERB
.,PUNCT
Arribamos,VERB
también,ADV
con,ADP
3,NUM
de,ADP
los,DET
navíos,NOUN
á,ADP
la,DET
Palma,PROPN
y,CCONJ
allí,ADV
permanecimos,VERB
unas,PRON
4,NUM
semanas,NOUN
haciendo,VERB
provisión,NOUN
y,CCONJ
reparando,VERB
averías,NOUN
.,PUNCT
"
",SPACE
Mas,PROPN
después,ADV
de,ADP
ésto,PRON
",",PUNCT
mientras,CCONJ
nuestro,DET
general,NOUN
",",PUNCT
tum,PROPN
Pietro,PROPN
Manthossa,PROPN
se,PRON
hallaba,VERB
á,ADP
unas,PRON
8,NUM
ó,CCONJ
9,NUM
millas,NOUN
(,PUNCT
leguas,NOUN
),PUNCT
distante,ADJ
de,ADP
nosotros,PRON
",",PUNCT
resultó,VERB
que,SCONJ
habíamos,AUX
tenido,VERB
á,ADP
bordo,NOUN
de,ADP
nuestro,DET
navío,NOUN
á,ADP
ton,NOUN
Jerg,PROPN
Manthossa,PROPN
primo,NOUN
del,ADP
señor,NOUN
tonn,PROPN
Pietro,PROPN
Manthossa,PROPN
:,PUNCT
este,PRON
se,PRON
había,AUX
enamorado,VERB
de,ADP
la,DET
hija,NOUN
de,ADP
un,DET
vecino,NOUN
en,ADP
Palman,PROPN
(,PUNCT
la,DET
Palma,PROPN
),PUNCT
y,CCONJ
como,SCONJ
estábamos,AUX
por,ADP
salir,VERB
al,ADP
día,NOUN
siguiente,ADJ
",",PUNCT
el,DET
dicho,ADJ
thonn,NOUN
Jerg,PROPN
Manthossa,PROPN
bajó,VERB
á,ADP
tierra,NOUN
esa,DET
misma,DET
noche,NOUN
",",PUNCT
á,ADP
las,DET
12,NUM
",",PUNCT
con,ADP
12,NUM
compañeros,NOUN
de,ADP
los,DET
buenos,ADJ
",",PUNCT
y,CCONJ
sin,ADP
ser,AUX
sentidos,NOUN
se,PRON
robaron,VERB
de,ADP
la,DET
isla,NOUN
Palman,PROPN
á,ADP
la,DET
dicha,ADJ
hija,NOUN
de,ADP
aquel,DET
vecino,NOUN
",",PUNCT
con,ADP
la,DET
doncella,NOUN
",",PUNCT
ropa,NOUN
",",PUNCT
alhajas,NOUN
y,CCONJ
algún,DET
dinero,NOUN
",",PUNCT
volviendo,VERB
en,ADP
seguida,NOUN
al,ADP
navío,NOUN
muy,ADV
ocultamente,ADV
para,ADP
no,ADV
ser,AUX
sentidos,NOUN
ni,CCONJ
por,ADP
nuestro,DET
capitán,NOUN
",",PUNCT
Heinrich,PROPN
Paimen,PROPN
",",PUNCT
ni,CCONJ
por,ADP
otra,DET
persona,NOUN
alguna,ADJ
de,ADP
los,DET
del,ADP
navío,NOUN
;,PUNCT
sólo,ADV
la,DET
guardia,NOUN
se,PRON
apercibió,VERB
de,ADP
ello,PRON
",",PUNCT
por,ADP
ser,AUX
la,DET
media,NUM
noche,NOUN
.,PUNCT
"
",SPACE
Y,CCONJ
cuando,SCONJ
nos,PRON
hicimos,VERB
á,ADP
la,DET
vela,NOUN
de,ADP
mañana,ADV
",",PUNCT
antes,ADV
de,ADP
andar,VERB
más,ADV
de,ADP
unas,PRON
2,NUM
ó,CCONJ
3,NUM
millas,NOUN
(,PUNCT
leguas,NOUN
),PUNCT
se,PRON
armó,VERB
un,DET
fuerte,ADJ
temporal,ADJ
que,PRON
nos,PRON
obligó,VERB
á,ADP
volver,VERB
á,ADP
entrar,VERB
en,ADP
el,DET
mismo,DET
puerto,NOUN
de,ADP
donde,PRON
acabábamos,VERB
de,ADP
salir,VERB
.,PUNCT
Mas,PRON
después,ADV
que,SCONJ
largamos,VERB
nuestras,DET
anclas,NOUN
al,ADP
agua,NOUN
",",PUNCT
se,PRON
le,PRON
antojó,VERB
á,ADP
nuestro,DET
capitán,NOUN
",",PUNCT
el,DET
dicho,ADJ
Heinrich,PROPN
Paimen,PROPN
",",PUNCT
desembarcar,VERB
en,ADP
un,DET
pequeñoEn,NOUN
el,DET
mismo,DET
instante,NOUN
uno,PRON
de,ADP
su,DET
gente,NOUN
le,PRON
advirtió,VERB
que,SCONJ
no,ADV
saltase,VERB
á,ADP
tierra,NOUN
sino,CCONJ
que,SCONJ
se,PRON
volviese,VERB
á,ADP
bordo,NOUN
;,PUNCT
entonces,ADV
el,DET
capitán,NOUN
se,PRON
dispuso,VERB
regresar,VERB
al,ADP
navío,NOUN
",",PUNCT
mas,ADV
no,ADV
le,PRON
dieron,VERB
tiempo,NOUN
;,PUNCT
porque,SCONJ
los,DET
de,ADP
tierra,NOUN
se,PRON
le,PRON
habían,AUX
acercado,VERB
demasiado,ADV
en,ADP
otras,DET
barquillas,NOUN
",",PUNCT
que,PRON
estaban,VERB
allí,ADV
ya,ADV
preparadas,ADJ
:,PUNCT
con,ADP
esto,PRON
y,CCONJ
todo,PRON
logró,VERB
escapárseles,VERB
á,ADP
otro,DET
navío,NOUN
que,PRON
se,PRON
hallaba,VERB
más,ADV
cerca,ADV
de,ADP
la,DET
tierra,NOUN
.,PUNCT
Como,SCONJ
la,DET
gente,NOUN
no,ADV
pudo,AUX
tomarlo,VERB
en,ADP
seguida,NOUN
hicieron,VERB
tocar,VERB
á,ADP
rebato,NOUN
en,ADP
la,DET
ciudad,NOUN
de,ADP
Palman,PROPN
",",PUNCT
cargaron,VERB
2,NUM
piezas,NOUN
de,ADP
artillería,NOUN
gruesa,ADJ
",",PUNCT
y,CCONJ
con,ADP
ellas,PRON
hicieron,VERB
4,NUM
descargas,NOUN
contra,ADP
nuestro,DET
navío,NOUN
",",PUNCT
pues,SCONJ
nos,PRON
hallábamos,VERB
no,ADV
muy,ADV
distantes,ADJ
de,ADP
la,DET
tierra,NOUN
.,PUNCT
Con,ADP
el,DET
primer,ADJ
tiro,NOUN
nos,PRON
agujerearon,VERB
el,DET
canjilón,NOUN
que,PRON
estaba,VERB
en,ADP
la,DET
popa,NOUN
lleno,ADJ
de,ADP
agua,NOUN
fresca,ADJ
",",PUNCT
de,ADP
la,DET
que,PRON
se,PRON
derramaron,VERB
5,NUM
ó,CCONJ
6,NUM
baldadas,ADJ
.,PUNCT
Después,ADV
nos,PRON
hicieron,VERB
pedazos,NOUN
la,DET
mesana,NOUN
",",PUNCT
que,PRON
es,AUX
el,DET
último,ADJ
mástil,NOUN
",",PUNCT
el,DET
más,ADV
inmediato,ADJ
á,ADP
la,DET
popa,NOUN
.,PUNCT
El,DET
tercero,ADJ
nos,PRON
acertó,VERB
abriéndonos,VERB
un,DET
boquerón,NOUN
en,ADP
el,DET
costado,NOUN
del,ADP
navío,NOUN
",",PUNCT
y,CCONJ
nos,PRON
mató,VERB
un,DET
hombre,NOUN
.,PUNCT
El,DET
cuarto,ADJ
nos,PRON
erró,VERB
del,ADP
todo,PRON
.,PUNCT
"

",SPACE
Estaba,VERB
también,ADV
otro,DET
capitán,NOUN
presente,ADJ
que,PRON
tenía,VERB
su,DET
navío,NOUN
á,ADP
la,DET
par,NOUN
del,ADP
nuestro,PRON
",",PUNCT
con,ADP
rumbo,NOUN
á,ADP
New,PROPN
Hispanien,PROPN
(,PUNCT
Nueva,PROPN
España,PROPN
),PUNCT
(,PUNCT
ó,CCONJ
sea,NOUN
),PUNCT
Mechssekhen,PROPN
(,PUNCT
México,PROPN
):,PUNCT
este,PRON
se,PRON
hallaba,VERB
en,ADP
tierra,NOUN
con,ADP
150,NUM
hombres,NOUN
",",PUNCT
y,CCONJ
cuando,SCONJ
supo,VERB
de,ADP
nuestro,DET
combate,NOUN
",",PUNCT
trató,VERB
de,ADP
hacer,VERB
las,DET
paces,NOUN
entre,ADP
nosotros,PRON
y,CCONJ
los,DET
de,ADP
la,DET
ciudad,NOUN
",",PUNCT
bajo,ADP
la,DET
condición,NOUN
de,ADP
entregarles,VERB
las,DET
personas,NOUN
de,ADP
ton,NOUN
Jerg,PROPN
Manthossa,PROPN
",",PUNCT
la,DET
hija,NOUN
del,ADP
vecino,NOUN
y,CCONJ
su,DET
sirvienta,NOUN
.,PUNCT
No,ADV
tardaron,VERB
en,ADP
presentarse,VERB
el,DET
Stathalter,PROPN
(,PUNCT
Regidor,PROPN
),PUNCT
y,CCONJ
el,DET
Richter,PROPN
(,PUNCT
Alcalde,PROPN
),PUNCT
en,ADP
nuestro,DET
navío,NOUN
",",PUNCT
pretendiendo,VERB
llevarse,VERB
presos,NOUN
á,ADP
thon,PROPN
Jerg,PROPN
Manthossa,PROPN
y,CCONJ
á,ADP
sus,DET
cómplices,NOUN
.,PUNCT
Al,ADP
punto,NOUN
les,PRON
contestó,VERB
él,PRON
que,SCONJ
era,AUX
ella,PRON
su,DET
legítima,ADJ
mujer,NOUN
",",PUNCT
y,CCONJ
á,ADP
ella,PRON
no,ADV
se,PRON
le,PRON
ocurrió,VERB
decir,VERB
otra,DET
cosa,NOUN
",",PUNCT
casándose,VERB
en,ADP
seguida,ADJ
",",PUNCT
con,ADP
gran,ADJ
disgusto,NOUN
del,ADP
afligido,ADJ
padre,NOUN
;,PUNCT
y,CCONJ
nuestro,DET
navío,NOUN
quedó,VERB
muy,ADV
estropeado,ADJ
de,ADP
resultas,NOUN
de,ADP
los,DET
balazos,NOUN
.,PUNCT
"

",SPACE
CAPÍTULO,PROPN
III,PROPN
"
",SPACE
VIAJE,PROPN
DE,ADP
LA,DET
PALMA,PROPN
Á,PROPN
SANTIAGO,PROPN
"

",SPACE
Después,ADV
de,ADP
todo,DET
esto,PRON
dejamos,VERB
en,ADP
tierra,NOUN
á,ADP
ton,NOUN
Jerg,PROPN
Manthossa,PROPN
y,CCONJ
á,ADP
su,DET
mujer,NOUN
",",PUNCT
porque,SCONJ
nuestro,DET
capitán,NOUN
no,ADV
quería,VERB
tenerlos,VERB
más,ADV
á,ADP
su,DET
bordo,NOUN
.,PUNCT
"
",SPACE
Volvimos,VERB
á,ADP
aprestar,VERB
nuestro,DET
navío,NOUN
y,CCONJ
navegamos,VERB
hasta,ADP
llegar,VERB
á,ADP
una,DET
isla,NOUN
ó,CCONJ
tierra,NOUN
que,PRON
se,PRON
llama,VERB
de,ADP
San,PROPN
Jacob,PROPN
",",PUNCT
ó,CCONJ
sea,AUX
en,ADP
español,NOUN
Augo,PROPN
(,PUNCT
Santiago,PROPN
):,PUNCT
es,AUX
una,DET
ciudad,NOUN
que,PRON
depende,VERB
del,ADP
rey,NOUN
de,ADP
Portugal,PROPN
;,PUNCT
los,DET
Portugueses,PROPN
mandan,VERB
en,ADP
el,DET
pueblo,NOUN
y,CCONJ
los,DET
Negros,PROPN
les,PRON
sirven,VERB
.,PUNCT
Esta,DET
ciudad,NOUN
está,AUX
á,ADP
300,NUM
millas,NOUN
(,PUNCT
leguas,NOUN
),PUNCT
de,ADP
la,DET
dicha,ADJ
isla,NOUN
de,ADP
Polman,PROPN
(,PUNCT
la,DET
Palma,PROPN
),PUNCT
de,ADP
donde,PRON
habíamos,AUX
salido,VERB
.,PUNCT
Permanecimos,VERB
allí,ADV
5,NUM
días,NOUN
",",PUNCT
y,CCONJ
de,ADP
nuevo,ADJ
abastecimos,VERB
el,DET
navío,NOUN
de,ADP
provisiones,NOUN
frescas,ADJ
y,CCONJ
de,ADP
mesa,NOUN
",",PUNCT
como,SCONJ
ser,NOUN
:,PUNCT
pan,NOUN
",",PUNCT
carne,NOUN
",",PUNCT
agua,NOUN
y,CCONJ
todo,DET
lo,PRON
demás,PRON
que,PRON
se,PRON
necesita,VERB
en,ADP
alta,NOUN
mar,NOUN
.,PUNCT
"

",SPACE
CAPÍTULO,PROPN
IV,PROPN
"
",SPACE
VIAJAN,PROPN
POR,ADP
ALTA,PROPN
MAR,PROPN
Y,CCONJ
DESCRIBE,PROPN
SUS,DET
MARAVILLAS,PROPN
"
",SPACE
Así,ADV
toda,DET
la,DET
flota,NOUN
",",PUNCT
á,ADP
saber,VERB
los,DET
14,NUM
navíos,NOUN
",",PUNCT
se,PRON
volvieron,VERB
á,ADP
reunir,VERB
.,PUNCT
Nuevamente,ADV
salimos,VERB
mar,NOUN
afuera,ADV
y,CCONJ
navegamos,VERB
por,ADP
dos,NUM
meses,NOUN
hasta,ADP
que,SCONJ
arribamos,VERB
á,ADP
una,DET
isla,NOUN
en,ADP
que,PRON
no,ADV
había,AUX
más,ADV
que,SCONJ
aves,NOUN
que,PRON
matábamos,VERB
á,ADP
garrotazos,NOUN
.,PUNCT
En,ADP
este,DET
lugar,NOUN
demoramos,VERB
3,NUM
días,NOUN
.,PUNCT
La,DET
isla,NOUN
está,VERB
del,ADP
todo,PRON
despoblada,ADJ
;,PUNCT
tiene,VERB
de,ADP
ancho,NOUN
y,CCONJ
largo,ADJ
unas,PRON
6,NUM
millas,NOUN
(,PUNCT
leguas,NOUN
),PUNCT
á,ADP
todo,DET
viento,NOUN
y,CCONJ
dista,ADJ
de,ADP
la,DET
susodicha,ADJ
isla,NOUN
de,ADP
San,PROPN
Augo,PROPN
(,PUNCT
Santiago,PROPN
),PUNCT
",",PUNCT
de,ADP
donde,PRON
habíamos,AUX
partido,NOUN
",",PUNCT
1.500,NUM
millas,NOUN
(,PUNCT
leguas,NOUN
),PUNCT
.,PUNCT
"
",SPACE
En,ADP
este,DET
mar,NOUN
hay,AUX
peces,NOUN
voladores,ADJ
",",PUNCT
y,CCONJ
otros,PRON
muy,ADV
grandes,ADJ
de,ADP
la,DET
especie,NOUN
de,ADP
las,DET
ballenas,NOUN
;,PUNCT
otros,PRON
también,ADV
grandes,ADJ
",",PUNCT
llamados,ADJ
Ichaub-huet-fischs,PROPN
(,PUNCT
pez,NOUN
sombrero,NOUN
de,ADP
paja,NOUN
),PUNCT
en,ADP
razón,NOUN
de,ADP
que,SCONJ
un,DET
disco,NOUN
extremadamente,ADV
grande,ADJ
les,PRON
tapa,VERB
la,DET
cabeza,NOUN
",",PUNCT
con,ADP
el,DET
que,PRON
pueden,AUX
ofender,VERB
á,ADP
los,DET
demás,DET
peces,NOUN
en,ADP
sus,DET
peleas,NOUN
.,PUNCT
Son,AUX
peces,NOUN
de,ADP
mucha,DET
fuerza,NOUN
y,CCONJ
muy,ADV
malos,ADJ
.,PUNCT
Otros,PRON
hay,AUX
de,ADP
cuyo,PRON
lomo,NOUN
nace,VERB
una,DET
especie,NOUN
de,ADP
cuchilla,NOUN
de,ADP
hueso,NOUN
de,ADP
ballena,NOUN
",",PUNCT
y,CCONJ
se,PRON
llaman,VERB
en,ADP
castellano,NOUN
pes,PROPN
espade,PROPN
(,PUNCT
pez,NOUN
espada,ADJ
),PUNCT
;,PUNCT
y,CCONJ
más,ADV
otros,PRON
con,ADP
un,DET
serrucho,NOUN
de,ADP
hueso,NOUN
de,ADP
ballena,NOUN
que,PRON
también,ADV
arranca,VERB
del,ADP
lomo,NOUN
;,PUNCT
son,AUX
malos,ADJ
y,CCONJ
grandes,ADJ
:,PUNCT
se,PRON
llaman,VERB
pese,NOUN
de,ADP
sere,PROPN
(,PUNCT
pez,NOUN
sierra,NOUN
),PUNCT
.,PUNCT
Aparte,ADV
de,ADP
estos,PRON
son,AUX
muchos,PRON
los,DET
peces,NOUN
raros,ADJ
que,PRON
hay,AUX
",",PUNCT
cuya,PRON
forma,NOUN
",",PUNCT
tamaño,NOUN
y,CCONJ
cualidades,NOUN
no,ADV
puedo,AUX
describir,VERB
yo,PRON
en,ADP
esta,DET
vez,NOUN
.,PUNCT
"

",SPACE
CAPÍTULO,PROPN
V,PROPN
"
",SPACE
LLEGADA,PROPN
Á,PROPN
RÍO,PROPN
DEL,ADP
JANEIRO,PROPN
Y,CCONJ
MUERTE,PROPN
DE,ADP
OSORIO,PROPN
"
",SPACE
Después,ADV
navegamos,VERB
de,ADP
esta,DET
isla,NOUN
á,ADP
otra,PRON
que,PRON
se,PRON
llama,VERB
Río,PROPN
Genna,PROPN
(,PUNCT
Río,PROPN
Janeiro,PROPN
),PUNCT
á,ADP
500,NUM
millas,NOUN
de,ADP
la,DET
anterior,ADJ
",",PUNCT
dependencia,NOUN
del,ADP
rey,NOUN
de,ADP
Portugal,PROPN
:,PUNCT
esta,PRON
es,AUX
la,DET
isla,NOUN
de,ADP
Rio,PROPN
Genna,PROPN
(,PUNCT
Río,PROPN
del,ADP
Janeiro,PROPN
),PUNCT
en,ADP
Inndia,PROPN
(,PUNCT
Indias,PROPN
),PUNCT
y,CCONJ
los,DET
Indios,PROPN
se,PRON
llaman,VERB
Thopiss,PROPN
(,PUNCT
Tupís,PROPN
),PUNCT
.,PUNCT
Allí,ADV
nos,PRON
quedamos,VERB
unos,PRON
14,NUM
días,NOUN
.,PUNCT
Fué,VERB
aquí,ADV
que,SCONJ
thonn,PROPN
Pietro,PROPN
Manthossa,PROPN
",",PUNCT
nuestro,DET
capitán,NOUN
general,ADJ
",",PUNCT
dispuso,VERB
que,SCONJ
Hanss,PROPN
Ossorio,PROPN
(,PUNCT
Juan,PROPN
de,ADP
Osorio,PROPN
),PUNCT
",",PUNCT
como,SCONJ
que,SCONJ
era,AUX
su,DET
hermano,NOUN
adoptivo,ADJ
",",PUNCT
nos,PRON
mandase,VERB
en,ADP
calidad,NOUN
de,ADP
su,DET
lugarteniente,NOUN
;,PUNCT
porque,SCONJ
él,PRON
seguía,VERB
siempre,ADV
sin,ADP
acción,NOUN
",",PUNCT
tullido,ADJ
y,CCONJ
enfermo,NOUN
.,PUNCT
Así,ADV
las,DET
cosas,NOUN
él,PRON
",",PUNCT
Hans,PROPN
(,PUNCT
Juan,PROPN
),PUNCT
Ossorio,PROPN
",",PUNCT
no,ADV
tardó,VERB
en,ADP
ser,AUX
malquistadoy,NOUN
calumniado,ADJ
ante,ADP
thonn,PROPN
Pietro,PROPN
Manthossa,PROPN
",",PUNCT
su,DET
hermano,NOUN
jurado,ADJ
",",PUNCT
y,CCONJ
la,DET
acusación,NOUN
era,AUX
que,SCONJ
trataba,VERB
de,ADP
sublevarle,VERB
la,DET
gente,NOUN
á,ADP
thonn,PROPN
Pietro,PROPN
Manthossa,PROPN
",",PUNCT
el,DET
capitán,NOUN
general,ADJ
.,PUNCT
Con,ADP
este,DET
pretexto,NOUN
él,PRON
",",PUNCT
thonn,PROPN
Pietro,PROPN
Manthossa,PROPN
",",PUNCT
ordenó,VERB
á,ADP
otros,PRON
4,NUM
capitanes,NOUN
llamados,ADJ
Joan,PROPN
Eyolas,PROPN
(,PUNCT
Ayolas,PROPN
),PUNCT
",",PUNCT
Hanns,PROPN
Salesser,PROPN
(,PUNCT
Juan,PROPN
Salazar,PROPN
),PUNCT
",",PUNCT
Jerg,PROPN
Luchllem,PROPN
(,PUNCT
Jorge,PROPN
Luján,PROPN
),PUNCT
y,CCONJ
Lazarus,PROPN
Sallvaischo,PROPN
que,PRON
matasen,VERB
al,ADP
dicho,ADJ
Hanns,PROPN
Assario,PROPN
(,PUNCT
Juan,PROPN
Osorio,PROPN
),PUNCT
á,ADP
puñaladas,NOUN
",",PUNCT
ó,CCONJ
como,SCONJ
mejor,ADV
pudiesen,VERB
",",PUNCT
y,CCONJ
que,SCONJ
lo,PRON
tirasen,VERB
al,ADP
medio,NOUN
de,ADP
la,DET
plaza,NOUN
por,ADP
traidor,NOUN
.,PUNCT
Más,ADV
aún,ADV
",",PUNCT
hizo,VERB
publicar,VERB
por,ADP
bando,NOUN
que,SCONJ
nadie,PRON
osase,VERB
compadecerse,VERB
de,ADP
Assirio,PROPN
(,PUNCT
Osorio,PROPN
),PUNCT
so,ADP
pena,NOUN
de,ADP
correr,VERB
la,DET
misma,DET
suerte,NOUN
",",PUNCT
fuere,VERB
quien,PRON
fuere,AUX
.,PUNCT
Se,PRON
le,PRON
hizo,VERB
injusticia,NOUN
",",PUNCT
como,SCONJ
lo,PRON
sabe,VERB
Dios,PROPN
el,DET
Todopoderoso,PROPN
",",PUNCT
y,CCONJ
que,SCONJ
El,DET
lo,PRON
favorezca,VERB
;,PUNCT
porque,SCONJ
fué,AUX
aquel,DET
un,DET
hombre,NOUN
piadoso,ADJ
y,CCONJ
recto,ADJ
",",PUNCT
buen,ADJ
soldado,NOUN
",",PUNCT
que,PRON
sabía,VERB
mantener,VERB
el,DET
orden,NOUN
y,CCONJ
disciplina,NOUN
entre,ADP
la,DET
gente,NOUN
de,ADP
pelea,NOUN
.,PUNCT
"

",SPACE
CAPÍTULO,PROPN
VI,PROPN
"
",SPACE
LLEGAN,PROPN
AL,ADP
RÍO,PROPN
DE,ADP
LA,DET
PLATA,PROPN
Y,CCONJ
PUERTO,PROPN
DE,ADP
SAN,PROPN
GABRIEL,PROPN
.,PUNCT
LOS,DET
CHARRÚA,PROPN
.,PUNCT
"
",SPACE
De,ADP
allí,ADV
navegamos,VERB
al,ADP
Rio,PROPN
de,ADP
le,PRON
Platta,PROPN
y,CCONJ
dimos,VERB
con,ADP
una,DET
corriente,NOUN
de,ADP
agua,NOUN
dulce,ADJ
",",PUNCT
que,PRON
se,PRON
llama,VERB
Parnau,PROPN
Wassu,PROPN
(,PUNCT
Paraná,PROPN
Guazú,PROPN
),PUNCT
",",PUNCT
y,CCONJ
tiene,VERB
de,ADP
ancho,NOUN
en,ADP
la,DET
boca,NOUN
",",PUNCT
donde,PRON
deja,VERB
de,ADP
ser,AUX
mar,NOUN
",",PUNCT
una,DET
extensión,NOUN
de,ADP
42,NUM
millas,NOUN
(,PUNCT
leguas,NOUN
),PUNCT
de,ADP
camino,NOUN
",",PUNCT
y,CCONJ
desde,ADP
Río,PROPN
Gena,PROPN
a,ADP
esta,DET
agua,NOUN
se,PRON
cuentan,VERB
500,NUM
millas,NOUN
(,PUNCT
leguas,NOUN
),PUNCT
de,ADP
camino,NOUN
.,PUNCT
"
",SPACE
En,ADP
seguida,NOUN
arribamos,VERB
á,ADP
una,DET
bahía,NOUN
que,PRON
se,PRON
llama,VERB
Sannt,PROPN
Gabriehel,PROPN
(,PUNCT
San,PROPN
Gabriel,PROPN
),PUNCT
y,CCONJ
allí,ADV
en,ADP
la,DET
susodicha,ADJ
agua,NOUN
corriente,ADJ
Parnau,PROPN
largamos,VERB
las,DET
anclas,NOUN
de,ADP
nuestros,DET
14,NUM
navíos,NOUN
.,PUNCT
Y,CCONJ
como,SCONJ
tuviésemos,VERB
que,SCONJ
hacer,VERB
quedar,VERB
los,DET
navíos,NOUN
mayores,ADJ
á,ADP
un,DET
tiro,NOUN
de,ADP
arcabuz,NOUN
de,ADP
la,DET
tierra,NOUN
",",PUNCT
nuestro,DET
general,NOUN
Pietro,PROPN
Manthossa,PROPN
había,AUX
ordenado,VERB
y,CCONJ
mandado,VERB
que,SCONJ
los,DET
marineros,NOUN
desembarcasen,VERB
la,DET
gente,NOUN
en,ADP
los,DET
pequeños,ADJ
esquifes,VERB
",",PUNCT
que,PRON
con,ADP
este,DET
fin,NOUN
estaban,AUX
ya,ADV
dispuestos,ADJ
",",PUNCT
y,CCONJ
se,PRON
llaman,VERB
podel,VERB
ó,CCONJ
poet,NOUN
(,PUNCT
batel,NOUN
ó,CCONJ
bote,NOUN
),PUNCT
.,PUNCT
Así,ADV
pues,NOUN
",",PUNCT
con,ADP
el,DET
favor,NOUN
de,ADP
Dios,PROPN
llegamos,VERB
al,ADP
Rio,PROPN
de,ADP
la,DET
Platta,PROPN
el,DET
año,NOUN
1535,NUM
.,PUNCT
"
",SPACE
Allí,ADV
nos,PRON
encontramos,VERB
con,ADP
un,DET
pueblo,NOUN
de,ADP
Indios,PROPN
llamados,ADJ
Zechuruass,PROPN
(,PUNCT
Charrúas,PROPN
),PUNCT
que,PRON
constaba,VERB
como,SCONJ
de,ADP
unos,PRON
2.000,NUM
hombres,NOUN
",",PUNCT
y,CCONJ
que,SCONJ
no,ADV
tenían,VERB
más,ADV
de,ADP
comer,VERB
que,SCONJ
pescado,NOUN
y,CCONJ
carne,NOUN
.,PUNCT
Estos,PRON
al,ADP
llegar,VERB
nosotros,PRON
",",PUNCT
habían,AUX
abandonado,VERB
el,DET
pueblo,NOUN
huyendo,VERB
con,ADP
mujeres,NOUN
é,CCONJ
hijos,NOUN
",",PUNCT
de,ADP
suerte,NOUN
que,PRON
no,ADV
pudimos,AUX
dar,VERB
con,ADP
ellos,PRON
.,PUNCT
Esta,DET
nación,NOUN
de,ADP
Indios,PROPN
se,PRON
anda,VERB
en,ADP
cueros,NOUN
vivos,ADJ
",",PUNCT
mientras,CCONJ
que,SCONJ
sus,DET
mujeres,NOUN
se,PRON
tapan,VERB
las,DET
vergüenzas,NOUN
con,ADP
un,DET
paño,NOUN
de,ADP
algodón,NOUN
que,PRON
les,PRON
cubre,VERB
desde,ADP
el,DET
ombligo,NOUN
hasta,ADP
la,DET
rodilla,NOUN
.,PUNCT
"
",SPACE
Entonces,ADV
el,DET
general,ADJ
thon,PROPN
Pietro,PROPN
Manthossa,PROPN
mandó,VERB
que,SCONJ
se,PRON
vuelva,VERB
á,ADP
embarcar,VERB
la,DET
gente,NOUN
",",PUNCT
y,CCONJ
que,SCONJ
la,PRON
hagan,VERB
pasar,VERB
á,ADP
la,DET
otra,DET
banda,NOUN
del,ADP
agua,NOUN
Pernaw,PROPN
(,PUNCT
Paraná,PROPN
),PUNCT
",",PUNCT
que,PRON
allí,ADV
no,ADV
tiene,VERB
más,ADV
anchura,NOUN
que,SCONJ
8,NUM
millas,NOUN
(,PUNCT
leguas,NOUN
),PUNCT
de,ADP
camino,NOUN
.,PUNCT
"

",SPACE
CAPÍTULO,PROPN
VII,PROPN
"
",SPACE
LA,DET
CIUDAD,NOUN
DE,ADP
BUENOS,PROPN
AIRES,PROPN
Y,CCONJ
LOS,DET
INDIOS,NOUN
QUERANDÍ,NUM
"

",SPACE
Allí,ADV
levantamos,VERB
una,DET
ciudad,NOUN
que,PRON
se,PRON
llamó,VERB
Bonas,PROPN
Ayers,PROPN
(,PUNCT
Buenos,PROPN
Aires,PROPN
),PUNCT
",",PUNCT
esto,NOUN
es,AUX
en,ADP
alemán,NOUN
—,PROPN
gueter,PROPN
windt,PROPN
(,PUNCT
buen,ADJ
viento,NOUN
),PUNCT
.,PUNCT
También,ADV
traíamos,VERB
de,ADP
España,PROPN
",",PUNCT
en,ADP
los,DET
14,NUM
navíos,NOUN
",",PUNCT
72,NUM
caballos,NOUN
y,CCONJ
yeguas,NOUN
.,PUNCT
"
",SPACE
En,ADP
esta,DET
tierra,NOUN
dimos,VERB
con,ADP
un,DET
pueblo,NOUN
en,ADP
que,PRON
estaba,AUX
una,DET
nación,NOUN
de,ADP
Indios,PROPN
llamados,ADJ
Carendies,PROPN
",",PUNCT
como,SCONJ
de,ADP
2.000,NUM
hombres,NOUN
con,ADP
las,DET
mujeres,NOUN
é,CCONJ
hijos,NOUN
",",PUNCT
y,CCONJ
su,DET
vestir,VERB
era,AUX
como,SCONJ
el,DET
de,ADP
los,DET
Zechurg,PROPN
(,PUNCT
Charrúa,PROPN
),PUNCT
",",PUNCT
del,ADP
ombligo,NOUN
á,ADP
las,DET
rodillas,NOUN
;,PUNCT
nos,PRON
trajeron,VERB
de,ADP
comer,VERB
",",PUNCT
carne,NOUN
y,CCONJ
pescado,NOUN
.,PUNCT
Estos,DET
Carendies,PROPN
(,PUNCT
Querandí,PROPN
),PUNCT
no,ADV
tienen,VERB
habitaciones,NOUN
propias,ADJ
",",PUNCT
sino,CCONJ
que,SCONJ
dan,VERB
vueltas,NOUN
á,ADP
la,DET
tierra,NOUN
",",PUNCT
como,SCONJ
los,DET
Gitanos,PROPN
en,ADP
nuestro,DET
país,NOUN
;,PUNCT
y,CCONJ
cuando,SCONJ
viajan,VERB
en,ADP
el,DET
verano,NOUN
suelen,VERB
andarse,VERB
más,ADV
de,ADP
30,NUM
millas,NOUN
(,PUNCT
leguas,NOUN
),PUNCT
por,ADP
tierra,NOUN
enjuta,ADJ
sin,ADP
hallar,VERB
una,DET
gota,NOUN
de,ADP
agua,NOUN
que,PRON
poder,AUX
beber,VERB
.,PUNCT
Si,SCONJ
logran,VERB
cazar,VERB
ciervos,NOUN
ú,CCONJ
otras,DET
piezas,NOUN
del,ADP
campo,NOUN
",",PUNCT
entonces,ADV
se,PRON
beben,VERB
la,DET
sangre,NOUN
.,PUNCT
También,ADV
hallan,VERB
á,ADP
veces,NOUN
una,DET
raíz,NOUN
que,PRON
llaman,VERB
Cardes,PROPN
(,PUNCT
Cardos,PROPN
),PUNCT
la,DET
que,PRON
comen,VERB
por,ADP
la,DET
sed,NOUN
.,PUNCT
Se,PRON
entiende,VERB
que,SCONJ
lo,PRON
de,ADP
beberse,VERB
la,DET
sangre,NOUN
sólo,ADV
se,PRON
acostumbra,VERB
cuando,SCONJ
les,PRON
falta,VERB
el,DET
agua,NOUN
ó,CCONJ
lo,PRON
que,PRON
la,PRON
suple,VERB
;,PUNCT
porque,SCONJ
de,ADP
otra,DET
manera,NOUN
tal,NOUN
vez,NOUN
tendrían,VERB
que,SCONJ
morir,VERB
de,ADP
sed,NOUN
.,PUNCT
"
",SPACE
Estos,DET
Carendies,NOUN
traían,VERB
á,ADP
nuestro,DET
real,NOUN
y,CCONJ
compartían,VERB
con,ADP
nosotros,PRON
sus,DET
miserias,NOUN
de,ADP
pescado,NOUN
y,CCONJ
de,ADP
carne,NOUN
por,ADP
14,NUM
días,NOUN
sin,ADP
faltar,VERB
más,ADV
que,SCONJ
uno,PRON
en,ADP
que,PRON
no,ADV
vinieron,VERB
.,PUNCT
Entonces,ADV
nuestro,DET
general,NOUN
thonn,PROPN
Pietro,PROPN
Manthossa,PROPN
despachó,VERB
un,DET
alcalde,NOUN
llamado,ADJ
Johann,PROPN
Pabón,PROPN
",",PUNCT
y,CCONJ
él,PRON
y,CCONJ
2,NUM
de,ADP
á,NOUN
caballo,NOUN
se,PRON
arrimaron,VERB
á,ADP
los,DET
tales,ADJ
Carendies,PROPN
",",PUNCT
que,PRON
se,PRON
hallaban,VERB
á,ADP
4,NUM
millas,NOUN
(,PUNCT
leguas,NOUN
),PUNCT
de,ADP
nuestro,DET
real,ADJ
.,PUNCT
Y,CCONJ
cuando,SCONJ
llegaron,VERB
adonde,SCONJ
esta-,NOUN
"
",SPACE
ban,PROPN
los,DET
Indios,PROPN
",",PUNCT
acontecióles,NOUN
que,PRON
salieron,VERB
los,DET
3,NUM
bien,ADV
escarmentados,ADJ
",",PUNCT
teniéndose,VERB
que,SCONJ
volver,VERB
en,ADP
seguida,ADJ
á,ADP
nuestro,DET
real,ADJ
.,PUNCT
"
",SPACE
Pietro,PROPN
Manthossa,PROPN
",",PUNCT
nuestro,DET
capitán,NOUN
",",PUNCT
luego,ADV
que,SCONJ
supo,VERB
del,ADP
hecho,NOUN
por,ADP
boca,NOUN
del,ADP
alcalde,NOUN
",",PUNCT
(,PUNCT
quien,PRON
con,ADP
este,DET
objeto,NOUN
había,AUX
armado,VERB
cierto,DET
alboroto,NOUN
en,ADP
nuestro,DET
real,NOUN
),PUNCT
envió,VERB
á,ADP
Diego,PROPN
Manthossa,PROPN
",",PUNCT
su,DET
propio,DET
hermano,NOUN
",",PUNCT
con,ADP
300,NUM
lanskenetes,ADJ
y,CCONJ
30,NUM
de,ADP
á,ADP
caballo,NOUN
bien,ADV
pertrechados,ADJ
:,PUNCT
yo,PRON
iba,VERB
con,ADP
ellos,PRON
",",PUNCT
y,CCONJ
las,DET
órdenes,NOUN
eran,AUX
bien,ADV
apretadas,ADJ
de,ADP
tomar,VERB
presos,NOUN
ó,CCONJ
matar,VERB
á,ADP
todos,DET
estos,DET
Indios,PROPN
Carendies,PROPN
y,CCONJ
de,ADP
apoderarnos,VERB
de,ADP
su,DET
pueblo,NOUN
.,PUNCT
Mas,CCONJ
cuando,SCONJ
nos,PRON
acercamos,VERB
á,ADP
ellos,PRON
había,AUX
ya,ADV
unos,PRON
4.000,NUM
hombres,NOUN
",",PUNCT
porque,SCONJ
habían,AUX
reunido,VERB
á,ADP
sus,DET
amigos,NOUN
.,PUNCT
"

",SPACE
CAPÍTULO,ADJ
VIII,PROPN
"
",SPACE
LA,DET
BATALLA,PROPN
CON,ADP
LOS,DET
INDIOS,PROPN
QUERANDÍ,NUM
"

",SPACE
Y,CCONJ
cuando,SCONJ
les,PRON
llevamos,VERB
el,DET
asalto,NOUN
se,PRON
defendieron,VERB
con,ADP
tanto,DET
brío,NOUN
que,PRON
nos,PRON
dieron,VERB
harto,ADJ
que,SCONJ
hacer,VERB
en,ADP
aquel,DET
día,NOUN
.,PUNCT
Mataron,VERB
también,ADV
á,ADP
nuestro,DET
capitán,NOUN
thon,PROPN
Diego,PROPN
Manthossa,PROPN
y,CCONJ
con,ADP
él,PRON
á,CCONJ
6,NUM
hidalgos,NOUN
de,ADP
á,ADP
pie,NOUN
y,CCONJ
de,ADP
á,ADP
caballo,NOUN
.,PUNCT
De,ADP
los,DET
nuestros,DET
cayeron,VERB
unos,PRON
20,NUM
y,CCONJ
de,ADP
los,DET
de,ADP
ellos,PRON
como,SCONJ
mil,NUM
.,PUNCT
Así,ADV
",",PUNCT
pues,SCONJ
",",PUNCT
se,PRON
batieron,VERB
tan,ADV
furiosamente,ADV
que,SCONJ
salimos,VERB
nosotros,PRON
bien,ADV
escarmentados,ADJ
.,PUNCT
Así,ADV
",",PUNCT
pues,SCONJ
",",PUNCT
Dios,PROPN
",",PUNCT
que,PRON
todo,PRON
lo,PRON
puede,AUX
",",PUNCT
tuvo,VERB
á,ADP
bien,ADV
darnos,VERB
el,DET
triunfo,NOUN
",",PUNCT
y,CCONJ
nos,PRON
permitió,VERB
tomarles,VERB
el,DET
pueblo,NOUN
;,PUNCT
mas,ADV
no,ADV
alcanzamos,VERB
á,ADP
apresar,VERB
uno,PRON
sólo,ADV
de,ADP
aquellos,PRON
Indios,PROPN
",",PUNCT
porque,SCONJ
sus,DET
mujeres,NOUN
é,CCONJ
hijos,NOUN
ya,ADV
con,ADP
tiempo,NOUN
habían,AUX
huido,VERB
de,ADP
su,DET
pueblo,NOUN
antes,ADV
de,ADP
atacarlos,VERB
nosotros,PRON
.,PUNCT
En,ADP
este,DET
pueblo,NOUN
de,ADP
ellos,PRON
no,ADV
hallamos,VERB
más,ADV
que,SCONJ
mantos,NOUN
de,ADP
nuederen,PROPN
(,PUNCT
nutrias,NOUN
),PUNCT
ó,CCONJ
ytteren,VERB
como,SCONJ
se,PRON
llaman,VERB
",",PUNCT
iten,VERB
harto,ADJ
pescado,NOUN
",",PUNCT
harina,NOUN
y,CCONJ
grasa,NOUN
del,ADP
mismo,PRON
;,PUNCT
allí,ADV
nos,PRON
detuvimos,VERB
3,NUM
días,NOUN
y,CCONJ
recién,ADV
nos,PRON
volvimos,VERB
al,ADP
real,NOUN
",",PUNCT
dejando,VERB
unos,PRON
100,NUM
de,ADP
los,DET
nuestros,DET
en,ADP
el,DET
pueblo,NOUN
para,ADP
que,SCONJ
pescasen,VERB
con,ADP
las,DET
redes,NOUN
de,ADP
los,DET
Indios,PROPN
y,CCONJ
con,ADP
ello,PRON
abasteciesen,VERB
ánuestra,ADJ
gente,NOUN
;,PUNCT
porque,SCONJ
eran,AUX
aquellas,DET
aguas,NOUN
muy,ADV
abundantes,ADJ
de,ADP
pescado,NOUN
;,PUNCT
la,DET
ración,NOUN
de,ADP
cada,DET
uno,PRON
era,AUX
de,ADP
6,NUM
onzas,NOUN
de,ADP
harina,NOUN
de,ADP
trigo,NOUN
por,ADP
día,NOUN
y,CCONJ
al,ADP
tercero,ADJ
un,DET
pescado,NOUN
.,PUNCT
La,DET
tal,DET
pesquería,NOUN
duró,VERB
dos,NUM
meses,NOUN
largos,ADJ
;,PUNCT
el,DET
que,PRON
quería,VERB
aumentar,VERB
un,DET
pescado,NOUN
á,ADP
la,DET
ración,NOUN
se,PRON
tenía,VERB
que,SCONJ
andar,VERB
4,NUM
millas,NOUN
(,PUNCT
leguas,NOUN
),PUNCT
para,ADP
conseguirlo,VERB
.,PUNCT
"

",SPACE
CAPÍTULO,PROPN
IX,PROPN
"
",SPACE
SE,PRON
FORTIFICA,PROPN
BUENOS,PROPN
AIRES,PROPN
Y,CCONJ
SE,PRON
PADECE,ADJ
HAMBRE,ADJ
"

",SPACE
Y,CCONJ
cuando,SCONJ
volvimos,VERB
al,ADP
real,NOUN
se,PRON
repartió,VERB
la,DET
gente,NOUN
en,ADP
soldados,NOUN
y,CCONJ
trabajadores,NOUN
",",PUNCT
así,ADV
que,SCONJ
no,ADV
quedase,VERB
uno,PRON
sin,ADP
qué,PRON
hacer,VERB
.,PUNCT
Y,CCONJ
se,PRON
levantó,VERB
allí,ADV
una,DET
ciudad,NOUN
con,ADP
un,DET
muro,NOUN
de,ADP
tierra,NOUN
como,SCONJ
de,ADP
media,NUM
lanza,NOUN
de,ADP
alto,NOUN
á,ADP
la,DET
vuelta,NOUN
",",PUNCT
y,CCONJ
adentro,ADV
de,ADP
ella,PRON
una,DET
casa,NOUN
fuerte,ADJ
para,ADP
nuestro,DET
general,ADJ
;,PUNCT
el,DET
muro,NOUN
de,ADP
la,DET
ciudad,NOUN
tenía,VERB
de,ADP
ancho,NOUN
unos,PRON
3,NUM
pies,NOUN
;,PUNCT
mas,ADV
lo,PRON
que,PRON
un,DET
día,NOUN
se,PRON
levantaba,VERB
se,PRON
nos,PRON
venía,VERB
abajo,ADV
al,ADP
otro,PRON
;,PUNCT
á,ADP
esto,PRON
la,DET
gente,NOUN
no,ADV
tenía,VERB
qué,PRON
comer,VERB
",",PUNCT
se,PRON
moría,VERB
de,ADP
hambre,NOUN
",",PUNCT
y,CCONJ
la,DET
miseria,NOUN
era,AUX
grande,ADJ
;,PUNCT
por,ADP
fin,NOUN
llegó,VERB
á,ADP
tal,DET
grado,NOUN
que,PRON
ya,ADV
ni,CCONJ
los,DET
caballos,NOUN
servían,VERB
",",PUNCT
ni,CCONJ
alcanzaban,VERB
á,ADP
prestar,VERB
servicio,NOUN
alguno,DET
.,PUNCT
Así,ADV
aconteció,VERB
que,SCONJ
llegaron,VERB
á,ADP
tal,DET
punto,NOUN
la,DET
necesidad,NOUN
y,CCONJ
la,DET
miseria,NOUN
que,PRON
por,ADP
razón,NOUN
de,ADP
la,DET
hambruna,NOUN
yano,ADJ
quedaban,VERB
ni,CCONJ
ratas,NOUN
",",PUNCT
ratones,NOUN
",",PUNCT
ni,CCONJ
culebras,NOUN
",",PUNCT
ni,CCONJ
sabandija,VERB
alguna,PRON
que,PRON
nos,PRON
remediase,VERB
en,ADP
nuestra,DET
gran,ADJ
necesidad,NOUN
é,CCONJ
inaudita,NOUN
miseria,NOUN
;,PUNCT
llegamos,VERB
hasta,ADP
comernos,VERB
los,DET
zapatos,NOUN
y,CCONJ
cueros,NOUN
todos,PRON
.,PUNCT
"
",SPACE
Y,CCONJ
aconteció,VERB
que,SCONJ
tres,NUM
Españoles,PROPN
se,PRON
robaron,VERB
un,DET
rocín,NOUN
y,CCONJ
se,PRON
lo,PRON
comieron,VERB
sin,ADP
ser,AUX
sentidos,NOUN
;,PUNCT
mas,ADV
cuando,SCONJ
se,PRON
llegó,VERB
á,ADP
saber,VERB
los,PRON
mandaron,VERB
prender,VERB
é,CCONJ
hicieron,VERB
declarar,VERB
con,ADP
tormento,NOUN
;,PUNCT
y,CCONJ
luego,ADV
que,SCONJ
confesaron,VERB
el,DET
delito,NOUN
los,PRON
condenaron,VERB
á,ADP
muerte,NOUN
en,ADP
horca,NOUN
",",PUNCT
y,CCONJ
los,PRON
ajusticiaron,VERB
á,ADP
los,DET
tres,NUM
.,PUNCT
Esa,DET
misma,DET
noche,NOUN
otros,DET
Españoles,PROPN
se,PRON
arrimaron,VERB
á,ADP
los,DET
tres,NUM
colgados,ADJ
en,ADP
las,DET
horcas,NOUN
y,CCONJ
les,PRON
cortaron,VERB
los,DET
muslos,NOUN
y,CCONJ
otros,DET
pedazos,NOUN
de,ADP
carne,NOUN
y,CCONJ
cargaron,VERB
con,ADP
ellos,PRON
á,ADP
sus,DET
casas,NOUN
para,ADP
satisfacer,VERB
el,DET
hambre,NOUN
.,PUNCT
También,ADV
un,DET
Español,PROPN
se,PRON
comió,VERB
al,ADP
hermano,NOUN
que,PRON
había,AUX
muerto,VERB
en,ADP
la,DET
ciudad,NOUN
de,ADP
Bonas,PROPN
Ayers,PROPN
.,PUNCT
"

",SPACE
CAPÍTULO,PROPN
X,PROPN
"
",SPACE
EXPEDICIÓN,NOUN
DE,ADP
JORGE,PROPN
LUJÁN,ADJ
"

",SPACE
Ahora,ADV
",",PUNCT
pues,SCONJ
",",PUNCT
nuestro,DET
capitán,NOUN
general,ADJ
thon,PROPN
Pietro,PROPN
Manthossa,PROPN
vió,VERB
que,SCONJ
no,ADV
podía,AUX
mantener,VERB
la,DET
gente,NOUN
por,ADP
más,ADV
tiempo,NOUN
allí,ADV
",",PUNCT
así,ADV
ordenó,VERB
y,CCONJ
mandó,VERB
él,PRON
á,ADP
una,PRON
con,ADP
sus,DET
capitanes,NOUN
",",PUNCT
que,PRON
se,PRON
aprontasen,VERB
cuatro,NUM
pequeñas,ADJ
embarcaciones,NOUN
que,PRON
habían,AUX
de,ADP
navegar,VERB
á,ADP
remo,NOUN
",",PUNCT
y,CCONJ
se,PRON
llaman,VERB
parckhadiness,PROPN
(,PUNCT
Bergantines,PROPN
),PUNCT
",",PUNCT
en,ADP
que,PRON
entraban,VERB
hasta,ADP
40,NUM
hombres,NOUN
;,PUNCT
como,SCONJ
también,ADV
otras,DET
tres,NUM
menores,ADJ
á,ADP
que,PRON
llaman,VERB
podel,VERB
(,PUNCT
batel,NOUN
),PUNCT
ó,CCONJ
potht,ADJ
(,PUNCT
bote,NOUN
),PUNCT
",",PUNCT
y,CCONJ
cuando,SCONJ
los,DET
7,NUM
navíos,NOUN
estuvieron,AUX
listos,ADJ
y,CCONJ
provistos,ADJ
hizo,VERB
que,SCONJ
el,DET
capitán,NOUN
nuestro,DET
reuniese,VERB
toda,DET
la,DET
gente,NOUN
y,CCONJ
envió,VERB
á,ADP
Jerg,PROPN
Lichtenstein,PROPN
con,ADP
350,NUM
hombres,NOUN
armados,ADJ
río,NOUN
Parnau,PROPN
arriba,ADV
",",PUNCT
á,ADP
que,PRON
descubriesen,VERB
Indios,PROPN
",",PUNCT
que,PRON
nos,PRON
proporcionasen,VERB
comida,NOUN
y,CCONJ
víveres,NOUN
.,PUNCT
Pero,CCONJ
ni,CCONJ
bien,ADV
nos,PRON
sintieron,VERB
los,DET
Indios,PROPN
nos,PRON
jugaron,VERB
una,PRON
de,ADP
las,DET
peores,ADJ
",",PUNCT
porque,SCONJ
empezando,VERB
por,ADP
quemar,VERB
y,CCONJ
destruir,VERB
su,DET
pueblo,NOUN
",",PUNCT
y,CCONJ
cuanto,PRON
tenían,VERB
de,ADP
comer,VERB
",",PUNCT
en,ADP
seguida,NOUN
huyeron,VERB
todos,PRON
de,ADP
allí,ADV
;,PUNCT
y,CCONJ
así,ADV
tuvimos,VERB
que,SCONJ
pasar,VERB
adelante,ADV
sin,ADP
más,ADV
de,ADP
comer,VERB
que,SCONJ
tres,NUM
onzas,NOUN
de,ADP
pan,NOUN
al,ADP
día,NOUN
en,ADP
pischgosche,PROPN
(,PUNCT
biscocho,NOUN
),PUNCT
.,PUNCT
"

",SPACE
CAPÍTULO,PROPN
XI,NOUN
"
",SPACE
EL,DET
SITIO,PROPN
DE,ADP
BUENOS,PROPN
AIRES,PROPN
"

",SPACE
Después,ADV
de,ADP
esto,PRON
seguimos,VERB
un,DET
mes,NOUN
todos,PRON
juntos,ADJ
pasando,VERB
grandes,ADJ
necesidades,NOUN
en,ADP
la,DET
ciudad,NOUN
de,ADP
Bonas,PROPN
Ayers,PROPN
hasta,ADP
que,SCONJ
pudieron,AUX
aprestar,VERB
los,DET
navíos,NOUN
.,PUNCT
Por,ADP
este,DET
tiempo,NOUN
los,DET
Indios,PROPN
con,ADP
fuerza,NOUN
y,CCONJ
gran,ADJ
poder,NOUN
nos,PRON
atacaron,VERB
á,ADP
nosotros,PRON
y,CCONJ
á,ADP
nuestra,DET
ciudad,NOUN
de,ADP
Bonas,PROPN
Ayers,PROPN
en,ADP
número,NOUN
hasta,ADP
de,ADP
23.000,NUM
hombres,NOUN
;,PUNCT
constaban,VERB
de,ADP
cuatro,NUM
naciones,NOUN
llamadas,ADJ
",",PUNCT
Carendies,ADJ
",",PUNCT
Barenis,PROPN
(,PUNCT
Guaranís,PROPN
),PUNCT
",",PUNCT
Zechuruas,PROPN
",",PUNCT
(,PUNCT
Charrúas,PROPN
),PUNCT
",",PUNCT
y,CCONJ
Zechenais,PROPN
Diembus,PROPN
(,PUNCT
Chanás,PROPN
Timbús,PROPN
),PUNCT
.,PUNCT
La,DET
mente,NOUN
de,ADP
todos,DET
ellos,PRON
era,AUX
acabar,VERB
con,ADP
nosotros,PRON
;,PUNCT
pero,CCONJ
Dios,PROPN
",",PUNCT
el,DET
Todopoderoso,PROPN
",",PUNCT
nos,PRON
favoreció,VERB
á,ADP
los,DET
más,ADV
;,PUNCT
á,ADP
él,PRON
tributemos,ADJ
alabanzas,NOUN
y,CCONJ
loas,NOUN
por,ADP
siempre,ADV
y,CCONJ
por,ADP
sécula,NOUN
sin,ADP
fin,NOUN
;,PUNCT
porque,SCONJ
de,ADP
los,DET
nuestros,DET
solo,ADV
cayeron,VERB
unos,PRON
30,NUM
con,ADP
los,DET
capitanes,NOUN
y,CCONJ
un,DET
alférez,NOUN
.,PUNCT
"
",SPACE
Y,CCONJ
eso,PRON
que,PRON
llegaron,VERB
á,ADP
nuestra,DET
ciudad,NOUN
Bonas,PROPN
Ayers,PROPN
y,CCONJ
nos,PRON
atacaron,VERB
",",PUNCT
los,DET
unos,PRON
trataron,VERB
de,ADP
tomarla,VERB
por,ADP
asalto,NOUN
",",PUNCT
y,CCONJ
los,DET
otros,PRON
empezaron,VERB
á,ADP
tirar,VERB
con,ADP
flechas,NOUN
encendidas,ADJ
sobre,ADP
nuestras,DET
casas,NOUN
",",PUNCT
cuyos,PRON
techos,NOUN
eran,AUX
de,ADP
paja,NOUN
",",PUNCT
(,PUNCT
menos,ADV
la,DET
de,ADP
nuestro,DET
capitán,NOUN
general,ADJ
que,PRON
tenía,VERB
techo,NOUN
de,ADP
teja,NOUN
),PUNCT
",",PUNCT
y,CCONJ
así,ADV
nos,PRON
quemaron,VERB
la,DET
ciudad,NOUN
hasta,ADP
el,DET
suelo,NOUN
.,PUNCT
Las,DET
flechas,NOUN
de,ADP
ellos,PRON
son,AUX
de,ADP
caña,NOUN
y,CCONJ
con,ADP
fuego,NOUN
en,ADP
la,DET
punta,NOUN
;,PUNCT
tienen,VERB
también,ADV
cierto,ADJ
palo,NOUN
del,ADP
que,PRON
las,PRON
suelen,VERB
hacer,VERB
",",PUNCT
y,CCONJ
éstas,PRON
una,DET
vez,NOUN
prendidas,ADJ
y,CCONJ
arrojadas,ADJ
no,ADV
dejan,VERB
nada,PRON
;,PUNCT
con,ADP
las,DET
tales,DET
nos,PRON
incendiaron,VERB
",",PUNCT
porque,SCONJ
las,DET
casas,NOUN
eran,AUX
de,ADP
paja,NOUN
.,PUNCT
"
",SPACE
A,ADP
parte,NOUN
de,ADP
esto,PRON
nos,PRON
quemaron,VERB
también,ADV
cuatro,NUM
grandes,ADJ
navíos,NOUN
que,PRON
estaban,VERB
surtos,ADJ
á,ADP
media,NUM
milla,PROPN
(,PUNCT
legua,NOUN
),PUNCT
de,ADP
nosotros,PRON
en,ADP
el,DET
agua,NOUN
.,PUNCT
La,DET
tripulación,NOUN
que,PRON
en,ADP
ellos,PRON
estaba,AUX
",",PUNCT
y,CCONJ
que,SCONJ
no,ADV
tenía,VERB
cañones,NOUN
",",PUNCT
cuando,SCONJ
sintieron,VERB
el,DET
tumulto,NOUN
de,ADP
Indios,PROPN
",",PUNCT
huyeron,VERB
de,ADP
estos,PRON
4,NUM
navíos,NOUN
á,ADP
otros,PRON
3,NUM
",",PUNCT
que,PRON
no,ADV
muy,ADV
distante,ADJ
de,ADP
allí,ADV
estaban,VERB
y,CCONJ
artillados,ADJ
.,PUNCT
Y,CCONJ
al,ADP
ver,VERB
que,SCONJ
ardían,VERB
los,DET
4,NUM
navíos,NOUN
que,PRON
incendiaron,VERB
los,DET
Indios,PROPN
",",PUNCT
se,PRON
prepararon,VERB
á,ADP
tirar,VERB
y,CCONJ
les,PRON
metieron,VERB
bala,NOUN
á,ADP
éstos,PRON
;,PUNCT
y,CCONJ
luego,ADV
que,SCONJ
los,DET
Indios,PROPN
se,PRON
apercibieron,VERB
",",PUNCT
y,CCONJ
oyeron,VERB
las,DET
descargas,NOUN
",",PUNCT
se,PRON
pusieron,VERB
en,ADP
precipitada,ADJ
fuga,NOUN
y,CCONJ
dejaron,VERB
á,ADP
los,DET
Cristianos,PROPN
muy,ADV
alegres,ADJ
.,PUNCT
Todo,DET
esto,PRON
aconteció,VERB
el,DET
día,NOUN
de,ADP
San,PROPN
Juan,PROPN
",",PUNCT
año,NOUN
de,ADP
1535,NUM
.,PUNCT
"

",SPACE
CAPÍTULO,PROPN
XII,PROPN
"
",SPACE
PADRÓN,NOUN
DE,ADP
LA,DET
GENTE,NOUN
Y,CCONJ
PREPARATIVOS,PROPN
"

",SPACE
Habiendo,AUX
sucedido,VERB
todo,DET
ésto,PRON
",",PUNCT
la,DET
gente,NOUN
no,ADV
tuvo,VERB
más,ADV
remedio,NOUN
que,SCONJ
volverse,VERB
á,ADP
meter,VERB
en,ADP
los,DET
navíos,NOUN
",",PUNCT
y,CCONJ
thonn,PROPN
Pietro,PROPN
Manthossa,PROPN
",",PUNCT
nuestro,DET
capitán,NOUN
general,ADJ
",",PUNCT
entregó,VERB
la,DET
gente,NOUN
á,ADP
Joann,PROPN
Eyollas,PROPN
y,CCONJ
lo,PRON
puso,VERB
en,ADP
su,DET
lugar,NOUN
",",PUNCT
para,ADP
que,SCONJ
fuese,AUX
nuestro,DET
capitán,NOUN
y,CCONJ
nos,PRON
mandase,VERB
.,PUNCT
En,ADP
seguida,NOUN
Eyollas,PROPN
pasó,VERB
revista,NOUN
de,ADP
la,DET
gente,NOUN
y,CCONJ
halló,VERB
que,SCONJ
",",PUNCT
de,ADP
2500,NUM
hombres,NOUN
que,PRON
habían,AUX
sido,AUX
",",PUNCT
no,ADV
quedaban,VERB
con,ADP
vida,NOUN
más,ADV
de,ADP
560,NUM
;,PUNCT
los,DET
demás,PRON
habían,AUX
muerto,VERB
y,CCONJ
perecido,ADJ
de,ADP
hambre,NOUN
.,PUNCT
¡,PUNCT
Dios,PROPN
el,DET
Todopoderoso,PROPN
se,PRON
apiade,VERB
[,NOUN
de,ADP
ellos,PRON
],PROPN
y,CCONJ
nos,PRON
favorezca,VERB
!,PUNCT
"
",SPACE
Después,ADV
de,ADP
esto,PRON
",",PUNCT
Juan,PROPN
Eyollas,PROPN
",",PUNCT
nuestro,DET
capitán,NOUN
",",PUNCT
hizo,VERB
aprestar,VERB
8,NUM
navíos,NOUN
pequeños,ADJ
",",PUNCT
parckhadines,ADJ
(,PUNCT
bergantines,NOUN
),PUNCT
y,CCONJ
potteles,NOUN
(,PUNCT
bateles,NOUN
),PUNCT
y,CCONJ
se,PRON
sacó,VERB
400,NUM
"
",SPACE
hombres,NOUN
de,ADP
los,DET
560,NUM
;,PUNCT
los,DET
otros,PRON
160,NUM
dejó,VERB
él,PRON
en,ADP
los,DET
4,NUM
grandes,ADJ
navíos,NOUN
",",PUNCT
para,ADP
que,SCONJ
ellos,PRON
se,PRON
cuidasen,VERB
",",PUNCT
y,CCONJ
les,PRON
puso,VERB
de,ADP
capitán,NOUN
un,DET
tal,DET
Joann,PROPN
Romero,PROPN
",",PUNCT
y,CCONJ
les,PRON
dejó,VERB
provisiones,NOUN
para,ADP
un,DET
año,NOUN
",",PUNCT
[,INTJ
de,ADP
suerte,NOUN
que,SCONJ
á,ADP
cada,DET
soldado,NOUN
le,PRON
tocase,VERB
por,ADP
día,NOUN
de,ADP
á,ADP
8,NUM
onzas,NOUN
de,ADP
pan,NOUN
],NOUN
ó,CCONJ
harina,NOUN
;,PUNCT
y,CCONJ
si,SCONJ
más,ADV
quería,VERB
comer,VERB
que,SCONJ
se,PRON
lo,PRON
buscase,VERB
.,PUNCT
"

",SPACE
CAPÍTULO,PROPN
XIII,NOUN
"
",SPACE
VIAJE,PROPN
DE,ADP
MENDOZA,PROPN
CON,ADP
AYOLAS,PROPN
Á,PROPN
FUNDAR,PROPN
BUENA,ADJ
ESPERANZA,ADJ
"
",SPACE
Más,ADV
tarde,ADV
partió,VERB
él,PRON
",",PUNCT
Joann,PROPN
Eyollas,PROPN
con,ADP
los,DET
400,NUM
hombres,NOUN
en,ADP
los,DET
parckhadienes,NOUN
(,PUNCT
bergantines,NOUN
),PUNCT
ó,CCONJ
wasserbuegen,PROPN
(,PUNCT
buques,NOUN
),PUNCT
aguas,NOUN
arriba,ADV
del,ADP
Paanaw,PROPN
",",PUNCT
y,CCONJ
thon,PROPN
(,PUNCT
don,NOUN
),PUNCT
Pietro,PROPN
Manthossa,PROPN
",",PUNCT
el,DET
capitán,NOUN
general,ADJ
de,ADP
todos,PRON
",",PUNCT
iba,VERB
también,ADV
con,ADP
nosotros,PRON
.,PUNCT
Y,CCONJ
en,ADP
2,NUM
meses,NOUN
llegamos,VERB
á,ADP
los,DET
Indios,PROPN
",",PUNCT
á,ADP
84,NUM
millas,NOUN
(,PUNCT
leguas,NOUN
),PUNCT
de,ADP
distancia,NOUN
;,PUNCT
esta,DET
gente,NOUN
llámase,VERB
Tiembus,PROPN
",",PUNCT
se,PRON
ponen,VERB
en,ADP
cada,DET
lado,NOUN
de,ADP
la,DET
nariz,NOUN
una,DET
estrellita,NOUN
de,ADP
piedrecillas,NOUN
blancas,ADJ
y,CCONJ
celestes,ADJ
",",PUNCT
los,DET
hombres,NOUN
son,AUX
altos,ADJ
y,CCONJ
bien,ADV
formados,ADJ
",",PUNCT
pero,CCONJ
las,DET
mujeres,NOUN
",",PUNCT
por,ADP
el,DET
contrario,NOUN
",",PUNCT
viejas,ADJ
y,CCONJ
mozas,NOUN
",",PUNCT
son,AUX
horribles,ADJ
",",PUNCT
porque,SCONJ
se,PRON
arañan,VERB
la,DET
parte,NOUN
inferior,ADJ
de,ADP
la,DET
cara,NOUN
que,PRON
siempre,ADV
está,AUX
ensangrentada,ADJ
.,PUNCT
"
",SPACE
Esta,DET
nación,NOUN
no,ADV
come,VERB
otra,DET
cosa,NOUN
",",PUNCT
ni,CCONJ
en,ADP
su,DET
vida,NOUN
ha,AUX
tenido,VERB
otra,DET
comida,NOUN
",",PUNCT
ni,CCONJ
otro,DET
alimento,NOUN
que,PRON
carne,NOUN
y,CCONJ
pescado,NOUN
.,PUNCT
Se,PRON
calcula,VERB
que,SCONJ
esta,DET
nación,NOUN
es,AUX
fuerte,ADJ
de,ADP
15.000,NUM
ó,CCONJ
más,ADV
hombres,NOUN
.,PUNCT
Y,CCONJ
cuando,SCONJ
llegamos,VERB
como,SCONJ
á,ADP
4,NUM
millas,NOUN
(,PUNCT
leguas,NOUN
),PUNCT
de,ADP
esta,DET
nación,NOUN
",",PUNCT
nos,PRON
vieron,VERB
y,CCONJ
salieron,VERB
á,ADP
recibirnos,VERB
de,ADP
paz,NOUN
en,ADP
400,NUM
kanneonn,PROPN
(,PUNCT
canoas,NOUN
),PUNCT
ó,CCONJ
barquillas,NOUN
con,ADP
16,NUM
hombres,NOUN
en,ADP
cada,DET
una,PRON
.,PUNCT
Las,DET
tales,DET
barquillas,NOUN
se,PRON
labran,VERB
de,ADP
un,DET
solo,ADJ
palo,NOUN
",",PUNCT
son,AUX
de,ADP
80,NUM
pies,NOUN
de,ADP
largo,NOUN
por,ADP
3,NUM
de,ADP
ancho,NOUN
y,CCONJ
se,PRON
boga,VERB
como,SCONJ
en,ADP
las,DET
barquillas,NOUN
de,ADP
los,DET
pescadores,NOUN
en,ADP
Alemania,PROPN
",",PUNCT
sólo,ADV
que,SCONJ
los,PRON
remos,PRON
no,ADV
tienen,VERB
los,DET
refuerzos,NOUN
de,ADP
hierro,NOUN
.,PUNCT
"
",SPACE
Cuando,SCONJ
nos,PRON
juntamos,VERB
en,ADP
el,DET
agua,NOUN
(,PUNCT
el,DET
río,NOUN
),PUNCT
nuestro,DET
capitán,NOUN
",",PUNCT
Joann,PROPN
Eyollas,PROPN
",",PUNCT
mandó,VERB
al,ADP
Indio,PROPN
principal,ADJ
de,ADP
los,DET
Tiembú,PROPN
",",PUNCT
que,PRON
se,PRON
llamaba,VERB
Rochera,PROPN
Wassú,PROPN
",",PUNCT
una,DET
camisa,NOUN
",",PUNCT
un,DET
gabán,NOUN
",",PUNCT
un,DET
par,NOUN
de,ADP
calzas,NOUN
y,CCONJ
varias,DET
otras,DET
cosas,NOUN
más,ADV
de,ADP
reschat,PROPN
(,PUNCT
rescate,NOUN
),PUNCT
.,PUNCT
Después,ADV
de,ADP
esto,PRON
el,DET
dicho,ADJ
Zchera,PROPN
Wassú,PROPN
nos,PRON
condujo,VERB
á,ADP
su,DET
pueblo,NOUN
y,CCONJ
nos,PRON
dió,VERB
de,ADP
comer,VERB
carne,NOUN
y,CCONJ
pescado,NOUN
hasta,ADP
hartarnos,VERB
.,PUNCT
Pero,CCONJ
si,SCONJ
el,DET
susodicho,NOUN
viaje,PROPN
durara,VERB
unos,PRON
10,NUM
días,NOUN
más,ADV
á,ADP
buen,ADJ
seguro,ADJ
que,SCONJ
todos,PRON
de,ADP
hambre,NOUN
pereciéramos,VERB
;,PUNCT
y,CCONJ
con,ADP
todo,PRON
",",PUNCT
en,ADP
este,DET
viaje,NOUN
",",PUNCT
de,ADP
los,DET
400,NUM
hombres,NOUN
",",PUNCT
50,NUM
sucumbieron,VERB
en,ADP
esta,DET
vez,NOUN
nos,PRON
socorrió,VERB
Dios,PROPN
el,DET
Todopoderoso,PROPN
",",PUNCT
y,CCONJ
á,ADP
El,DET
se,PRON
tributen,VERB
loas,PROPN
y,CCONJ
gracias,NOUN
.,PUNCT
"
   
",SPACE
CAPÍTULO,PROPN
XIV,PROPN
"
",SPACE
REGRESA,NOUN
DON,ADJ
PEDRO,PROPN
DE,ADP
MENDOZA,PROPN
Á,PROPN
ESPAÑA,PROPN
Y,CCONJ
MUERE,ADJ
EN,ADP
EL,DET
VIAJE,PROPN
"

",SPACE
En,ADP
este,DET
pueblo,NOUN
permanecimos,VERB
por,ADP
espacio,NOUN
de,ADP
4,NUM
años,NOUN
.,PUNCT
Mas,CCONJ
nuestro,DET
capitán,NOUN
general,ADJ
",",PUNCT
thonn,PROPN
Pietro,PROPN
Mantossa,PROPN
",",PUNCT
agobiado,ADJ
de,ADP
sus,DET
dolencias,NOUN
",",PUNCT
ya,ADV
no,ADV
podía,AUX
mover,VERB
ni,CCONJ
manos,NOUN
ni,CCONJ
pies,NOUN
",",PUNCT
y,CCONJ
había,AUX
gastado,VERB
en,ADP
este,DET
viaje,NOUN
4.000,NUM
ducados,NOUN
en,ADP
oro,NOUN
;,PUNCT
ya,ADV
no,ADV
podía,AUX
quedarse,VERB
más,ADV
tiempo,NOUN
con,ADP
nosotros,PRON
en,ADP
este,DET
pueblo,NOUN
y,CCONJ
se,PRON
volvió,VERB
con,ADP
dos,NUM
pequeños,ADJ
parckhadienes,NOUN
(,PUNCT
bergantines,NOUN
),PUNCT
á,ADP
Bonas,PROPN
Ayers,PROPN
á,ADP
juntarse,VERB
con,ADP
los,DET
4,NUM
navíos,NOUN
grandes,ADJ
[,NOUN
de,ADP
los,DET
que,PRON
tomó,VERB
dos,NUM
],NOUN
con,ADP
50,NUM
hombres,NOUN
y,CCONJ
partió,VERB
para,ADP
Hispanien,PRON
.,PUNCT
Mas,CCONJ
cuando,SCONJ
llegaron,VERB
como,SCONJ
á,ADP
medio,NUM
camino,NOUN
",",PUNCT
la,DET
mano,NOUN
de,ADP
Dios,PROPN
",",PUNCT
que,PRON
todo,PRON
lo,PRON
puede,VERB
",",PUNCT
cargó,VERB
sobre,ADP
él,PRON
",",PUNCT
así,ADV
que,SCONJ
murió,VERB
miserablemente,ADV
.,PUNCT
¡,PUNCT
Dios,PROPN
le,PRON
tenga,VERB
misericordia,NOUN
!,PUNCT
"

",SPACE
El,DET
",",PUNCT
empero,ADV
",",PUNCT
nos,PRON
había,AUX
prometido,VERB
",",PUNCT
antes,ADV
de,ADP
dejar-nos,PROPN
",",PUNCT
que,PRON
al,ADP
punto,NOUN
de,ADP
llegar,VERB
él,PRON
ó,CCONJ
los,DET
navíos,NOUN
á,ADP
España,PROPN
",",PUNCT
mandaría,VERB
otros,PRON
2,NUM
al,ADP
Rio,PROPN
della,PROPN
Plata,PROPN
",",PUNCT
lo,PRON
que,PRON
también,ADV
se,PRON
consignó,VERB
fielmente,ADV
en,ADP
su,DET
testamento,NOUN
y,CCONJ
se,PRON
cumplió,VERB
.,PUNCT
Así,ADV
",",PUNCT
pues,SCONJ
",",PUNCT
luego,ADV
que,SCONJ
los,DET
2,NUM
navíos,NOUN
arribaron,VERB
á,ADP
Hispania,PROPN
y,CCONJ
que,PRON
lo,PRON
supieron,VERB
los,DET
del,ADP
consejo,NOUN
de,ADP
la,DET
Cesárea,PROPN
Majestad,PROPN
",",PUNCT
sin,ADP
demora,NOUN
y,CCONJ
en,ADP
nombre,NOUN
de,ADP
Su,DET
Majestad,PROPN
hicieron,VERB
aprestar,VERB
y,CCONJ
despacharon,VERB
al,ADP
Río,PROPN
della,PROPN
Platta,PROPN
otros,DET
navíos,NOUN
con,ADP
gente,NOUN
",",PUNCT
comida,NOUN
y,CCONJ
rescates,NOUN
y,CCONJ
lo,PRON
demás,PRON
que,PRON
podría,AUX
faltarles,VERB
.,PUNCT
"

",SPACE
CAPÍTULO,VERB
XV,PROPN
"
",SPACE
ALONSO,PROPN
CABRERA,PROPN
LLEGA,NOUN
AL,ADP
RÍO,PROPN
DE,ADP
LA,DET
PLATA,PROPN
"

",SPACE
El,DET
capitán,NOUN
de,ADP
estos,DET
2,NUM
navíos,NOUN
se,PRON
llamaba,VERB
Aluiso,PROPN
Gabrero,PROPN
(,PUNCT
Alonso,PROPN
Cabrera,PROPN
),PUNCT
",",PUNCT
y,CCONJ
se,PRON
traía,VERB
200,NUM
Españoles,PROPN
y,CCONJ
víveres,NOUN
como,SCONJ
para,ADP
2,NUM
años,NOUN
;,PUNCT
llegó,VERB
á,ADP
Bonas,PROPN
Ayers,PROPN
",",PUNCT
á,ADP
donde,PRON
los,DET
otros,PRON
2,NUM
navíos,NOUN
habían,AUX
quedado,VERB
",",PUNCT
con,ADP
los,DET
160,NUM
hombres,NOUN
",",PUNCT
el,DET
año,NOUN
1538,NUM
.,PUNCT
"

",SPACE
Y,CCONJ
cuando,SCONJ
llegó,VERB
el,DET
capitán,NOUN
Aluiso,PROPN
Gabrero,PROPN
á,ADP
la,DET
isla,NOUN
de,ADP
los,DET
Tyembús,PROPN
á,ADP
verse,VERB
con,ADP
nuestro,DET
capitán,NOUN
Johan,PROPN
Eyollas,PROPN
se,PRON
dispuso,VERB
á,ADP
despachar,VERB
un,DET
navío,NOUN
"
",SPACE
nuevamente,ADV
á,ADP
Hispienia,PROPN
",",PUNCT
porque,SCONJ
así,ADV
era,AUX
la,DET
voluntad,NOUN
y,CCONJ
mandamiento,NOUN
del,ADP
Concejo,PROPN
de,ADP
la,DET
Cesárea,PROPN
Majestad,PROPN
",",PUNCT
que,PRON
se,PRON
le,PRON
haga,VERB
saber,VERB
al,ADP
dicho,ADJ
Concejo,PROPN
cómo,PRON
eran,AUX
los,DET
arreglos,NOUN
en,ADP
aquella,DET
tierra,NOUN
y,CCONJ
en,ADP
qué,PRON
estado,NOUN
se,PRON
hallaba,VERB
.,PUNCT
"
",SPACE
Después,ADV
de,ADP
todo,DET
esto,PRON
",",PUNCT
Joann,PROPN
Eyollas,PROPN
",",PUNCT
nuestro,DET
capitán,NOUN
general,ADJ
",",PUNCT
hizo,VERB
junta,NOUN
con,ADP
Aluiso,PROPN
Gabrero,PROPN
y,CCONJ
con,ADP
Mart[i]no,PROPN
Thoming[o,PROPN
],PROPN
Ayona,PROPN
(,PUNCT
Domingo,PROPN
Martínez,PROPN
de,ADP
Irala,PROPN
),PUNCT
y,CCONJ
otros,PRON
de,ADP
sus,DET
capitanes,NOUN
.,PUNCT
También,ADV
se,PRON
resolvió,VERB
que,SCONJ
se,PRON
pasase,VERB
revista,NOUN
de,ADP
la,DET
gente,NOUN
",",PUNCT
y,CCONJ
se,PRON
halló,VERB
que,SCONJ
con,ADP
los,DET
nuestros,DET
y,CCONJ
los,DET
otros,PRON
recién,ADV
llegados,ADJ
de,ADP
Hispanien,NOUN
",",PUNCT
había,AUX
550,NUM
hombres,NOUN
;,PUNCT
se,PRON
separó,VERB
",",PUNCT
pues,SCONJ
",",PUNCT
400,NUM
hombres,NOUN
para,ADP
sí,PRON
",",PUNCT
y,CCONJ
los,DET
restantes,ADJ
150,NUM
los,PRON
dejaron,VERB
en,ADP
los,DET
Tiembús,PROPN
",",PUNCT
porque,SCONJ
no,ADV
alcanzaban,VERB
los,DET
navíos,NOUN
;,PUNCT
á,ADP
éstos,PRON
les,PRON
nombraron,VERB
un,DET
capitán,NOUN
llamado,ADJ
Carollus,PROPN
Doberin,PROPN
para,ADP
que,SCONJ
los,PRON
mande,VERB
y,CCONJ
gobierne,PROPN
:,PUNCT
éste,PRON
en,ADP
otro,DET
tiempo,NOUN
había,AUX
sido,AUX
paje,NOUN
de,ADP
Su,DET
Cesárea,PROPN
Majestad,PROPN
.,PUNCT
"


",SPACE
CAPÍTULO,PROPN
XVI,PROPN
"
",SPACE
PARTEN,PROPN
EN,ADP
BUSCA,PROPN
DEL,ADP
PARAGUAY,PROPN
Y,CCONJ
LLEGAN,PROPN
Á,PROPN
LOS,DET
CORONDAS,PROPN
"

",SPACE
Después,ADV
de,ADP
esto,PRON
",",PUNCT
pasado,VERB
el,DET
acuerdo,NOUN
de,ADP
los,DET
capitanes,NOUN
",",PUNCT
partimos,VERB
con,ADP
los,DET
400,NUM
hombres,NOUN
en,ADP
8,NUM
pequeños,ADJ
navíos,NOUN
(,PUNCT
ó,CCONJ
),PUNCT
parchadines,NOUN
(,PUNCT
bergantines,NOUN
),PUNCT
aguas,NOUN
arriba,ADV
del,ADP
Paranaw,PROPN
",",PUNCT
en,ADP
busca,NOUN
de,ADP
otra,DET
agua,NOUN
corriente,ADJ
llamada,ADJ
Paraboe,PROPN
(,PUNCT
Paraguay,PROPN
),PUNCT
",",PUNCT
adonde,PRON
viven,VERB
los,DET
Caríos,PROPN
que,PRON
tienen,VERB
trigo,NOUN
turco,ADJ
(,PUNCT
maíz,NOUN
),PUNCT
",",PUNCT
y,CCONJ
una,DET
raíz,NOUN
con,ADP
el,DET
nombre,NOUN
de,ADP
manteochade,NOUN
(,PUNCT
mandioca,NOUN
),PUNCT
y,CCONJ
otras,DET
raíces,NOUN
como,SCONJ
padades,NOUN
(,PUNCT
batatas,NOUN
),PUNCT
y,CCONJ
manteoch,ADJ
propie,NOUN
y,CCONJ
mandeoch,NOUN
mandepore,ADJ
.,PUNCT
La,DET
raíz,NOUN
padades,ADJ
(,PUNCT
batatas,NOUN
),PUNCT
",",PUNCT
se,PRON
parece,VERB
á,ADP
la,DET
manzana,NOUN
y,CCONJ
es,AUX
del,ADP
mismo,DET
sabor,NOUN
;,PUNCT
mandeoch,PROPN
propie,VERB
sabe,VERB
á,ADP
castaña,NOUN
;,PUNCT
de,ADP
mandeoch,PROPN
poere,ADJ
se,PRON
hace,VERB
vino,NOUN
",",PUNCT
que,PRON
beben,VERB
los,DET
Indios,PROPN
.,PUNCT
Estos,DET
Caríos,PROPN
tienen,VERB
pescado,NOUN
y,CCONJ
carne,NOUN
",",PUNCT
y,CCONJ
unas,DET
ovejas,NOUN
muy,ADV
grandes,ADJ
como,SCONJ
las,DET
mulas,NOUN
de,ADP
esta,DET
tierra,NOUN
(,PUNCT
Alemania,PROPN
),PUNCT
;,PUNCT
iten,VERB
más,ADV
tienen,VERB
chanchos,NOUN
del,ADP
monte,NOUN
",",PUNCT
avestruces,PROPN
y,CCONJ
otras,DET
salvajinas,PROPN
;,PUNCT
iten,VERB
más,ADV
gallinas,NOUN
y,CCONJ
gansos,NOUN
en,ADP
gran,ADJ
abundancia,NOUN
.,PUNCT
"
",SPACE
Así,ADV
",",PUNCT
pues,SCONJ
",",PUNCT
partimos,VERB
del,ADP
puerto,NOUN
Bon,PROPN
Esperainso,PROPN
(,PUNCT
Buena,PROPN
Esperanza,PROPN
),PUNCT
con,ADP
los,DET
dichos,ADJ
8,NUM
navíos,NOUN
parckhadienes,NOUN
",",PUNCT
y,CCONJ
el,DET
primer,ADJ
día,NOUN
",",PUNCT
á,ADP
las,DET
4,NUM
leguas,NOUN
de,ADP
camino,NOUN
",",PUNCT
llegamos,VERB
á,ADP
una,DET
nación,NOUN
con,ADP
el,DET
nombre,NOUN
de,ADP
Karendos,PROPN
(,PUNCT
Corondas,PROPN
),PUNCT
.,PUNCT
Ellos,PRON
se,PRON
mantienen,VERB
de,ADP
carne,NOUN
y,CCONJ
pescado,NOUN
",",PUNCT
son,AUX
fuertes,ADJ
de,ADP
12.000,NUM
hombres,NOUN
",",PUNCT
todos,DET
aptos,ADJ
para,ADP
la,DET
pelea,NOUN
.,PUNCT
Esta,DET
nación,NOUN
se,PRON
parece,VERB
á,ADP
la,DET
anterior,ADJ
",",PUNCT
es,NOUN
decir,NOUN
",",PUNCT
á,ADP
los,DET
Tiembú,PROPN
usan,VERB
estrellitas,NOUN
en,ADP
las,DET
narices,NOUN
",",PUNCT
y,CCONJ
son,AUX
bien,ADV
formados,ADJ
de,ADP
cuerpo,NOUN
;,PUNCT
iten,VERB
las,DET
mujeres,NOUN
son,AUX
horrorosas,ADJ
",",PUNCT
viejas,ADJ
y,CCONJ
mozas,NOUN
",",PUNCT
con,ADP
las,DET
caras,NOUN
arañadas,ADJ
y,CCONJ
siempre,ADV
ensangrentadas,ADJ
;,PUNCT
iten,VERB
visten,VERB
",",PUNCT
como,SCONJ
los,DET
Tiembú,PROPN
",",PUNCT
un,DET
corto,ADJ
paño,NOUN
de,ADP
algodón,NOUN
que,PRON
las,PRON
cubre,VERB
del,ADP
ombligo,NOUN
á,ADP
las,DET
rodillas,NOUN
",",PUNCT
como,SCONJ
ya,ADV
se,PRON
dijo,VERB
antes,ADV
.,PUNCT
Estos,DET
Indios,PROPN
tienen,VERB
gran,ADJ
copia,NOUN
de,ADP
pieles,NOUN
de,ADP
nutria,PROPN
;,PUNCT
iten,VERB
muchas,DET
cannaon,NOUN
(,PUNCT
canoas,NOUN
),PUNCT
ó,CCONJ
esquifes,ADJ
.,PUNCT
Ellos,PRON
se,PRON
compartieron,VERB
con,ADP
nosotros,PRON
de,ADP
su,DET
pobreza,NOUN
",",PUNCT
como,SCONJ
ser,NOUN
",",PUNCT
carne,NOUN
",",PUNCT
pescado,NOUN
[,PROPN
y,CCONJ
pieles,NOUN
],NOUN
;,PUNCT
nosotros,PRON
les,PRON
dimos,VERB
abalorios,NOUN
",",PUNCT
rosarios,NOUN
",",PUNCT
espejos,NOUN
",",PUNCT
peines,NOUN
",",PUNCT
cuchillos,NOUN
[,NOUN
y,CCONJ
anzuelos,NOUN
],NOUN
;,PUNCT
2,NUM
días,NOUN
permanecimos,VERB
con,ADP
ellos,PRON
",",PUNCT
y,CCONJ
nos,PRON
dieron,VERB
2,NUM
Caríos,PROPN
cautivos,ADJ
que,PRON
eran,AUX
de,ADP
ellos,PRON
:,PUNCT
éstos,PRON
deberían,AUX
servirnos,VERB
de,ADP
baqueanos,NOUN
y,CCONJ
ayudarnos,VERB
con,ADP
la,DET
lengua,NOUN
.,PUNCT
"
 

",SPACE
CAPÍTULO,ADJ
XVII,NOUN
"
",SPACE
LLEGAN,PROPN
Á,PROPN
LOS,DET
GULGAISES,PROPN
Y,CCONJ
MACHKUERENDES,PROPN
"

",SPACE
De,ADP
allí,ADV
",",PUNCT
seguimos,VERB
nosotros,PRON
adelante,ADV
hasta,ADP
llegar,VERB
á,ADP
otra,DET
nación,NOUN
",",PUNCT
que,PRON
se,PRON
llaman,VERB
Gulgeissen,PROPN
",",PUNCT
que,PRON
alcanzan,VERB
á,ADP
ser,AUX
unos,PRON
40.000,NUM
hombres,NOUN
de,ADP
pelea,NOUN
",",PUNCT
se,PRON
mantienen,VERB
de,ADP
pescado,NOUN
y,CCONJ
carne,NOUN
",",PUNCT
también,ADV
tienen,VERB
2,NUM
estrellitas,NOUN
en,ADP
las,DET
narices,NOUN
;,PUNCT
iten,VERB
más,ADV
se,PRON
hallan,VERB
á,ADP
unas,PRON
30,NUM
millas,NOUN
(,PUNCT
leguas,NOUN
),PUNCT
de,ADP
camino,NOUN
de,ADP
los,DET
Carendes,PROPN
(,PUNCT
Corondas,PROPN
),PUNCT
;,PUNCT
hablan,VERB
una,DET
sola,ADJ
lengua,NOUN
con,ADP
los,DET
Tiembú,PROPN
y,CCONJ
Carendes,PROPN
;,PUNCT
viven,VERB
en,ADP
una,DET
laguna,NOUN
que,PRON
mide,VERB
de,ADP
largo,NOUN
6,NUM
millas,NOUN
(,PUNCT
leguas,NOUN
),PUNCT
por,ADP
cuatro,NUM
de,ADP
ancho,NOUN
del,ADP
lado,NOUN
izquierdo,ADJ
del,ADP
Parnau,PROPN
;,PUNCT
4,NUM
días,NOUN
nos,PRON
quedamos,VERB
con,ADP
ellos,PRON
;,PUNCT
compartieron,VERB
también,ADV
con,ADP
nosotros,PRON
de,ADP
su,DET
pobreza,NOUN
",",PUNCT
como,SCONJ
igualmente,ADV
nosotros,PRON
de,ADP
la,DET
nuestra,PRON
con,ADP
ellos,PRON
.,PUNCT
"

",SPACE
De,ADP
allí,ADV
seguimos,VERB
adelante,ADV
sin,ADP
encontrar,VERB
más,ADV
Indios,PROPN
por,ADP
18,NUM
días,NOUN
;,PUNCT
después,ADV
dimos,VERB
con,ADP
un,DET
agua,NOUN
que,PRON
corre,VERB
tierra,NOUN
adentro,ADV
",",PUNCT
y,CCONJ
allí,ADV
encontramos,VERB
mucha,DET
gente,NOUN
llamada,ADJ
Machkuerendes,PROPN
.,PUNCT
Estos,PRON
no,ADV
tienen,VERB
más,ADV
comida,NOUN
que,PRON
pescado,NOUN
y,CCONJ
algo,PRON
de,ADP
carne,NOUN
;,PUNCT
son,AUX
fuertes,ADJ
como,SCONJ
de,ADP
unos,PRON
18.000,NUM
hombres,NOUN
de,ADP
pelea,NOUN
",",PUNCT
tienen,VERB
muchas,DET
canaen,NOUN
(,PUNCT
canoas,NOUN
),PUNCT
ó,CCONJ
esquifes,ADJ
;,PUNCT
nos,PRON
recibieron,VERB
bien,ADV
á,ADP
su,DET
modo,NOUN
haciéndonos,VERB
parte,NOUN
de,ADP
su,DET
miseria,NOUN
.,PUNCT
Ellos,PRON
viven,VERB
del,ADP
otro,DET
lado,NOUN
del,ADP
Parnaw,PROPN
",",PUNCT
esto,NOUN
es,NOUN
",",PUNCT
á,ADP
la,DET
derecha,NOUN
;,PUNCT
hablan,VERB
otra,DET
lengua,NOUN
",",PUNCT
se,PRON
ponen,VERB
2,NUM
estrellitas,NOUN
en,ADP
las,DET
narices,NOUN
.,PUNCT
Altos,NOUN
y,CCONJ
bien,ADV
formados,ADJ
los,DET
hombres,NOUN
",",PUNCT
las,DET
mujeres,NOUN
empero,ADV
son,AUX
horrorosas,ADJ
",",PUNCT
como,SCONJ
se,PRON
dijo,VERB
ya,ADV
.,PUNCT
Están,AUX
á,ADP
64,NUM
meil,PROPN
(,PUNCT
leguas,PROPN
),PUNCT
de,ADP
los,DET
Gulgaises,PROPN
.,PUNCT
"

",SPACE
Y,CCONJ
cuando,SCONJ
se,PRON
cumplieron,VERB
los,DET
4,NUM
días,NOUN
de,ADP
estar,VERB
con,ADP
ellos,PRON
",",PUNCT
hallamos,VERB
estirada,ADJ
en,ADP
la,DET
tierra,NOUN
una,DET
serpiente,NOUN
extremadamente,ADV
grande,ADJ
",",PUNCT
que,PRON
medía,VERB
25,NUM
pies,NOUN
de,ADP
largo,ADJ
y,CCONJ
gruesa,ADJ
como,SCONJ
un,DET
hombre,NOUN
",",PUNCT
overa,PROPN
de,ADP
negro,NOUN
y,CCONJ
amarillo,ADJ
;,PUNCT
y,CCONJ
la,PRON
matamos,VERB
con,ADP
un,DET
arcabuz,NOUN
.,PUNCT
Y,CCONJ
eso,PRON
que,PRON
la,PRON
vieron,VERB
los,DET
Indios,PROPN
se,PRON
maravillaron,VERB
de,ADP
su,DET
tamaño,NOUN
",",PUNCT
porque,SCONJ
jamás,ADV
habían,AUX
visto,VERB
otra,DET
igual,ADJ
.,PUNCT
Esta,DET
serpiente,NOUN
",",PUNCT
según,SCONJ
nos,PRON
contaron,VERB
",",PUNCT
los,PRON
tenía,VERB
mal,ADV
á,ADP
los,DET
Indios,PROPN
;,PUNCT
porque,SCONJ
cuando,SCONJ
se,PRON
bañaban,VERB
en,ADP
el,DET
agua,NOUN
siempre,ADV
solía,VERB
estar,AUX
oculta,ADJ
en,ADP
el,DET
agua,NOUN
",",PUNCT
envolvía,VERB
á,ADP
los,DET
Indios,PROPN
con,ADP
la,DET
cola,NOUN
y,CCONJ
zambulliendo,VERB
con,ADP
ellos,PRON
se,PRON
los,PRON
tragaba,VERB
;,PUNCT
así,ADV
que,SCONJ
muchas,DET
veces,NOUN
Indios,PROPN
desaparecían,VERB
sin,ADP
que,SCONJ
se,PRON
supiese,VERB
la,DET
suerte,NOUN
que,PRON
habían,AUX
corrido,VERB
.,PUNCT
Yo,PRON
mismo,ADJ
medí,VERB
esta,DET
serpiente,NOUN
con,ADP
carne,NOUN
y,CCONJ
todo,PRON
",",PUNCT
así,ADV
que,SCONJ
me,PRON
doy,VERB
cabal,ADJ
cuenta,NOUN
de,ADP
como,SCONJ
era,AUX
de,ADP
larga,ADJ
y,CCONJ
gruesa,ADJ
.,PUNCT
Esta,DET
serpiente,NOUN
después,ADV
los,DET
Indios,PROPN
la,PRON
despedazaron,VERB
",",PUNCT
la,PRON
asaron,VERB
",",PUNCT
la,PRON
hicieron,VERB
hervir,VERB
y,CCONJ
se,PRON
la,PRON
comieron,VERB
en,ADP
sus,DET
casas,NOUN
.,PUNCT
"
  

",SPACE
CAPÍTULO,ADJ
XVIII,NOUN
"
",SPACE
LLEGAN,PROPN
Á,PROPN
LOS,DET
ZECHENNAUS,PROPN
SALUAISCHCO,PROPN
Y,CCONJ
MEPENES,PROPN
"

",SPACE
De,ADP
allí,ADV
navegamos,VERB
el,DET
Paranaw,PROPN
arriba,ADV
y,CCONJ
después,ADV
de,ADP
4,NUM
días,NOUN
de,ADP
viaje,NOUN
llegamos,VERB
á,ADP
una,DET
nación,NOUN
que,PRON
se,PRON
llama,VERB
Zechennaus,PROPN
Saluaischco,PROPN
(,PUNCT
Chaná-Salvajes,PROPN
),PUNCT
",",PUNCT
[,INTJ
son,AUX
],NOUN
gente,NOUN
petiza,PROPN
y,CCONJ
gruesa,ADJ
",",PUNCT
no,ADV
tienen,VERB
más,ADV
de,ADP
comer,VERB
que,SCONJ
pescado,NOUN
y,CCONJ
miel,NOUN
.,PUNCT
Esta,DET
gente,NOUN
",",PUNCT
tanto,ADV
hombres,NOUN
como,SCONJ
mujeres,NOUN
",",PUNCT
mozos,NOUN
como,SCONJ
viejos,ADJ
",",PUNCT
andan,VERB
en,ADP
cueros,NOUN
vivos,ADJ
",",PUNCT
así,ADV
como,SCONJ
fueron,AUX
lanzados,VERB
al,ADP
mundo,NOUN
",",PUNCT
de,ADP
suerte,NOUN
que,PRON
no,ADV
visten,VERB
ni,ADV
un,DET
trapillo,NOUN
ni,CCONJ
cosa,NOUN
alguna,DET
que,PRON
les,PRON
sirva,VERB
para,ADP
tapar,VERB
las,DET
vergüenzas,NOUN
;,PUNCT
están,AUX
de,ADP
guerra,NOUN
con,ADP
los,DET
Machueradeiss,PROPN
;,PUNCT
y,CCONJ
su,DET
carne,NOUN
es,AUX
la,DET
de,ADP
ciervos,NOUN
",",PUNCT
chanchos,NOUN
del,ADP
monte,NOUN
",",PUNCT
avestruces,NOUN
y,CCONJ
conejos,NOUN
",",PUNCT
que,PRON
parecen,VERB
ratones,NOUN
",",PUNCT
pero,CCONJ
sin,ADP
la,DET
cola,NOUN
.,PUNCT
"
",SPACE
Esta,DET
nación,NOUN
está,AUX
á,ADP
18,NUM
millas,NOUN
(,PUNCT
leguas,NOUN
),PUNCT
de,ADP
los,DET
Machueradeis,PROPN
.,PUNCT
Esta,DET
jornada,NOUN
la,PRON
hicimos,VERB
en,ADP
4,NUM
días,NOUN
.,PUNCT
Permanecimos,VERB
sólo,ADV
una,DET
noche,NOUN
con,ADP
ellos,PRON
",",PUNCT
porque,SCONJ
ni,CCONJ
para,ADP
ellos,PRON
tenían,VERB
de,ADP
comer,VERB
;,PUNCT
es,AUX
una,DET
nación,NOUN
que,PRON
se,PRON
parece,VERB
á,ADP
los,DET
salteadores,NOUN
de,ADP
caminos,NOUN
de,ADP
nuestro,DET
país,NOUN
.,PUNCT
Viven,VERB
ellos,PRON
á,ADP
unas,PRON
20,NUM
millas,NOUN
(,PUNCT
leguas,NOUN
),PUNCT
del,ADP
agua,NOUN
(,PUNCT
el,DET
río,NOUN
),PUNCT
",",PUNCT
para,ADP
evitar,VERB
que,SCONJ
los,PRON
tomen,VERB
de,ADP
sorpresa,NOUN
sus,DET
enemigos,NOUN
.,PUNCT
Pero,CCONJ
en,ADP
esta,DET
ocasión,NOUN
habían,AUX
bajado,VERB
al,ADP
agua,NOUN
5,NUM
días,NOUN
antes,ADV
de,ADP
llegar,VERB
nosotros,PRON
para,ADP
proveerse,VERB
de,ADP
pescado,NOUN
y,CCONJ
para,ADP
pelear,VERB
con,ADP
los,DET
Machurades,PROPN
;,PUNCT
son,AUX
fuertes,ADJ
de,ADP
unos,PRON
2.000,NUM
hombres,NOUN
.,PUNCT
"

",SPACE
De,ADP
allí,ADV
partimos,VERB
y,CCONJ
llegamos,VERB
á,ADP
una,DET
nación,NOUN
que,PRON
se,PRON
llaman,VERB
Mapenuss,PROPN
(,PUNCT
Mepenes,PROPN
),PUNCT
.,PUNCT
Estos,PRON
son,AUX
fuertes,ADJ
como,SCONJ
de,ADP
100.000,NUM
hombres,NOUN
",",PUNCT
viven,VERB
en,ADP
todas,DET
partes,NOUN
de,ADP
aquella,DET
tierra,NOUN
",",PUNCT
que,PRON
se,PRON
extiende,VERB
por,ADP
unas,PRON
40,NUM
millas,NOUN
(,PUNCT
leguas,NOUN
),PUNCT
á,ADP
uno,PRON
y,CCONJ
otro,DET
viento,NOUN
",",PUNCT
pero,CCONJ
se,PRON
los,PRON
puede,AUX
reunir,VERB
á,ADP
todos,PRON
por,ADP
tierra,NOUN
y,CCONJ
agua,NOUN
en,ADP
2,NUM
días,NOUN
;,PUNCT
tienen,VERB
más,ADV
canoas,NOUN
ó,CCONJ
esquifes,ADJ
que,SCONJ
cualquier,DET
otra,DET
nación,NOUN
de,ADP
las,DET
que,PRON
hasta,ADP
allí,ADV
habíamos,AUX
visto,VERB
;,PUNCT
en,ADP
cada,DET
una,PRON
de,ADP
estas,DET
canoas,NOUN
ó,CCONJ
esquifes,ADJ
cabían,VERB
hasta,ADP
20,NUM
personas,NOUN
.,PUNCT
"
",SPACE
Esta,DET
gente,NOUN
nos,PRON
salió,VERB
al,ADP
encuentro,NOUN
por,ADP
agua,NOUN
en,ADP
son,AUX
de,ADP
guerra,NOUN
",",PUNCT
con,ADP
500,NUM
canoas,NOUN
ó,CCONJ
esquifes,ADJ
",",PUNCT
pero,CCONJ
sin,ADP
sacarnos,VERB
mayor,ADJ
ventaja,NOUN
",",PUNCT
les,PRON
matamos,VERB
á,ADP
muchos,PRON
con,ADP
nuestros,DET
arcabuces,NOUN
",",PUNCT
porque,SCONJ
hasta,ADP
entonces,ADV
no,ADV
habían,AUX
visto,VERB
arcabuces,NOUN
ni,CCONJ
cristianos,NOUN
.,PUNCT
Mas,PROPN
cuando,SCONJ
llegamos,VERB
á,ADP
sus,DET
casas,NOUN
no,ADV
les,PRON
pudimos,AUX
sacar,VERB
ventaja,NOUN
alguna,DET
",",PUNCT
porque,SCONJ
el,DET
lugar,NOUN
distaba,VERB
una,DET
milla,NOUN
(,PUNCT
legua,NOUN
),PUNCT
de,ADP
camino,NOUN
del,ADP
agua,NOUN
Paranaw,PROPN
",",PUNCT
donde,PRON
teníamos,VERB
los,DET
navíos,NOUN
",",PUNCT
y,CCONJ
sus,DET
pueblos,NOUN
estaban,AUX
rodeados,ADJ
de,ADP
agua,NOUN
muy,ADV
profunda,ADJ
á,ADP
todos,DET
vientos,NOUN
",",PUNCT
así,ADV
que,SCONJ
no,ADV
les,PRON
pudimos,AUX
hacer,VERB
mal,ADV
alguno,PRON
",",PUNCT
ni,CCONJ
quitarles,VERB
nada,PRON
;,PUNCT
y,CCONJ
como,SCONJ
hallamos,VERB
250,NUM
canoas,NOUN
",",PUNCT
ó,CCONJ
esquifes,ADJ
",",PUNCT
las,PRON
quemamos,VERB
y,CCONJ
destruimos,VERB
.,PUNCT
Tampoco,ADV
nos,PRON
pareció,VERB
prudente,ADJ
apartarnos,VERB
demasiado,ADV
de,ADP
nuestros,DET
navíos,NOUN
",",PUNCT
porque,SCONJ
recelábamos,VERB
que,SCONJ
nos,PRON
pudiesen,AUX
atacar,VERB
por,ADP
el,DET
lado,NOUN
opuesto,ADJ
;,PUNCT
así,ADV
",",PUNCT
pues,SCONJ
",",PUNCT
nos,PRON
volvimos,VERB
á,ADP
los,DET
navíos,NOUN
;,PUNCT
porque,SCONJ
la,DET
guerra,NOUN
que,PRON
ellos,PRON
hacen,VERB
es,AUX
sólo,ADV
por,ADP
agua,NOUN
.,PUNCT
"
",SPACE
Hasta,ADP
estos,DET
Mapenus,PROPN
",",PUNCT
desde,ADP
la,DET
antedicha,ADJ
nación,NOUN
que,PRON
acabamos,VERB
de,ADP
dejar,VERB
(,PUNCT
se,PRON
cuentan,VERB
),PUNCT
95,NUM
millas,NOUN
(,PUNCT
leguas,NOUN
),PUNCT
de,ADP
camino,NOUN
.,PUNCT
"

",SPACE
CAPÍTULO,ADJ
XIX,NOUN
"
",SPACE
LLEGAN,PROPN
Á,PROPN
LOS,DET
KUEREMAGBEIS,PROPN
Y,CCONJ
AGÁ,PROPN
"

",SPACE
Desde,ADP
allí,ADV
á,ADP
los,DET
8,NUM
días,NOUN
llegamos,VERB
á,ADP
un,DET
agua,NOUN
corriente,ADJ
llamada,ADJ
Paraboe,PROPN
(,PUNCT
Paraguay,PROPN
),PUNCT
;,PUNCT
por,ADP
ella,PRON
navegamos,VERB
aguas,NOUN
arriba,ADV
.,PUNCT
Allí,ADV
encontramos,VERB
muchísima,ADJ
gente,NOUN
",",PUNCT
(,PUNCT
que,PRON
se,PRON
llaman,VERB
),PUNCT
Kueremagbeis,PROPN
",",PUNCT
que,PRON
no,ADV
tienen,VERB
más,ADV
de,ADP
comer,VERB
que,SCONJ
pescado,NOUN
y,CCONJ
carne,NOUN
y,CCONJ
pan,NOUN
de,ADP
San,PROPN
Juan,PROPN
ó,CCONJ
cuerno,NOUN
de,ADP
cabra,PROPN
(,PUNCT
algarrobo,PROPN
),PUNCT
",",PUNCT
de,ADP
lo,PRON
que,PRON
hacen,VERB
vino,NOUN
;,PUNCT
esta,DET
gente,NOUN
nos,PRON
trató,VERB
muy,ADV
bien,ADV
y,CCONJ
nos,PRON
proporcionó,VERB
cuanto,PRON
nos,PRON
faltaba,VERB
.,PUNCT
Son,AUX
altos,ADJ
y,CCONJ
corpulentos,ADJ
",",PUNCT
así,ADV
hombres,NOUN
como,SCONJ
mujeres,NOUN
.,PUNCT
Estos,DET
hombres,NOUN
se,PRON
horadan,VERB
las,DET
narices,NOUN
y,CCONJ
en,ADP
la,DET
aberturita,NOUN
meten,VERB
una,DET
pluma,NOUN
de,ADP
papagayo,PROPN
;,PUNCT
las,DET
mujeres,NOUN
se,PRON
pintan,VERB
la,DET
parte,NOUN
inferior,ADJ
de,ADP
la,DET
cara,NOUN
con,ADP
unas,DET
rayas,NOUN
largas,ADJ
de,ADP
azul,NOUN
",",PUNCT
que,PRON
les,PRON
duran,VERB
por,ADP
toda,DET
la,DET
vida,NOUN
;,PUNCT
y,CCONJ
se,PRON
tapan,VERB
las,DET
vergüenzas,NOUN
con,ADP
un,DET
pañito,NOUN
de,ADP
algodón,NOUN
desde,ADP
el,DET
ombligo,NOUN
hasta,ADP
las,DET
rodillas,NOUN
.,PUNCT
Hay,AUX
desde,ADP
los,DET
dichos,ADJ
Mapenniss,PROPN
hasta,ADP
estos,PRON
Kurgmaibeis,PROPN
40,NUM
millas,NOUN
(,PUNCT
leguas,NOUN
),PUNCT
de,ADP
camino,NOUN
;,PUNCT
paramos,VERB
3,NUM
días,NOUN
con,ADP
ellos,PRON
.,PUNCT
"

",SPACE
De,ADP
allí,ADV
llegamos,VERB
á,ADP
una,DET
nación,NOUN
llamada,ADJ
Aigeiss,PROPN
(,PUNCT
Agazes,PROPN
),PUNCT
",",PUNCT
tienen,VERB
pescado,NOUN
y,CCONJ
carne,NOUN
;,PUNCT
iten,VERB
son,AUX
altos,ADJ
y,CCONJ
bien,ADV
formados,ADJ
",",PUNCT
uno,PRON
y,CCONJ
otro,DET
sexo,NOUN
;,PUNCT
las,DET
mujeres,NOUN
son,AUX
lindas,ADJ
",",PUNCT
se,PRON
pintan,VERB
y,CCONJ
se,PRON
tapan,VERB
las,DET
vergüenzas,NOUN
.,PUNCT
"
",SPACE
Eso,PRON
que,PRON
llegamos,VERB
adonde,SCONJ
ellos,PRON
estaban,VERB
",",PUNCT
se,PRON
presentaron,VERB
de,ADP
guerra,NOUN
dispuestos,ADJ
á,ADP
pelearnos,VERB
;,PUNCT
y,CCONJ
con,ADP
esto,PRON
creían,VERB
no,ADV
dejarnos,VERB
pasar,VERB
adelante,ADV
;,PUNCT
cuando,SCONJ
esto,PRON
vimos,VERB
y,CCONJ
que,SCONJ
no,ADV
había,AUX
más,ADV
remedio,NOUN
",",PUNCT
nos,PRON
encomendamos,VERB
á,ADP
Dios,PROPN
",",PUNCT
el,DET
Todopoderoso,PROPN
",",PUNCT
y,CCONJ
nos,PRON
preparamos,VERB
en,ADP
orden,NOUN
de,ADP
batalla,NOUN
por,ADP
agua,NOUN
y,CCONJ
por,ADP
tierra,NOUN
",",PUNCT
los,PRON
peleamos,VERB
y,CCONJ
acabamos,VERB
á,ADP
muchísimos,PRON
de,ADP
los,DET
Aigas,PROPN
",",PUNCT
y,CCONJ
ellos,PRON
nos,PRON
mataron,VERB
15,NUM
hombres,NOUN
.,PUNCT
Dios,PROPN
los,PRON
favorezca,VERB
á,ADP
todos,PRON
.,PUNCT
Estos,DET
Aeiges,PROPN
son,AUX
buenos,ADJ
guerreros,NOUN
",",PUNCT
los,DET
mejores,ADJ
que,PRON
hay,AUX
",",PUNCT
si,SCONJ
es,AUX
por,ADP
agua,NOUN
",",PUNCT
pero,CCONJ
por,ADP
tierra,NOUN
no,ADV
lo,PRON
son,AUX
tanto,ADV
.,PUNCT
"

",SPACE
Con,ADP
tiempo,NOUN
habían,AUX
hecho,VERB
huir,VERB
á,ADP
sus,DET
mujeres,NOUN
é,CCONJ
hijos,NOUN
",",PUNCT
del,ADP
mismo,DET
modo,NOUN
habían,AUX
ocultado,VERB
la,DET
comida,NOUN
y,CCONJ
cuanto,PRON
tenían,VERB
",",PUNCT
así,ADV
que,SCONJ
no,ADV
les,PRON
pudimos,AUX
quitar,VERB
ni,CCONJ
aprovechar,VERB
nada,PRON
.,PUNCT
Mas,CCONJ
cómo,PRON
les,PRON
fué,AUX
al,ADP
fin,NOUN
es,AUX
lo,PRON
que,PRON
á,ADP
su,DET
tiempo,NOUN
se,PRON
dirá,VERB
.,PUNCT
"

",SPACE
Su,DET
pueblo,NOUN
está,AUX
cerca,ADV
de,ADP
un,DET
agua,NOUN
corriente,ADJ
(,PUNCT
río,NOUN
),PUNCT
que,PRON
se,PRON
llama,VERB
Jepedy,PROPN
(,PUNCT
Ipiti,PROPN
),PUNCT
",",PUNCT
se,PRON
halla,VERB
en,ADP
la,DET
otra,DET
banda,NOUN
del,ADP
Paraboe,PROPN
",",PUNCT
nace,VERB
de,ADP
la,DET
sierra,NOUN
del,ADP
Perú,PROPN
",",PUNCT
de,ADP
una,DET
ciudad,NOUN
llamada,ADJ
Duchkameyen,PROPN
(,PUNCT
Tucumán,PROPN
),PUNCT
.,PUNCT
A,ADP
los,DET
Aeiges,PROPN
de,ADP
los,DET
dichos,ADJ
Kuremagbeis,PROPN
son,AUX
35,NUM
milla,PROPN
(,PUNCT
leguas,PROPN
),PUNCT
de,ADP
camino,NOUN
.,PUNCT
"
 
",SPACE
CAPÍTULO,PROPN
XX,NOUN
"
",SPACE
LOS,DET
PUEBLOS,PROPN
CARÍOS,PROPN
"

",SPACE
Después,ADV
de,ADP
esto,PRON
tuvimos,VERB
que,SCONJ
dejar,VERB
á,ADP
estos,PRON
Aygass,PROPN
y,CCONJ
llegamos,VERB
á,ADP
una,DET
otra,DET
nación,NOUN
",",PUNCT
llamada,ADJ
Caríes,PROPN
(,PUNCT
Caríos,PROPN
),PUNCT
",",PUNCT
están,AUX
á,ADP
50,NUM
millas,NOUN
(,PUNCT
leguas,NOUN
),PUNCT
de,ADP
camino,NOUN
de,ADP
los,DET
Aygas,PROPN
;,PUNCT
allí,ADV
Dios,PROPN
",",PUNCT
él,PRON
que,PRON
todo,PRON
lo,PRON
puede,VERB
",",PUNCT
nos,PRON
dió,VERB
su,DET
santa,ADJ
bendición,NOUN
",",PUNCT
porque,SCONJ
estos,DET
Caríos,PROPN
tenían,VERB
trigo,NOUN
turco,ADJ
ó,CCONJ
meys,NOUN
(,PUNCT
maíz,NOUN
),PUNCT
y,CCONJ
manndeochade,PROPN
(,PUNCT
mandioca,PROPN
),PUNCT
",",PUNCT
padades,NOUN
(,PUNCT
batatas,NOUN
),PUNCT
",",PUNCT
manndeos,PROPN
perroy,PROPN
",",PUNCT
mandeporre,PROPN
",",PUNCT
manduris,PROPN
(,PUNCT
manduvis,NOUN
),PUNCT
",",PUNCT
vachgekhue,PROPN
",",PUNCT
también,ADV
pescado,ADJ
y,CCONJ
carne,NOUN
",",PUNCT
ciervos,NOUN
y,CCONJ
chanchos,NOUN
del,ADP
monte,NOUN
",",PUNCT
avestruces,NOUN
",",PUNCT
ovejas,NOUN
de,ADP
la,DET
tierra,NOUN
(,PUNCT
guanacos,NOUN
),PUNCT
",",PUNCT
conejillos,NOUN
",",PUNCT
gallinas,NOUN
y,CCONJ
gansos,NOUN
;,PUNCT
también,ADV
tienen,VERB
miel,NOUN
",",PUNCT
de,ADP
la,DET
que,PRON
se,PRON
hace,VERB
vino,NOUN
",",PUNCT
en,ADP
mucha,DET
abundancia,NOUN
",",PUNCT
iten,VERB
hay,AUX
muchísimo,ADJ
algodón,NOUN
en,ADP
la,DET
tierra,NOUN
.,PUNCT
"

",SPACE
La,DET
tierra,NOUN
de,ADP
estos,DET
Caríos,PROPN
es,AUX
de,ADP
mucha,DET
extensión,NOUN
",",PUNCT
casi,ADV
300,NUM
millas,NOUN
(,PUNCT
leguas,NOUN
),PUNCT
de,ADP
ancho,NOUN
y,CCONJ
largo,PROPN
",",PUNCT
son,AUX
hombres,NOUN
petizos,ADJ
y,CCONJ
gruesos,ADJ
y,CCONJ
más,ADV
capaces,ADJ
de,ADP
servir,VERB
á,ADP
otros,PRON
.,PUNCT
Iten,PROPN
los,DET
varones,NOUN
tienen,VERB
en,ADP
el,DET
labio,NOUN
un,DET
agujero,NOUN
pequeño,ADJ
en,ADP
el,DET
que,PRON
meten,VERB
un,DET
cristal,NOUN
amarillo,ADJ
",",PUNCT
que,PRON
en,ADP
lengua,NOUN
de,ADP
ellos,PRON
se,PRON
llama,VERB
parabol,NOUN
(,PUNCT
barbote,NOUN
),PUNCT
",",PUNCT
de,ADP
dos,NUM
jemes,NOUN
de,ADP
largo,NOUN
y,CCONJ
grueso,ADJ
como,SCONJ
el,DET
canuto,NOUN
de,ADP
una,DET
pluma,NOUN
.,PUNCT
Esta,DET
gente,NOUN
",",PUNCT
hombres,NOUN
y,CCONJ
mujeres,NOUN
",",PUNCT
andan,VERB
en,ADP
cueros,NOUN
vivos,ADJ
",",PUNCT
tal,PRON
como,SCONJ
Dios,PROPN
los,PRON
echó,VERB
al,ADP
mundo,NOUN
.,PUNCT
Entre,ADP
estos,DET
Indios,PROPN
el,DET
padre,NOUN
vende,VERB
á,ADP
la,DET
hija,NOUN
",",PUNCT
iten,VERB
el,DET
marido,NOUN
á,ADP
la,DET
mujer,NOUN
",",PUNCT
si,SCONJ
esta,PRON
no,ADV
le,PRON
gusta,VERB
",",PUNCT
también,ADV
el,DET
hermano,NOUN
vende,VERB
ó,CCONJ
permuta,VERB
á,ADP
la,DET
hermana,NOUN
;,PUNCT
una,DET
mujer,NOUN
cuesta,VERB
una,DET
camisa,NOUN
",",PUNCT
ó,CCONJ
un,DET
cuchillo,NOUN
de,ADP
cortar,VERB
pan,NOUN
",",PUNCT
ó,CCONJ
un,DET
anzuelo,NOUN
ó,CCONJ
cualquier,DET
otra,DET
baratija,NOUN
por,ADP
el,DET
estilo,NOUN
.,PUNCT
"

",SPACE
Estos,DET
Caríos,PROPN
también,ADV
comen,VERB
carne,NOUN
humana,ADJ
",",PUNCT
cuando,SCONJ
se,PRON
ofrece,VERB
",",PUNCT
es,NOUN
decir,NOUN
",",PUNCT
cuando,SCONJ
pelean,VERB
y,CCONJ
toman,VERB
algún,DET
enemigo,NOUN
",",PUNCT
sea,AUX
hombre,NOUN
ó,CCONJ
mujer,NOUN
",",PUNCT
y,CCONJ
como,SCONJ
se,PRON
ceban,VERB
los,DET
chanchos,NOUN
en,ADP
Alemania,PROPN
",",PUNCT
así,ADV
ceban,VERB
ellos,PRON
á,ADP
los,DET
prisioneros,NOUN
;,PUNCT
pero,CCONJ
si,SCONJ
la,DET
mujer,NOUN
es,AUX
algo,PRON
linda,ADJ
y,CCONJ
joven,ADJ
",",PUNCT
la,PRON
conservan,VERB
por,ADP
un,DET
año,NOUN
ó,CCONJ
más,ADV
",",PUNCT
y,CCONJ
si,SCONJ
durante,ADP
ese,DET
tiempo,NOUN
no,ADV
alcanza,VERB
á,ADP
llenarles,VERB
el,DET
gusto,NOUN
la,PRON
matan,VERB
y,CCONJ
se,PRON
la,PRON
comen,VERB
",",PUNCT
y,CCONJ
con,ADP
ella,PRON
hacen,VERB
fiesta,NOUN
solemne,ADJ
",",PUNCT
ó,CCONJ
como,SCONJ
si,SCONJ
fuese,AUX
para,ADP
una,DET
boda,NOUN
;,PUNCT
mas,ADV
si,SCONJ
la,DET
persona,NOUN
es,AUX
vieja,ADJ
la,PRON
hacen,VERB
trabajar,VERB
en,ADP
la,DET
labranza,NOUN
hasta,ADP
que,SCONJ
se,PRON
muere,VERB
.,PUNCT
"

",SPACE
Esta,DET
gente,NOUN
es,AUX
la,DET
más,ADV
caminadora,ADJ
de,ADP
cuantas,ADJ
naciones,NOUN
hay,AUX
en,ADP
el,DET
Río,PROPN
delle,PROPN
Plata,PROPN
;,PUNCT
son,AUX
grandes,ADJ
guerreros,NOUN
por,ADP
tierra,NOUN
.,PUNCT
Sus,DET
pueblos,NOUN
ó,CCONJ
ciudades,NOUN
están,VERB
en,ADP
las,DET
alturas,NOUN
del,ADP
agua,NOUN
 ,SPACE
(,PUNCT
río,NOUN
),PUNCT
Paraboe,PROPN
.,PUNCT
"
 

 
",SPACE
CAPÍTULO,PROPN
XXI,PROPN
"
",SPACE
DESCRIBE,PROPN
LA,DET
CIUDAD,NOUN
DE,ADP
LAMBARÉ,PROPN
Y,CCONJ
SU,DET
CAPTURA,NOUN
"

",SPACE
Y,CCONJ
este,DET
pueblo,NOUN
antes,ADV
se,PRON
llamó,VERB
",",PUNCT
en,ADP
lengua,NOUN
de,ADP
Indios,PROPN
",",PUNCT
Lambere,PROPN
(,PUNCT
Lambaré,PROPN
),PUNCT
;,PUNCT
la,DET
ciudad,NOUN
de,ADP
ellos,PRON
está,AUX
rodeada,ADJ
con,ADP
2,NUM
pallersaide,NOUN
(,PUNCT
palizadas,NOUN
),PUNCT
de,ADP
madera,NOUN
",",PUNCT
cada,DET
poste,NOUN
del,ADP
grueso,NOUN
de,ADP
un,DET
hombre,NOUN
;,PUNCT
y,CCONJ
la,DET
una,DET
pallersaide,NOUN
está,AUX
á,ADP
12,NUM
pasos,NOUN
de,ADP
la,DET
otra,PRON
;,PUNCT
los,DET
postes,NOUN
están,AUX
enterrados,ADJ
ó,CCONJ
clavados,VERB
en,ADP
hondura,NOUN
de,ADP
6,NUM
pies,NOUN
",",PUNCT
y,CCONJ
se,PRON
levantan,VERB
del,ADP
suelo,NOUN
lo,PRON
que,PRON
puede,AUX
alcanzar,VERB
un,DET
hombre,NOUN
con,ADP
la,DET
punta,NOUN
de,ADP
su,DET
tizona,NOUN
.,PUNCT
"

",SPACE
Iten,PROPN
habían,AUX
cavado,VERB
unos,DET
fosos,NOUN
",",PUNCT
también,ADV
á,ADP
distancia,NOUN
de,ADP
15,NUM
pies,NOUN
del,ADP
muro,NOUN
de,ADP
esta,DET
su,DET
ciudad,NOUN
habían,AUX
dejado,VERB
unos,DET
hoyos,NOUN
en,ADP
que,PRON
podían,AUX
pararse,VERB
3,NUM
hombres,NOUN
",",PUNCT
adentro,ADV
habían,AUX
clavado,VERB
(,PUNCT
como,SCONJ
para,ADP
que,SCONJ
no,ADV
sobresaliesen,ADV
),PUNCT
estacones,NOUN
de,ADP
palo,NOUN
duro,ADJ
y,CCONJ
puntiagudos,ADJ
como,SCONJ
aguja,NOUN
;,PUNCT
y,CCONJ
habían,AUX
tapado,VERB
estos,DET
hoyos,NOUN
con,ADP
paja,NOUN
y,CCONJ
ramas,NOUN
cubiertas,ADJ
de,ADP
tierra,NOUN
y,CCONJ
pasto,NOUN
",",PUNCT
á,ADP
fin,NOUN
de,ADP
que,SCONJ
cuando,SCONJ
nosotros,PRON
los,DET
Cristianos,NOUN
persiguiésemos,VERB
á,ADP
los,DET
Caríos,PROPN
ó,CCONJ
atacásemos,VERB
su,DET
ciudad,NOUN
",",PUNCT
cayésemos,ADJ
en,ADP
estos,DET
hoyos,NOUN
;,PUNCT
pero,CCONJ
fueron,AUX
tantos,DET
los,DET
hoyos,NOUN
cavados,ADJ
",",PUNCT
que,SCONJ
al,ADP
fin,NOUN
los,DET
mismos,DET
Indios,PROPN
se,PRON
caían,VERB
en,ADP
ellos,PRON
.,PUNCT
"

",SPACE
Entonces,ADV
empuñaron,VERB
los,DET
Caríos,PROPN
sus,DET
arcos,NOUN
y,CCONJ
sus,DET
rodelas,NOUN
",",PUNCT
con,ADP
ellos,PRON
en,ADP
las,DET
manos,NOUN
nos,PRON
recibieron,VERB
y,CCONJ
ésta,PRON
fué,AUX
la,DET
bienvenida,NOUN
que,PRON
nos,PRON
dieron,VERB
.,PUNCT
Ni,CCONJ
aun,NOUN
así,ADV
quisimos,VERB
nosotros,PRON
hacerles,VERB
mal,ADV
",",PUNCT
y,CCONJ
les,PRON
rogamos,VERB
portercera,NOUN
vez,NOUN
que,SCONJ
se,PRON
mantuviesen,VERB
de,ADP
paz,NOUN
[,NOUN
porque,SCONJ
deseábamos,VERB
ser,AUX
sus,DET
amigos,NOUN
],NOUN
;,PUNCT
mas,ADV
ellos,PRON
no,ADV
quisieron,VERB
hacer,VERB
caso,NOUN
",",PUNCT
porque,SCONJ
no,ADV
habían,AUX
experimentado,VERB
lo,PRON
que,PRON
eran,AUX
las,DET
rodelas,NOUN
y,CCONJ
los,DET
arcabuces,NOUN
nuestros,DET
.,PUNCT
Y,CCONJ
cuando,SCONJ
ya,ADV
nos,PRON
pusimos,VERB
cerca,ADV
de,ADP
ellos,PRON
les,PRON
hicimos,VERB
un,DET
descarga,NOUN
con,ADP
nuestras,DET
bocas,NOUN
de,ADP
fuego,NOUN
;,PUNCT
eso,PRON
que,PRON
la,PRON
oyeron,VERB
y,CCONJ
vieron,VERB
que,SCONJ
su,DET
gente,NOUN
caía,VERB
al,ADP
suelo,NOUN
",",PUNCT
y,CCONJ
",",PUNCT
que,PRON
no,ADV
asomaban,VERB
ni,CCONJ
jara,PROPN
ni,CCONJ
flecha,NOUN
alguna,ADJ
y,CCONJ
sólo,ADV
sí,PRON
un,DET
agujero,NOUN
en,ADP
el,DET
cuerpo,NOUN
",",PUNCT
se,PRON
llenaron,VERB
de,ADP
espanto,NOUN
",",PUNCT
les,PRON
entró,VERB
miedo,NOUN
y,CCONJ
al,ADP
punto,NOUN
huyeron,VERB
en,ADP
pelotón,NOUN
y,CCONJ
se,PRON
caían,VERB
unos,PRON
sobre,ADP
otros,PRON
como,SCONJ
perros,NOUN
;,PUNCT
y,CCONJ
tanto,ADV
fué,AUX
el,DET
apuro,NOUN
de,ADP
meterse,VERB
en,ADP
su,DET
pueblo,NOUN
que,SCONJ
como,SCONJ
unos,PRON
200,NUM
Caríos,PROPN
cayeron,VERB
ellos,PRON
mismos,PRON
en,ADP
sus,DET
ya,ADV
dichos,ADJ
hoyos,NOUN
durante,ADP
el,DET
descalabro,NOUN
.,PUNCT
"
",SPACE
Después,ADV
de,ADP
esto,PRON
nosotros,PRON
los,DET
Cristianos,PROPN
nos,PRON
acercamos,VERB
al,ADP
pueblo,NOUN
de,ADP
ellos,PRON
y,CCONJ
lo,PRON
atacamos,VERB
",",PUNCT
mas,ADV
ellos,PRON
se,PRON
defendieron,VERB
lo,PRON
mejor,ADJ
que,PRON
pudieron,VERB
",",PUNCT
hasta,ADP
el,DET
tercer,ADJ
día,NOUN
.,PUNCT
Como,SCONJ
ya,ADV
no,ADV
podían,AUX
resistir,VERB
más,ADV
y,CCONJ
temían,VERB
por,ADP
las,DET
mujeres,NOUN
é,CCONJ
hijos,NOUN
",",PUNCT
que,PRON
también,ADV
tenían,VERB
consigo,PRON
en,ADP
la,DET
ciudad,NOUN
",",PUNCT
nos,PRON
pidieron,VERB
misericordia,NOUN
prometiendo,VERB
complacernos,VERB
en,ADP
todo,PRON
con,ADP
tal,NOUN
que,SCONJ
les,PRON
perdonásemos,VERB
las,DET
vidas,NOUN
.,PUNCT
También,ADV
le,PRON
trajeron,VERB
á,ADP
nuestro,DET
capitán,NOUN
Jann,PROPN
Eyollass,PROPN
6,NUM
mujeres,NOUN
",",PUNCT
de,ADP
las,DET
que,PRON
la,DET
mayor,ADJ
tendría,VERB
unos,PRON
18,NUM
años,NOUN
;,PUNCT
iten,VERB
le,PRON
presentaron,VERB
también,ADV
8,NUM
venados,ADJ
",",PUNCT
ciervos,NOUN
y,CCONJ
otras,DET
salvajinas,NOUN
más,ADV
.,PUNCT
De,ADP
ahí,ADV
se,PRON
empeñaron,VERB
con,ADP
nosotros,PRON
paraque,PRON
nos,PRON
quedásemos,VERB
con,ADP
ellos,PRON
",",PUNCT
y,CCONJ
le,PRON
regalaron,VERB
á,ADP
cada,DET
soldado,NOUN
2,NUM
mujeres,NOUN
",",PUNCT
para,ADP
que,SCONJ
nos,PRON
sirvan,VERB
en,ADP
el,DET
lavado,NOUN
y,CCONJ
cocina,NOUN
.,PUNCT
También,ADV
nos,PRON
dieron,VERB
comida,NOUN
y,CCONJ
de,ADP
cuanto,NOUN
nos,PRON
hacía,VERB
falta,NOUN
.,PUNCT
Así,ADV
de,ADP
esta,DET
manera,NOUN
se,PRON
hizo,VERB
la,DET
paz,NOUN
entre,ADP
nosotros,PRON
.,PUNCT
"

",SPACE
CAPÍTULO,PROPN
XXII,PROPN
"
",SPACE
LA,DET
ASUNCIÓN,NOUN
FUNDADA,PROPN
.,PUNCT
GUERRA,NOUN
DE,ADP
LOS,DET
AGÁ,PROPN
"

",SPACE
Después,ADV
de,ADP
esto,PRON
se,PRON
vieron,VERB
obligados,ADJ
los,DET
Caríos,PROPN
á,ADP
levantarnos,VERB
una,DET
gran,ADJ
casa,NOUN
de,ADP
piedra,PROPN
",",PUNCT
tierra,NOUN
y,CCONJ
madera,NOUN
",",PUNCT
para,ADP
que,SCONJ
si,SCONJ
con,ADP
el,DET
andar,VERB
del,ADP
tiempo,NOUN
llegase,VERB
á,ADP
acontecer,VERB
que,SCONJ
se,PRON
levantasen,VERB
contra,ADP
los,DET
Cristianos,PROPN
",",PUNCT
tuviesen,VERB
estos,DET
un,DET
amparo,NOUN
y,CCONJ
pudiesen,AUX
defenderse,VERB
.,PUNCT
Tomamos,VERB
este,DET
pueblo,NOUN
de,ADP
los,DET
Caríos,PROPN
el,DET
día,NOUN
de,ADP
Nostra,PROPN
Singnora,PROPN
de,ADP
Sunsión,PROPN
[,PROPN
ganado,VERB
el,DET
año,NOUN
1536,NUM
],NOUN
y,CCONJ
se,PRON
llama,VERB
todavía,ADV
Nostra,PROPN
Singnora,PROPN
de,ADP
Sunsión,PROPN
esta,DET
su,DET
ciudad,NOUN
;,PUNCT
en,ADP
esta,DET
escaramuza,NOUN
cayeron,VERB
de,ADP
los,DET
nuestros,DET
16,NUM
hombres,NOUN
;,PUNCT
y,CCONJ
quedamos,VERB
allí,ADV
2,NUM
meses,NOUN
largos,ADJ
.,PUNCT
A,ADP
estos,DET
Caríos,PROPN
desde,ADP
los,DET
Aygaysen,PROPN
(,PUNCT
Agaces,PROPN
),PUNCT
hay30,VERB
millas,NOUN
(,PUNCT
leguas,NOUN
),PUNCT
y,CCONJ
desde,ADP
la,DET
isla,NOUN
Bon,PROPN
Esperainso,PROPN
",",PUNCT
esto,NOUN
es,NOUN
",",PUNCT
Guete,PROPN
Hofnung,PROPN
(,PUNCT
Buena,PROPN
Esperanza,PROPN
),PUNCT
donde,PRON
viven,VERB
los,DET
Tiembus,PROPN
",",PUNCT
cerca,ADV
de,ADP
335,NUM
millas,NOUN
(,PUNCT
leguas,NOUN
),PUNCT
de,ADP
camino,NOUN
.,PUNCT
"
",SPACE
Así,ADV
celebramos,VERB
un,DET
contrato,NOUN
con,ADP
los,DET
Caríos,PROPN
",",PUNCT
por,ADP
el,DET
que,PRON
se,PRON
obligaban,VERB
y,CCONJ
prometían,VERB
acompañarnos,VERB
á,ADP
la,DET
guerra,NOUN
y,CCONJ
auxiliarnos,VERB
con,ADP
8.000,NUM
hombres,NOUN
contra,ADP
los,DET
antedichos,NOUN
Aygaissen,PROPN
(,PUNCT
Agaces,PROPN
),PUNCT
.,PUNCT
"

",SPACE
Después,ADV
que,SCONJ
nuestro,DET
capitán,NOUN
general,ADJ
hubo,AUX
arreglado,ADJ
todo,DET
esto,PRON
",",PUNCT
sacó,VERB
él,PRON
300,NUM
Españoles,PROPN
con,ADP
más,ADV
los,DET
Caríos,PROPN
estos,DET
y,CCONJ
navegó,VERB
aguas,NOUN
abajo,ADV
",",PUNCT
y,CCONJ
después,ADV
por,ADP
tierra,NOUN
las,DET
30,NUM
millas,NOUN
(,PUNCT
leguas,NOUN
),PUNCT
",",PUNCT
hasta,ADP
donde,PRON
los,DET
dichos,ADJ
Aigais,PROPN
vivían,VERB
",",PUNCT
de,ADP
quienes,PRON
y,CCONJ
de,ADP
cómo,PRON
nos,PRON
trataron,VERB
se,PRON
dijo,VERB
ya,ADV
en,ADP
el,DET
Cap,PROPN
.,PUNCT
XIX,NOUN
.,PUNCT
Los,PRON
encontramos,VERB
en,ADP
el,DET
mismo,DET
lugar,NOUN
en,ADP
que,PRON
los,PRON
dejamos,VERB
",",PUNCT
y,CCONJ
los,PRON
sorprendimos,VERB
",",PUNCT
sin,ADP
que,SCONJ
nos,PRON
sintiesen,VERB
",",PUNCT
en,ADP
sus,DET
casas,NOUN
",",PUNCT
porque,SCONJ
aun,ADV
dormían,VERB
",",PUNCT
entre,ADP
las,DET
3,NUM
y,CCONJ
4,NUM
de,ADP
la,DET
mañana,NOUN
;,PUNCT
porque,SCONJ
los,DET
Caríos,PROPN
los,PRON
habían,AUX
descubierto,VERB
ó,CCONJ
espiado,ADJ
;,PUNCT
allí,ADV
matamos,VERB
chicos,NOUN
y,CCONJ
grandes,ADJ
dando,VERB
muerte,NOUN
á,ADP
todos,PRON
;,PUNCT
porque,SCONJ
es,AUX
costumbre,NOUN
de,ADP
los,DET
Caríos,PROPN
",",PUNCT
cuando,SCONJ
guerrean,VERB
y,CCONJ
salen,VERB
ganando,VERB
",",PUNCT
que,PRON
matan,VERB
á,ADP
todos,PRON
",",PUNCT
y,CCONJ
no,ADV
se,PRON
compadecen,VERB
de,ADP
nadie,PRON
.,PUNCT
"

",SPACE
Después,ADV
de,ADP
esto,PRON
tomamos,VERB
nosotros,PRON
500,NUM
cannanon,NOUN
(,PUNCT
canoas,NOUN
),PUNCT
ó,CCONJ
esquifes,ADJ
y,CCONJ
quemamos,VERB
todos,DET
los,DET
pueblos,NOUN
que,PRON
pudimos,AUX
hallar,VERB
é,NOUN
hicimos,VERB
mucho,DET
daño,NOUN
.,PUNCT
A,ADP
los,DET
4,NUM
meses,NOUN
vinieron,VERB
algunos,PRON
de,ADP
los,DET
Aygaissen,PROPN
",",PUNCT
que,SCONJ
no,ADV
habían,AUX
tomado,VERB
parte,NOUN
en,ADP
la,DET
tal,DET
escaramuza,NOUN
",",PUNCT
por,ADP
no,ADV
haberse,AUX
hallado,VERB
en,ADP
sus,DET
casas,NOUN
y,CCONJ
pidieron,VERB
perdón,NOUN
.,PUNCT
Este,PRON
se,PRON
lo,PRON
tuvo,VERB
que,SCONJ
conceder,VERB
nuestro,DET
capitán,NOUN
general,ADJ
según,ADP
orden,NOUN
de,ADP
la,DET
Cesárea,PROPN
Majestad,PROPN
",",PUNCT
que,PRON
se,PRON
había,AUX
de,ADP
perdonar,VERB
á,ADP
los,DET
Indios,PROPN
hasta,ADP
la,DET
tercera,ADJ
vez,NOUN
;,PUNCT
pero,CCONJ
había,AUX
de,ADP
ser,AUX
así,ADV
que,SCONJ
si,SCONJ
alguno,PRON
se,PRON
alzase,VERB
por,ADP
tercera,ADJ
vez,NOUN
",",PUNCT
debería,AUX
quedar,VERB
preso,ADJ
[,NOUN
ó,CCONJ
de,ADP
esclavo,NOUN
],NOUN
por,ADP
toda,DET
su,DET
vida,NOUN
.,PUNCT
"

",SPACE
CAPÍTULO,PROPN
XXIII,PROPN
"
",SPACE
LOS,DET
PAYAGUÁ,PROPN
.,PUNCT
VIAJE,NOUN
DE,ADP
DESCUBRIMIENTO,PROPN
"

",SPACE
Después,ADV
de,ADP
esto,PRON
permanecimos,VERB
nosotros,PRON
6,NUM
meses,NOUN
más,ADV
en,ADP
esta,DET
ciudad,NOUN
Nostra,PROPN
Singnora,PROPN
de,ADP
Sunsión,PROPN
",",PUNCT
en,ADP
Alemán,PROPN
—,X
Unnser,PROPN
Trauen,PROPN
Himelfart,PROPN
(,PUNCT
El,DET
Tránsito,PROPN
de,ADP
N.,PROPN
S.,PROPN
),PUNCT
",",PUNCT
 ,SPACE
y,CCONJ
descansamos,VERB
esa,DET
temporada,NOUN
.,PUNCT
Por,ADP
ese,DET
tiempo,NOUN
hizo,VERB
nuestro,DET
capitán,NOUN
Jann,PROPN
Eyollas,PROPN
que,PRON
estos,DET
Caríos,PROPN
le,PRON
contasen,VERB
de,ADP
una,DET
nación,NOUN
llamados,ADJ
Pienbaís,PROPN
(,PUNCT
Payaguá,PROPN
),PUNCT
;,PUNCT
contestaron,VERB
ellos,PRON
",",PUNCT
que,PRON
de,ADP
esta,DET
ciudad,NOUN
Sunsión,PROPN
hasta,ADP
los,DET
Pienbas,PROPN
había,AUX
100,NUM
millas,NOUN
(,PUNCT
leguas,NOUN
),PUNCT
de,ADP
camino,NOUN
",",PUNCT
aguas,NOUN
arriba,ADV
del,ADP
 ,SPACE
Paraboe,PROPN
(,PUNCT
Paraguay,PROPN
),PUNCT
.,PUNCT
Otra,DET
vez,NOUN
hizo,VERB
preguntarles,VERB
nuestro,DET
capitán,NOUN
á,ADP
los,DET
Caríos,PROPN
",",PUNCT
si,SCONJ
también,ADV
ellos,PRON
",",PUNCT
los,DET
"
",SPACE
Pienbass,PROPN
(,PUNCT
Payaguá,PROPN
),PUNCT
tenían,VERB
comida,NOUN
",",PUNCT
y,CCONJ
qué,PRON
era,AUX
lo,PRON
que,PRON
no,ADV
les,PRON
gustaba,VERB
;,PUNCT
iten,VERB
",",PUNCT
la,DET
clase,NOUN
de,ADP
gente,NOUN
que,PRON
era,AUX
y,CCONJ
cuáles,PRON
sus,DET
defectos,NOUN
;,PUNCT
así,ADV
contestaron,VERB
ellos,PRON
",",PUNCT
los,DET
Piembas,PROPN
no,ADV
tienen,VERB
más,ADV
comida,NOUN
que,PRON
pescado,NOUN
y,CCONJ
carne,NOUN
",",PUNCT
iten,VERB
cuerno,NOUN
de,ADP
cabra,NOUN
",",PUNCT
ó,CCONJ
algarabo,PROPN
(,PUNCT
algarroba,PROPN
),PUNCT
ó,CCONJ
pan,NOUN
de,ADP
San,PROPN
Juan,PROPN
;,PUNCT
de,ADP
estos,DET
cuernos,NOUN
de,ADP
cabra,PROPN
(,PUNCT
vainas,NOUN
de,ADP
algarroba,NOUN
),PUNCT
hacen,VERB
ellos,PRON
miel,NOUN
que,PRON
comen,VERB
con,ADP
el,DET
pescado,NOUN
;,PUNCT
también,ADV
de,ADP
esto,PRON
hacen,VERB
vino,NOUN
",",PUNCT
y,CCONJ
es,AUX
dulce,ADJ
como,SCONJ
la,DET
hidromel,PROPN
en,ADP
Alemania,PROPN
.,PUNCT
"  

",SPACE
Y,CCONJ
luego,ADV
que,SCONJ
nuestro,DET
capitán,NOUN
Jann,PROPN
Eyolias,PROPN
supo,VERB
todo,DET
esto,PRON
de,ADP
los,DET
Caríos,PROPN
les,PRON
mandó,VERB
que,SCONJ
cargasen,VERB
5,NUM
navíos,NOUN
con,ADP
comida,NOUN
de,ADP
trigo,NOUN
turco,ADJ
(,PUNCT
maíz,NOUN
),PUNCT
y,CCONJ
de,ADP
lo,PRON
demás,PRON
que,PRON
había,AUX
en,ADP
el,DET
país,NOUN
",",PUNCT
lo,PRON
que,PRON
se,PRON
había,AUX
de,ADP
hacer,VERB
plazo,NOUN
de,ADP
2,NUM
meses,NOUN
",",PUNCT
porque,SCONJ
en,ADP
este,DET
tiempo,NOUN
también,ADV
él,PRON
y,CCONJ
los,DET
suyos,DET
se,PRON
prepararían,VERB
para,ADP
el,DET
viaje,NOUN
",",PUNCT
y,CCONJ
visitarían,VERB
en,ADP
primer,ADJ
lugar,NOUN
una,DET
nación,NOUN
llamada,ADJ
Charchareis,PROPN
(,PUNCT
¿,PUNCT
Jarayes,PROPN
?,PUNCT
),PUNCT
",",PUNCT
la,DET
primera,ADJ
después,ADV
de,ADP
los,DET
Paimbas,PROPN
(,PUNCT
Payaguá,PROPN
),PUNCT
.,PUNCT
"

",SPACE
Entonces,ADV
se,PRON
obligaron,VERB
los,DET
Caríos,PROPN
á,ADP
prestarse,VERB
siempre,ADV
y,CCONJ
ser,AUX
obedientes,ADJ
y,CCONJ
á,ADP
cumplir,VERB
en,ADP
todo,DET
lo,PRON
que,PRON
el,DET
capitán,NOUN
mandase,VERB
.,PUNCT
Así,ADV
consiguió,VERB
también,ADV
nuestro,DET
capitán,NOUN
de,ADP
los,DET
marineros,NOUN
que,PRON
acabasen,VERB
de,ADP
aprestar,VERB
los,DET
navíos,NOUN
para,ADP
realizar,VERB
este,DET
viaje,NOUN
.,PUNCT
"
",SPACE
Cuando,SCONJ
todo,DET
aquello,PRON
quedó,VERB
arreglado,ADJ
y,CCONJ
lis-to,ADV
",",PUNCT
y,CCONJ
cargado,VERB
el,DET
bastimento,NOUN
en,ADP
los,DET
navíos,NOUN
",",PUNCT
hizo,VERB
nuestro,DET
capitán,NOUN
que,PRON
se,PRON
reuniese,VERB
toda,DET
la,DET
gente,NOUN
y,CCONJ
de,ADP
los,DET
400,NUM
hombres,NOUN
separó,VERB
300,NUM
bien,ADV
armados,ADJ
",",PUNCT
y,CCONJ
á,ADP
los,DET
100,NUM
los,PRON
dejó,VERB
en,ADP
la,DET
antedicha,ADJ
ciudad,NOUN
Vordelesso,PROPN
(,PUNCT
Fortaleza,PROPN
),PUNCT
",",PUNCT
esto,NOUN
es,NOUN
",",PUNCT
Nostra,PROPN
Singnora,PROPN
de,ADP
Sunssión,PROPN
",",PUNCT
donde,PRON
en,ADP
aquel,DET
tiempo,NOUN
vivian,VERB
los,DET
susodichos,ADJ
Caríos,PROPN
.,PUNCT
"
",SPACE
De,ADP
ahí,ADV
navegamos,VERB
aguas,NOUN
arriba,ADV
y,CCONJ
encontramos,VERB
á,ADP
cada,DET
5,NUM
millas,NOUN
(,PUNCT
leguas,NOUN
),PUNCT
de,ADP
camino,NOUN
un,DET
pueblo,NOUN
de,ADP
los,DET
dichos,ADJ
Caríos,PROPN
",",PUNCT
asentados,ADJ
sobre,ADP
el,DET
agua,NOUN
(,PUNCT
rio,PROPN
),PUNCT
Peroboe,PROPN
;,PUNCT
[,INTJ
estos,DET
],NOUN
nos,PRON
trajeron,VERB
á,ADP
los,DET
Cristianos,PROPN
lo,PRON
necesario,ADJ
y,CCONJ
comida,NOUN
de,ADP
pescado,NOUN
y,CCONJ
carne,NOUN
",",PUNCT
gallinas,NOUN
",",PUNCT
gansos,NOUN
",",PUNCT
ovejas,NOUN
de,ADP
los,DET
Indios,PROPN
[,PROPN
y,CCONJ
],NOUN
avestruces,NOUN
.,PUNCT
Mas,CCONJ
cuando,SCONJ
al,ADP
fin,NOUN
llegamos,VERB
al,ADP
pueblo,NOUN
de,ADP
los,DET
Caríos,PROPN
que,PRON
se,PRON
llama,VERB
Weybingon,PROPN
(,PUNCT
Guayviaño,PROPN
),PUNCT
que,PRON
cae,VERB
á,ADP
80,NUM
millas,NOUN
(,PUNCT
leguas,NOUN
),PUNCT
de,ADP
la,DET
ciudad,NOUN
Nostra,PROPN
Singnora,PROPN
de,ADP
Sunsión,PROPN
",",PUNCT
allí,ADV
tomamos,VERB
nosotros,PRON
de,ADP
estos,DET
Caríos,PROPN
comida,NOUN
y,CCONJ
todo,DET
lo,PRON
demás,PRON
que,PRON
nos,PRON
hacia,ADP
falta,NOUN
y,CCONJ
de,ADP
ellos,PRON
pudimos,AUX
conseguir,VERB
.,PUNCT
"


",SPACE
CAPÍTULO,ADJ
XXIV,NOUN
"
",SPACE
CERRO,PROPN
DE,ADP
SAN,PROPN
FERNANDO,PROPN
Y,CCONJ
VIAJE,PROPN
Á,PROPN
LOS,DET
PAYAGUÁ,PROPN
"

",SPACE
De,ADP
allí,ADV
llegamos,VERB
á,ADP
un,DET
cerro,NOUN
llamado,ADJ
S.,PROPN
Ferdinannt,PROPN
",",PUNCT
que,PRON
se,PRON
parece,VERB
al,ADP
Pogenperg,PROPN
(,PUNCT
Bogenberg,PROPN
),PUNCT
;,PUNCT
allí,ADV
encontramos,VERB
á,ADP
los,DET
susodichos,NOUN
Pienbas,PROPN
;,PUNCT
á,ADP
estos,PRON
de,ADP
Weibingen,PROPN
(,PUNCT
Guayviaño,PROPN
),PUNCT
hay,AUX
12,NUM
millas,NOUN
(,PUNCT
leguas,NOUN
),PUNCT
de,ADP
camino,NOUN
;,PUNCT
y,CCONJ
nos,PRON
salieron,VERB
á,ADP
recibir,VERB
de,ADP
paz,NOUN
",",PUNCT
pero,CCONJ
con,ADP
mala,ADJ
intención,NOUN
",",PUNCT
como,SCONJ
lo,PRON
sabréis,VERB
más,ADV
tarde,ADV
.,PUNCT
Nos,PRON
llevaron,VERB
á,ADP
sus,DET
casas,NOUN
y,CCONJ
nos,PRON
dieron,VERB
de,ADP
comer,VERB
pescado,NOUN
y,CCONJ
carne,NOUN
y,CCONJ
cuernos,NOUN
de,ADP
cabra,NOUN
",",PUNCT
ó,CCONJ
pan,NOUN
de,ADP
San,PROPN
Juan,PROPN
(,PUNCT
algarroba,PROPN
),PUNCT
.,PUNCT
Así,ADV
permanecimos,VERB
nosotros,PRON
9,NUM
días,NOUN
con,ADP
estos,DET
Pienbass,PROPN
.,PUNCT
"

",SPACE
Después,ADV
de,ADP
lo,PRON
cual,PRON
nuestro,DET
capitán,NOUN
hizo,VERB
preguntar,VERB
al,ADP
principal,NOUN
de,ADP
ellos,PRON
lo,PRON
que,PRON
sabía,VERB
de,ADP
una,DET
nación,NOUN
que,PRON
se,PRON
llama,VERB
Carchkareisso,PROPN
;,PUNCT
dijo,VERB
él,PRON
",",PUNCT
que,PRON
no,ADV
sabía,VERB
nada,PRON
de,ADP
cierto,PRON
de,ADP
la,DET
tal,DET
nación,NOUN
",",PUNCT
no,ADV
siendo,AUX
lo,PRON
que,PRON
por,ADP
casualidad,NOUN
habían,AUX
oído,VERB
;,PUNCT
que,PRON
debían,AUX
hallarse,VERB
ó,CCONJ
vivir,VERB
lejos,ADV
de,ADP
allí,ADV
tierra,NOUN
adentro,ADV
",",PUNCT
y,CCONJ
que,SCONJ
debían,AUX
tam-Después,NOUN
de,ADP
esto,PRON
nuestro,DET
capitán,NOUN
general,ADJ
pidió,VERB
algunos,DET
Pyenbas,PROPN
",",PUNCT
para,ADP
que,SCONJ
fuesen,AUX
con,ADP
él,PRON
tierra,PROPN
adentro,ADV
;,PUNCT
se,PRON
prestaron,VERB
de,ADP
buen,ADJ
grado,NOUN
",",PUNCT
y,CCONJ
al,ADP
punto,NOUN
el,DET
principal,ADJ
Pyenbas,PROPN
separó,VERB
300,NUM
Indios,PROPN
para,ADP
que,SCONJ
lo,PRON
acompañasen,VERB
y,CCONJ
cargasen,VERB
la,DET
mantención,NOUN
",",PUNCT
y,CCONJ
lo,PRON
demás,PRON
que,PRON
les,PRON
hacía,VERB
falta,NOUN
",",PUNCT
y,CCONJ
mandó,VERB
nuestro,DET
capitán,NOUN
que,PRON
se,PRON
aprestase,VERB
la,DET
gente,NOUN
esta,PRON
",",PUNCT
porque,SCONJ
él,PRON
partiría,VERB
dentro,ADV
de,ADP
4,NUM
días,NOUN
;,PUNCT
en,ADP
seguida,NOUN
hizo,VERB
que,SCONJ
de,ADP
los,DET
5,NUM
navíos,NOUN
los,DET
3,NUM
zarpasen,PROPN
",",PUNCT
y,CCONJ
en,ADP
los,DET
2,NUM
metió,VERB
él,PRON
50,NUM
hombres,NOUN
de,ADP
nosotros,PRON
los,DET
Cristianos,PROPN
",",PUNCT
desde,ADP
que,SCONJ
nosotros,PRON
deberíamos,AUX
permanecer,VERB
allí,ADV
por,ADP
4,NUM
meses,NOUN
durante,ADP
su,DET
ausencia,NOUN
",",PUNCT
y,CCONJ
si,SCONJ
llegase,VERB
el,DET
caso,NOUN
que,SCONJ
el,DET
capitán,NOUN
no,ADV
se,PRON
volviese,VERB
á,ADP
juntar,VERB
con,ADP
nosotros,PRON
dentro,ADV
del,ADP
plazo,NOUN
estipulado,ADJ
",",PUNCT
deberíamos,AUX
nosotros,PRON
regresar,VERB
con,ADP
estos,PRON
2,NUM
navíos,NOUN
á,ADP
la,DET
ciudad,NOUN
Nostra,PROPN
Singnora,PROPN
de,ADP
Sunsión,PROPN
.,PUNCT
Aconteció,VERB
",",PUNCT
pues,SCONJ
",",PUNCT
que,SCONJ
aunque,SCONJ
nosotros,PRON
permanecimos,VERB
con,ADP
los,DET
Payenbas,PROPN
durante,ADP
6,NUM
meses,NOUN
no,ADV
supimos,VERB
nada,PRON
de,ADP
nuestro,DET
capitán,NOUN
Jan,PROPN
Eyollas,PROPN
;,PUNCT
ya,ADV
no,ADV
teníamos,VERB
cosa,NOUN
que,PRON
comer,VERB
",",PUNCT
así,ADV
que,SCONJ
nos,PRON
vimos,VERB
obligados,ADJ
á,ADP
viajar,VERB
con,ADP
este,DET
nuestro,DET
dicho,ADJ
capitán,NOUN
Marthin,PROPN
Thomingo,PROPN
Ayolla,PROPN
de,ADP
vuelta,NOUN
á,ADP
la,DET
ciudad,NOUN
Signora,PROPN
(,PUNCT
Asunción,PROPN
),PUNCT
",",PUNCT
según,ADP
lo,PRON
mandado,ADJ
por,ADP
nuestro,DET
capitán,NOUN
general,ADJ
.,PUNCT
"
 

",SPACE
CAPÍTULO,PROPN
XXV,PROPN
"
",SPACE
AYOLAS,NOUN
VIAJA,ADJ
POR,ADP
TIERRA,PROPN
DE,ADP
LOS,DET
PAYAGUÁ,PROPN
Y,CCONJ
NAPERÚ,ADJ
"

",SPACE
Y,CCONJ
primero,ADJ
después,ADV
que,SCONJ
partió,VERB
de,ADP
los,DET
Pyembas,PROPN
",",PUNCT
llegó,VERB
él,PRON
á,ADP
una,DET
nación,NOUN
llamada,ADJ
Naperus,PROPN
",",PUNCT
que,PRON
son,AUX
amigos,NOUN
de,ADP
los,DET
Pyembas,PROPN
y,CCONJ
no,ADV
tienen,VERB
más,ADV
que,SCONJ
pescado,NOUN
y,CCONJ
carne,NOUN
;,PUNCT
es,AUX
una,DET
nación,NOUN
de,ADP
mucha,DET
gente,NOUN
.,PUNCT
De,ADP
estos,DET
Naperus,PROPN
también,ADV
nuestro,DET
capitán,NOUN
general,ADJ
se,PRON
separó,VERB
algunos,PRON
que,PRON
le,PRON
sirviesen,VERB
de,ADP
baqueanos,NOUN
;,PUNCT
pasaron,VERB
en,ADP
seguida,ADJ
por,ADP
muchas,DET
naciones,NOUN
con,ADP
grandes,ADJ
penas,NOUN
y,CCONJ
trabajo,NOUN
",",PUNCT
y,CCONJ
se,PRON
les,PRON
hizo,VERB
gran,ADJ
resistencia,NOUN
;,PUNCT
también,ADV
murieron,VERB
de,ADP
hambre,NOUN
en,ADP
este,DET
viaje,NOUN
la,DET
mitad,NOUN
del,ADP
número,NOUN
de,ADP
los,DET
Cristianos,PROPN
;,PUNCT
y,CCONJ
en,ADP
eso,PRON
llegó,VERB
á,ADP
una,DET
nación,NOUN
llamada,ADJ
Payssenos,PROPN
(,PUNCT
Payzunos,PROPN
),PUNCT
;,PUNCT
de,ADP
allí,ADV
no,ADV
pudo,AUX
pasar,VERB
más,ADV
adelante,ADV
",",PUNCT
sino,CCONJ
que,SCONJ
se,PRON
vió,VERB
obligado,ADJ
á,ADP
retroceder,VERB
con,ADP
la,DET
gente,NOUN
",",PUNCT
menos,ADV
tres,NUM
españoles,NOUN
",",PUNCT
que,PRON
por,ADP
estar,AUX
enfermos,NOUN
tuvo,VERB
que,SCONJ
dejar,VERB
atrás,ADV
entre,ADP
los,DET
Paysennos,PROPN
.,PUNCT
Así,ADV
él,PRON
",",PUNCT
nuestro,DET
capitán,NOUN
Jann,PROPN
Eyollas,PROPN
salverende,PROPN
(,PUNCT
sano,ADJ
y,CCONJ
salvo,ADV
),PUNCT
en,ADP
cuanto,NOUN
á,ADP
su,DET
persona,NOUN
",",PUNCT
es,NOUN
decir,NOUN
gesunndt,PROPN
",",PUNCT
regresó,VERB
con,ADP
la,DET
gente,NOUN
á,ADP
los,DET
Naperus,PROPN
;,PUNCT
allí,ADV
quedaron,VERB
y,CCONJ
descansaron,VERB
hasta,ADP
el,DET
tercer,ADJ
día,NOUN
",",PUNCT
porque,SCONJ
la,DET
gente,NOUN
estaba,AUX
muy,ADV
cansada,ADJ
y,CCONJ
enferma,NOUN
",",PUNCT
y,CCONJ
ya,ADV
no,ADV
les,PRON
quedaba,VERB
más,ADV
munición,NOUN
.,PUNCT
"

",SPACE
Estando,VERB
las,DET
cosas,NOUN
así,ADV
convinieron,VERB
los,DET
Naperrus,PROPN
con,ADP
los,DET
Payenbas,PROPN
y,CCONJ
se,PRON
obligaron,VERB
entre,ADP
sí,PRON
que,SCONJ
al,ADP
capitán,NOUN
Jann,PROPN
Eyollas,PROPN
y,CCONJ
á,ADP
los,DET
suyos,DET
les,PRON
darían,VERB
muerte,NOUN
ó,CCONJ
los,PRON
acabarían,VERB
",",PUNCT
como,SCONJ
que,SCONJ
así,ADV
más,ADV
tarde,ADV
también,ADV
lo,PRON
cumplieron,VERB
.,PUNCT
Y,CCONJ
eso,PRON
que,SCONJ
Jann,PROPN
Eyollas,PROPN
",",PUNCT
el,DET
capitán,NOUN
",",PUNCT
con,ADP
los,DET
Cristianos,PROPN
",",PUNCT
marchaban,VERB
de,ADP
los,DET
Naperrus,PROPN
á,ADP
los,DET
Pyembas,PROPN
",",PUNCT
á,ADP
medio,NUM
camino,NOUN
como,SCONJ
estaban,VERB
y,CCONJ
al,ADP
descuido,NOUN
fueron,AUX
sorprendidos,VERB
por,ADP
los,DET
Naperrus,PROPN
y,CCONJ
Pyembas,PROPN
con,ADP
gran,ADJ
fuerza,NOUN
en,ADP
un,DET
espeso,ADJ
bosque,NOUN
;,PUNCT
porque,SCONJ
los,DET
Naperrus,PROPN
y,CCONJ
Pyennbas,PROPN
",",PUNCT
según,ADP
su,DET
convenio,NOUN
de,ADP
sorprender[los,NOUN
],PROPN
en,ADP
la,DET
selva,NOUN
por,ADP
donde,PRON
tenían,VERB
que,SCONJ
pasar,VERB
[,VERB
los,DET
],NOUN
Cristianos,PROPN
",",PUNCT
embistieron,VERB
sin,ADP
piedad,NOUN
al,ADP
capitán,NOUN
y,CCONJ
[,NOUN
á,ADP
los,DET
],NOUN
Cristianos,PROPN
",",PUNCT
como,SCONJ
si,SCONJ
fuesen,AUX
perros,NOUN
rabiosos,ADJ
",",PUNCT
y,CCONJ
acabaron,VERB
de,ADP
matar,VERB
y,CCONJ
destruir,VERB
á,ADP
los,DET
debilitados,ADJ
Cristianos,PROPN
junto,ADJ
con,ADP
el,DET
capitán,NOUN
JannEyollas,PROPN
de,ADP
suerte,NOUN
que,SCONJ
ni,CCONJ
uno,PRON
de,ADP
ellos,PRON
escapó,VERB
.,PUNCT
Dios,PROPN
se,PRON
apiade,VERB
de,ADP
ellos,PRON
y,CCONJ
de,ADP
todos,DET
nosotros,PRON
y,CCONJ
nos,PRON
tenga,VERB
misericordia,NOUN
.,PUNCT
"

",SPACE
CAPÍTULO,PROPN
XXVI,NOUN
"
",SPACE
SE,PRON
SABE,NOUN
DE,ADP
LA,DET
MUERTE,PROPN
DE,ADP
AYOLAS,PROPN
.,PUNCT
ELIGEN,PROPN
Á,PROPN
IRALA,PROPN
"

",SPACE
Ahora,ADV
[,INTJ
pues,SCONJ
],PROPN
nosotros,PRON
los,DET
50,NUM
hombres,NOUN
",",PUNCT
eso,PRON
que,PRON
fuimos,VERB
al,ADP
asiento,NOUN
Nostra,PROPN
Singnora,PROPN
de,ADP
Sunsión,PROPN
y,CCONJ
allí,ADV
esperábamos,VERB
á,ADP
Jann,PROPN
Eyollas,PROPN
",",PUNCT
el,DET
capitán,NOUN
",",PUNCT
y,CCONJ
á,ADP
nuestros,DET
soldados,NOUN
",",PUNCT
supimos,VERB
como,SCONJ
les,PRON
había,AUX
ido,VERB
por,ADP
un,DET
Indio,PROPN
",",PUNCT
que,PRON
era,AUX
esclavo,NOUN
del,ADP
finado,ADJ
Jann,PROPN
Eyollas,PROPN
y,CCONJ
que,SCONJ
él,PRON
había,AUX
traído,VERB
de,ADP
los,DET
Payse[n]os,PROPN
;,PUNCT
este,DET
gracias,NOUN
á,ADP
su,DET
lengua,NOUN
había,AUX
escapado,VERB
",",PUNCT
nos,PRON
contó,VERB
todo,PRON
de,ADP
principio,NOUN
á,ADP
fin,NOUN
como,SCONJ
había,AUX
sucedido,VERB
;,PUNCT
sin,ADP
embargo,NOUN
no,ADV
nos,PRON
fué,AUX
posible,ADJ
creerle,VERB
.,PUNCT
Y,CCONJ
durante,ADP
el,DET
año,NOUN
que,PRON
permanecimos,VERB
en,ADP
la,DET
dicha,ADJ
ciudad,NOUN
Nostra,PROPN
Singnora,PROPN
",",PUNCT
y,CCONJ
sin,ADP
poder,AUX
conseguir,VERB
la,DET
menor,ADJ
noticia,NOUN
ni,CCONJ
voz,NOUN
alguna,ADJ
de,ADP
como,SCONJ
les,PRON
había,AUX
ido,VERB
á,ADP
nuestra,DET
gente,NOUN
",",PUNCT
sólo,ADV
los,DET
Caríos,PROPN
le,PRON
anunciaban,VERB
á,ADP
nuestro,DET
capitán,NOUN
Domenigo,PROPN
Eyolla,PROPN
ser,AUX
voz,NOUN
general,ADJ
que,SCONJ
nuestros,DET
Cristianos,PROPN
tenían,VERB
que,SCONJ
haber,AUX
perecido,VERB
todos,PRON
á,ADP
manos,NOUN
de,ADP
los,DET
Peyenbass,PROPN
",",PUNCT
como,SCONJ
se,PRON
decia,VERB
.,PUNCT
Pero,CCONJ
nosotros,PRON
no,ADV
queríamos,VERB
creer,VERB
que,SCONJ
fuese,AUX
cierto,ADJ
mientras,SCONJ
no,ADV
lo,PRON
oyésemos,VERB
declarar,VERB
á,ADP
un,DET
Payenbas,PROPN
que,PRON
la,DET
tal,NOUN
cosa,NOUN
era,AUX
así,ADV
.,PUNCT
A,ADP
los,DET
2,NUM
meses,NOUN
de,ADP
este,DET
tiempo,NOUN
llegaron,VERB
allí,ADV
los,DET
Caríos,PROPN
y,CCONJ
le,PRON
trajeron,VERB
á,ADP
nuestro,DET
capitán,NOUN
Marthin,ADJ
Domenigo,PROPN
Eyolla,PROPN
(,PUNCT
Irala,PROPN
),PUNCT
2,NUM
Payenbas,PROPN
",",PUNCT
que,PRON
habían,AUX
tomado,VERB
prisioneros,NOUN
;,PUNCT
cuando,SCONJ
nuestro,DET
capitán,NOUN
los,PRON
vió,VERB
les,PRON
preguntó,VERB
si,SCONJ
ellos,PRON
habían,AUX
tenido,VERB
parte,NOUN
en,ADP
la,DET
muerte,NOUN
de,ADP
los,DET
Cristianos,PROPN
;,PUNCT
aquí,ADV
mintieron,VERB
mucho,ADV
y,CCONJ
dijeron,VERB
que,SCONJ
él,PRON
",",PUNCT
nuestro,DET
capitán,NOUN
general,ADJ
",",PUNCT
y,CCONJ
su,DET
gente,NOUN
aun,ADV
no,ADV
habían,AUX
llegado,VERB
de,ADP
tierra,NOUN
adentro,ADV
.,PUNCT
En,ADP
seguida,NOUN
el,DET
capitán,NOUN
consiguió,VERB
del,ADP
justicia,NOUN
y,CCONJ
del,ADP
maestre,NOUN
de,ADP
campo,NOUN
que,SCONJ
se,PRON
interrogase,VERB
á,ADP
los,DET
Payenbas,PROPN
con,ADP
apremio,NOUN
",",PUNCT
porque,SCONJ
así,ADV
se,PRON
averiguase,VERB
la,DET
verdad,NOUN
;,PUNCT
y,CCONJ
se,PRON
les,PRON
dió,VERB
tormento,NOUN
á,ADP
tal,NOUN
punto,NOUN
que,SCONJ
declararon,VERB
y,CCONJ
confesaron,VERB
ser,AUX
verdad,NOUN
que,SCONJ
ellos,PRON
habían,AUX
muerto,VERB
á,ADP
los,DET
Cristianos,PROPN
con,ADP
su,DET
capitán,NOUN
.,PUNCT
Después,ADV
de,ADP
esto,PRON
nuestro,DET
capitán,NOUN
Marthin,PROPN
Eyolla,PROPN
hizo,VERB
condenar,VERB
á,ADP
los,DET
dos,NUM
Bayenbas,PROPN
y,CCONJ
atarlos,VERB
á,ADP
un,DET
palo,NOUN
con,ADP
una,DET
gran,ADJ
hoguera,NOUN
á,ADP
la,DET
vuelta,NOUN
para,ADP
quemarlos,VERB
.,PUNCT
"


",SPACE
CAPÍTULO,NOUN
XXVII,PROPN
"
",SPACE
BAJADA,PROPN
DE,ADP
IRALA,PROPN
Á,PROPN
BUENOS,PROPN
AYRES,PROPN
EN,ADP
1541,NUM
.,PUNCT
TRAGEDIA,PRON
DE,ADP
CORPUS,NOUN
CHRISTI,ADJ
"

",SPACE
Así,ADV
pues,SCONJ
mandó,VERB
él,PRON
",",PUNCT
Marthin,PROPN
Eyolla,PROPN
(,PUNCT
Irala,PROPN
),PUNCT
",",PUNCT
y,CCONJ
ordenó,VERB
que,SCONJ
se,PRON
preparasen,VERB
4,NUM
navíos,NOUN
de,ADP
los,DET
parckhadienes,NOUN
(,PUNCT
bergantines,NOUN
),PUNCT
y,CCONJ
tomó,VERB
de,ADP
los,DET
[,NOUN
soldados,NOUN
150,NUM
hombres,NOUN
],NOUN
",",PUNCT
á,ADP
los,DET
demás,PRON
los,PRON
dejó,VERB
él,PRON
en,ADP
la,DET
dicha,ADJ
ciudad,NOUN
Nostra,PROPN
Singnora,PROPN
de,ADP
Sunsión,PROPN
y,CCONJ
nos,PRON
dió,VERB
á,ADP
entender,VERB
que,SCONJ
quería,VERB
reunir,VERB
en,ADP
la,DET
dicha,ADJ
ciudad,NOUN
",",PUNCT
Nostra,PROPN
Singnora,PROPN
de,ADP
Sunsión,PROPN
",",PUNCT
á,ADP
la,DET
demás,DET
gente,NOUN
que,PRON
había,AUX
dejado,VERB
en,ADP
los,DET
Tiembus,PROPN
",",PUNCT
de,ADP
qué,PRON
se,PRON
trató,VERB
ya,ADV
en,ADP
la,DET
p.,NOUN
12,NUM
",",PUNCT
ítem,NOUN
160,NUM
Españoles,PROPN
",",PUNCT
que,PRON
habían,AUX
quedado,VERB
en,ADP
Bonas,PROPN
Ayers,PROPN
en,ADP
los,DET
2,NUM
navíos,NOUN
",",PUNCT
de,ADP
los,DET
que,PRON
se,PRON
dijo,VERB
ya,ADV
en,ADP
la,DET
p.,NOUN
10,NUM
.,PUNCT
"
",SPACE
En,ADP
seguida,NOUN
partió,VERB
Marthin,PROPN
Domenigo,PROPN
Eyolla,PROPN
(,PUNCT
Irala,PROPN
),PUNCT
con,ADP
los,DET
4,NUM
navíos,NOUN
parckhadines,ADJ
aguas,NOUN
abajo,ADV
del,ADP
Paraboe,PROPN
y,CCONJ
Paraneu,PROPN
.,PUNCT
Y,CCONJ
antes,ADV
de,ADP
esto,PRON
",",PUNCT
cuando,SCONJ
él,PRON
aun,ADV
no,ADV
había,AUX
llegado,VERB
á,ADP
los,DET
Tienbus,PROPN
",",PUNCT
se,PRON
resolvió,VERB
por,ADP
los,DET
Cristianos,PROPN
",",PUNCT
que,PRON
allí,ADV
nos,PRON
esperaban,VERB
",",PUNCT
á,ADP
saber,NOUN
",",PUNCT
un,DET
capitán,NOUN
",",PUNCT
que,PRON
se,PRON
llamaba,VERB
Francisco,PROPN
Riss,PROPN
(,PUNCT
Ruiz,PROPN
),PUNCT
",",PUNCT
y,CCONJ
también,ADV
Jann,PROPN
Pabón,PROPN
",",PUNCT
un,DET
sacerdote,NOUN
",",PUNCT
y,CCONJ
un,DET
secretario,NOUN
",",PUNCT
que,PRON
se,PRON
llamaba,VERB
Jann,PROPN
Eronandus,PROPN
(,PUNCT
Hernández,PROPN
),PUNCT
",",PUNCT
como,SCONJ
gobernadores,NOUN
sustitutos,ADJ
de,ADP
los,DET
Cristianos,PROPN
",",PUNCT
que,PRON
se,PRON
había,AUX
de,ADP
dar,VERB
muerte,NOUN
al,ADP
Indio,PROPN
Principal,PROPN
de,ADP
los,DET
Tiembus,PROPN
",",PUNCT
y,CCONJ
á,ADP
ciertos,DET
otros,DET
Indios,PROPN
con,ADP
él,PRON
",",PUNCT
como,SCONJ
que,SCONJ
ellos,PRON
así,ADV
ejecutaron,VERB
tamaño,NOUN
crimen,NOUN
",",PUNCT
y,CCONJ
los,DET
Indios,PROPN
",",PUNCT
que,PRON
por,ADP
tan,NOUN
largo,ADJ
tiempo,NOUN
los,PRON
habían,AUX
servido,VERB
en,ADP
toda,DET
cosa,NOUN
buena,ADJ
",",PUNCT
fueron,AUX
pasados,VERB
escandalosamente,ADV
de,ADP
la,DET
vida,NOUN
á,ADP
la,DET
muerte,NOUN
",",PUNCT
antes,ADV
que,SCONJ
llegáramos,VERB
nosotros,PRON
con,ADP
Marthin,PROPN
Domenigo,PROPN
Eyolla,PROPN
(,PUNCT
Irala,PROPN
),PUNCT
nuestro,DET
capitán,NOUN
.,PUNCT
"

",SPACE
Ahora,ADV
pues,SCONJ
",",PUNCT
cuando,SCONJ
Martín,PROPN
Domenigo,PROPN
Eyolla,PROPN
(,PUNCT
Irala,PROPN
),PUNCT
",",PUNCT
nuestro,DET
capitán,NOUN
",",PUNCT
llegó,VERB
con,ADP
nosotros,PRON
del,ADP
asiento,NOUN
Nostra,PROPN
Singnora,PROPN
de,ADP
Sunsión,PROPN
á,ADP
los,DET
dichos,ADJ
Tiembus,PROPN
[,PROPN
y,CCONJ
Cristianos,PROPN
",",PUNCT
mucho,ADV
le,PRON
pesó,VERB
esta,DET
matanza,NOUN
y,CCONJ
la,DET
huida,NOUN
de,ADP
los,DET
Thyembus,PROPN
],PROPN
;,PUNCT
mas,ADV
no,ADV
halló,VERB
qué,PRON
hacerles,VERB
y,CCONJ
dejó,VERB
bastimento,NOUN
y,CCONJ
provisiones,NOUN
en,ADP
Corporis,PROPN
Christi,PROPN
",",PUNCT
también,ADV
20,NUM
hombres,NOUN
de,ADP
los,DET
nuestros,DET
con,ADP
un,DET
capitán,NOUN
Anthoni,PROPN
Manthossa,PROPN
y,CCONJ
mandó,VERB
",",PUNCT
so,ADP
pena,NOUN
de,ADP
la,DET
vida,NOUN
",",PUNCT
que,PRON
no,ADV
se,PRON
fiase,VERB
por,ADP
nada,NOUN
de,ADP
los,DET
Indios,PROPN
",",PUNCT
sino,CCONJ
que,SCONJ
de,ADP
día,NOUN
y,CCONJ
de,ADP
noche,NOUN
se,PRON
asegurase,VERB
bien,ADV
con,ADP
guardias,NOUN
",",PUNCT
y,CCONJ
si,SCONJ
sucediere,VERB
que,SCONJ
llegasen,VERB
los,DET
Indios,PROPN
y,CCONJ
quisiesen,VERB
volver,VERB
á,ADP
ser,AUX
amigos,NOUN
que,PRON
los,PRON
tratasen,VERB
bien,ADV
y,CCONJ
les,PRON
mostrasen,VERB
la,DET
vieja,ADJ
amistad,NOUN
;,PUNCT
pero,CCONJ
que,SCONJ
todo,PRON
fuese,AUX
sin,ADP
descuidarse,VERB
",",PUNCT
mirando,VERB
bien,ADV
que,SCONJ
no,ADV
les,PRON
pasase,VERB
ningún,DET
perjuicio,NOUN
ni,CCONJ
á,ADP
él,PRON
ni,CCONJ
á,ADP
los,DET
Cristianos,PROPN
.,PUNCT
"
",SPACE
Después,ADV
de,ADP
esto,PRON
nuestro,DET
capitán,NOUN
general,ADJ
Marthin,PROPN
Doménigo,PROPN
Eyolla,PROPN
(,PUNCT
Irala,PROPN
),PUNCT
se,PRON
llevó,VERB
consigo,PRON
de,ADP
allí,ADV
las,DET
(,PUNCT
3,NUM
),PUNCT
personas,NOUN
",",PUNCT
como,SCONJ
causa,NOUN
efficiens,PROPN
de,ADP
la,DET
matanza,NOUN
",",PUNCT
á,ADP
saber,NOUN
",",PUNCT
el,DET
Francisco,PROPN
Reyss,PROPN
",",PUNCT
el,DET
sacerdote,NOUN
",",PUNCT
Jann,PROPN
Pabón,PROPN
y,CCONJ
Jann,PROPN
Eronandus,PROPN
",",PUNCT
que,PRON
era,AUX
el,DET
secretario,NOUN
;,PUNCT
y,CCONJ
cuando,SCONJ
estaban,VERB
por,ADP
partir,NOUN
y,CCONJ
hacerse,VERB
á,ADP
la,DET
vela,NOUN
",",PUNCT
se,PRON
presentó,VERB
allí,ADV
un,DET
principal,ADJ
[,NOUN
de,ADP
],NOUN
los,DET
Tyembus,PROPN
",",PUNCT
que,PRON
se,PRON
llamaba,VERB
Zeiche,PROPN
Legemi,PROPN
",",PUNCT
gran,ADJ
amigo,NOUN
que,PRON
fué,AUX
de,ADP
los,DET
Cristianos,PROPN
",",PUNCT
pero,CCONJ
que,PRON
á,ADP
pesar,NOUN
de,ADP
esto,PRON
tenía,VERB
que,SCONJ
hacerles,VERB
el,DET
gusto,NOUN
á,ADP
los,DET
Indios,PROPN
por,ADP
causa,NOUN
de,ADP
su,DET
mujer,NOUN
é,CCONJ
hijos,NOUN
y,CCONJ
amigos,NOUN
",",PUNCT
y,CCONJ
dijo,VERB
á,ADP
nuestro,DET
capitán,NOUN
Marthin,ADJ
Thoménigo,PROPN
Eyolla,PROPN
(,PUNCT
Irala,PROPN
),PUNCT
",",PUNCT
que,PRON
debería,AUX
llevarse,VERB
á,ADP
todos,DET
los,DET
Cristianos,PROPN
consigo,VERB
",",PUNCT
porque,SCONJ
toda,DET
la,DET
tierra,NOUN
estaba,AUX
alzada,ADJ
contra,ADP
ellos,PRON
y,CCONJ
querían,VERB
matarlos,VERB
y,CCONJ
expulsarlos,VERB
del,ADP
país,NOUN
;,PUNCT
á,ADP
esto,PRON
te,PRON
contestó,VERB
el,DET
capitán,NOUN
general,ADJ
Domenigo,PROPN
Eyolla,PROPN
(,PUNCT
Irala,PROPN
),PUNCT
",",PUNCT
que,PRON
no,ADV
tardaría,AUX
en,ADP
volver,VERB
",",PUNCT
que,SCONJ
su,DET
gente,NOUN
se,PRON
bastaba,VERB
para,ADP
con,ADP
los,DET
Indios,PROPN
;,PUNCT
y,CCONJ
dijo,VERB
más,ADV
",",PUNCT
que,SCONJ
Zeiche,PROPN
Leymi,PROPN
debería,AUX
mudarse,VERB
con,ADP
mujer,NOUN
é,CCONJ
hijos,NOUN
",",PUNCT
amigos,NOUN
también,ADV
",",PUNCT
y,CCONJ
con,ADP
toda,DET
su,DET
gente,NOUN
á,ADP
los,DET
Cristianos,PROPN
;,PUNCT
á,ADP
lo,PRON
que,PRON
dijo,VERB
él,PRON
",",PUNCT
Zeiche,PROPN
Lyemi,PROPN
",",PUNCT
que,PRON
así,ADV
lo,PRON
haría,VERB
.,PUNCT
" 
",SPACE
Al,ADP
punto,NOUN
partió,VERB
nuestro,DET
capitán,NOUN
general,ADJ
Marthin,PROPN
Doménigo,PROPN
Eyolla,PROPN
(,PUNCT
Irala,PROPN
),PUNCT
aguas,NOUN
abajo,ADV
y,CCONJ
nos,PRON
dejó,VERB
solos,NOUN
allí,ADV
.,PUNCT
"
  

",SPACE
CAPÍTULO,PROPN
XXVIII,NOUN
"
",SPACE
TRAICIÓN,NOUN
DE,ADP
LOS,DET
TIMBÚ,PROPN
Y,CCONJ
ASALTO,NOUN
Á,PROPN
CORPUS,VERB
CHRISTI,ADJ
"
",SPACE
Unos,PRON
8,NUM
días,NOUN
después,ADV
sucedió,VERB
que,SCONJ
el,DET
dicho,ADJ
Indio,PROPN
Tyembus,PROPN
",",PUNCT
Zeiche,PROPN
Lyemi,PROPN
",",PUNCT
envió,VERB
á,ADP
uno,PRON
de,ADP
sus,DET
hermanos,NOUN
",",PUNCT
llamado,ADJ
Suelaba,PROPN
",",PUNCT
con,ADP
engaño,NOUN
",",PUNCT
y,CCONJ
rogó,VERB
á,ADP
nuestro,DET
capitán,NOUN
Annthoni,PROPN
Mannthossa,PROPN
que,SCONJ
le,PRON
mandase,VERB
6,NUM
Cristianos,PROPN
con,ADP
arcabuces,NOUN
y,CCONJ
otras,DET
armas,NOUN
",",PUNCT
que,PRON
quería,VERB
con,ADP
ellos,PRON
traernos,VERB
su,DET
familia,NOUN
con,ADP
los,DET
suyos,DET
",",PUNCT
y,CCONJ
en,ADP
adelante,ADV
vivir,VERB
con,ADP
nosotros,PRON
;,PUNCT
y,CCONJ
además,ADV
nos,PRON
hizo,VERB
saber,VERB
",",PUNCT
que,SCONJ
él,PRON
se,PRON
recelaba,VERB
de,ADP
los,DET
Tiembús,PROPN
",",PUNCT
y,CCONJ
que,SCONJ
sin,ADP
esto,PRON
no,ADV
podría,AUX
él,PRON
llevar,VERB
á,ADP
cabo,NOUN
su,DET
propósito,NOUN
con,ADP
seguridad,NOUN
.,PUNCT
El,DET
se,PRON
pronunció,VERB
de,ADP
tal,DET
manera,NOUN
[,INTJ
que,SCONJ
nos,PRON
convenció,VERB
de,ADP
sus,DET
muy,ADV
buenas,ADJ
intenciones,NOUN
y,CCONJ
nos,PRON
prometió,VERB
también,ADV
],NOUN
que,SCONJ
él,PRON
traería,VERB
consigo,PRON
comida,NOUN
y,CCONJ
cuanto,ADV
nos,PRON
hacía,VERB
falta,NOUN
;,PUNCT
pero,CCONJ
todo,DET
esto,PRON
era,AUX
picardía,NOUN
y,CCONJ
engaño,NOUN
.,PUNCT
En,ADP
su,DET
mérito,NOUN
le,PRON
prometió,VERB
nuestro,DET
capitán,NOUN
que,PRON
no,PART
sólo,ADV
6,NUM
hombres,NOUN
le,PRON
daría,VERB
sino,CCONJ
50,NUM
Españoles,PROPN
bien,ADV
armados,ADJ
con,ADP
armas,NOUN
de,ADP
defensa,NOUN
y,CCONJ
ofensa,NOUN
;,PUNCT
lo,PRON
que,PRON
encargó,VERB
nuestro,DET
capitán,NOUN
á,ADP
estos,DET
50,NUM
hombres,NOUN
fué,AUX
",",PUNCT
que,SCONJ
no,ADV
se,PRON
descuidasen,VERB
y,CCONJ
estuviesen,AUX
bien,ADV
prevenidos,ADJ
",",PUNCT
á,ADP
fin,NOUN
de,ADP
que,SCONJ
no,ADV
cayesen,VERB
en,ADP
alguna,DET
celada,NOUN
de,ADP
los,DET
Indios,PROPN
.,PUNCT
"
",SPACE
Pero,CCONJ
no,ADV
había,AUX
más,ADV
que,SCONJ
un,DET
medio,NUM
cuarto,NOUN
de,ADP
milla,PROPN
(,PUNCT
legua,NOUN
),PUNCT
de,ADP
distancia,NOUN
entre,ADP
nosotros,PRON
los,DET
Cristianos,PROPN
y,CCONJ
estos,DET
Tyembus,PROPN
",",PUNCT
y,CCONJ
cuando,SCONJ
estos,PRON
50,NUM
hombres,NOUN
nuestros,DET
llegaron,VERB
á,ADP
las,DET
casas,NOUN
de,ADP
ellos,PRON
en,ADP
la,DET
plaza,NOUN
se,PRON
les,PRON
acercaron,VERB
los,DET
Tyembus,PROPN
y,CCONJ
les,PRON
dieron,VERB
un,DET
beso,NOUN
",",PUNCT
como,SCONJ
Judas,PROPN
el,DET
traidor,NOUN
al,ADP
Señor,PROPN
Chriesto,PROPN
y,CCONJ
les,PRON
trajeron,VERB
de,ADP
comer,VERB
pescado,NOUN
y,CCONJ
carne,NOUN
;,PUNCT
mientras,SCONJ
comían,VERB
los,DET
Cristianos,PROPN
se,PRON
les,PRON
fueron,AUX
encima,ADV
estos,DET
amigos,NOUN
y,CCONJ
otros,DET
Tyembus,PROPN
que,PRON
estaban,AUX
ocultos,ADJ
en,ADP
las,DET
casas,NOUN
y,CCONJ
en,ADP
los,DET
rastrojos,NOUN
y,CCONJ
les,PRON
bendijeron,VERB
la,DET
mesa,NOUN
de,ADP
tal,DET
suerte,NOUN
que,SCONJ
ni,CCONJ
uno,PRON
de,ADP
ellos,PRON
salió,VERB
de,ADP
allí,ADV
con,ADP
vida,NOUN
",",PUNCT
salvo,ADP
un,DET
solo,ADJ
muchacho,NOUN
que,PRON
se,PRON
llamaba,VERB
Kalterón,PROPN
.,PUNCT
Dios,PROPN
los,PRON
favorezca,VERB
y,CCONJ
tenga,VERB
misericordia,NOUN
de,ADP
ellos,PRON
y,CCONJ
de,ADP
todos,DET
nosotros,PRON
.,PUNCT
Amén,ADV
.,PUNCT
"

",SPACE
Una,DET
hora,NOUN
después,ADV
marchó,VERB
el,DET
enemigo,NOUN
",",PUNCT
fuerte,ADJ
de,ADP
10.000,NUM
ó,CCONJ
más,ADV
hombres,NOUN
",",PUNCT
contra,ADP
nuestro,DET
pueblo,NOUN
",",PUNCT
nos,PRON
asediaron,VERB
y,CCONJ
creyeron,VERB
podernos,ADJ
vencer,VERB
",",PUNCT
mas,ADV
esto,PRON
no,ADV
sucedió,VERB
¡,PUNCT
Dios,PROPN
",",PUNCT
el,DET
Señor,PROPN
sea,AUX
loado,NOUN
!,PUNCT
y,CCONJ
durante,ADP
14,NUM
días,NOUN
acamparon,VERB
fuera,ADV
de,ADP
nuestro,DET
pueblo,NOUN
y,CCONJ
nos,PRON
asaltaban,VERB
día,NOUN
y,CCONJ
noche,NOUN
.,PUNCT
En,ADP
esta,DET
ocasión,NOUN
ellos,PRON
se,PRON
habían,AUX
fabricado,VERB
lanzas,NOUN
largas,ADJ
con,ADP
las,DET
espadas,NOUN
",",PUNCT
como,SCONJ
se,PRON
lo,PRON
habían,AUX
aprendido,VERB
á,ADP
los,DET
Cristianos,PROPN
;,PUNCT
con,ADP
estas,DET
nos,PRON
embestían,VERB
y,CCONJ
se,PRON
defendían,VERB
.,PUNCT
Y,CCONJ
aconteció,VERB
en,ADP
el,DET
mismo,DET
día,NOUN
en,ADP
que,PRON
los,DET
Indios,PROPN
con,ADP
toda,DET
la,DET
fuerza,NOUN
nos,PRON
llevaron,VERB
el,DET
ataque,NOUN
nocturno,ADJ
y,CCONJ
nos,PRON
quemaron,VERB
las,DET
casas,NOUN
",",PUNCT
que,PRON
al,ADP
punto,NOUN
corrió,VERB
nuestro,DET
capitán,NOUN
",",PUNCT
Anthony,PROPN
Manthossa,PROPN
con,ADP
un,DET
montante,NOUN
á,ADP
un,DET
portón,NOUN
;,PUNCT
allí,ADV
estaban,VERB
algunos,DET
Indios,PROPN
tan,ADV
ocultos,ADJ
que,SCONJ
no,ADV
se,PRON
los,PRON
podía,AUX
ver,VERB
",",PUNCT
y,CCONJ
estos,PRON
ensartaron,VERB
al,ADP
capitán,NOUN
con,ADP
las,DET
lanzas,NOUN
",",PUNCT
de,ADP
suerte,NOUN
que,SCONJ
ni,CCONJ
¡,PUNCT
ay,INTJ
!,PUNCT
no,ADV
dijo,VERB
¡,NOUN
La,DET
misericordia,NOUN
de,ADP
Dios,PROPN
le,PRON
valga,VERB
!,PUNCT
Ya,ADV
los,DET
Indios,PROPN
no,ADV
podían,AUX
estarse,VERB
más,ADV
tiempo,NOUN
",",PUNCT
porque,SCONJ
no,ADV
tenían,VERB
qué,PRON
comer,VERB
",",PUNCT
por,ADP
lo,PRON
que,PRON
tuvieron,VERB
que,SCONJ
levantar,VERB
campamento,NOUN
y,CCONJ
mandarse,VERB
mudar,VERB
.,PUNCT
Después,ADV
de,ADP
esto,PRON
nos,PRON
llegaron,VERB
2,NUM
bergantincitos,NOUN
con,ADP
provisiones,NOUN
de,ADP
Bonas,PROPN
Ayers,PROPN
que,PRON
nos,PRON
mandaba,VERB
nuestro,DET
capitán,NOUN
Marthin,PROPN
Doménigo,PROPN
Eyolla,PROPN
(,PUNCT
Irala,PROPN
),PUNCT
para,ADP
que,SCONJ
nos,PRON
sostuviésemos,VERB
allí,ADV
hasta,ADP
la,DET
llegada,NOUN
del,ADP
dicho,ADJ
capitán,NOUN
",",PUNCT
con,ADP
lo,PRON
que,PRON
nos,PRON
alegramos,VERB
mucho,ADV
",",PUNCT
no,ADV
así,ADV
los,DET
que,PRON
llegaron,VERB
con,ADP
los,DET
2,NUM
berg(en)tin,PROPN
(,PUNCT
bergantines,NOUN
),PUNCT
",",PUNCT
que,PRON
sentían,VERB
la,DET
muerte,NOUN
de,ADP
los,DET
Cristianos,PROPN
.,PUNCT
Así,ADV
",",PUNCT
pues,SCONJ
",",PUNCT
acordamos,VERB
entre,ADP
los,DET
dos,NUM
bandos,NOUN
y,CCONJ
tuvimos,VERB
á,ADP
bien,ADV
no,ADV
quedarnos,VERB
más,ADV
tiempo,NOUN
allí,ADV
en,ADP
Corporis,PROPN
Chriesti,PROPN
",",PUNCT
en,ADP
los,DET
Tyembus,PROPN
",",PUNCT
sino,CCONJ
que,SCONJ
nos,PRON
fuimos,AUX
todos,PRON
juntos,ADJ
aguas,NOUN
abajo,ADV
y,CCONJ
llegamos,VERB
á,ADP
Bonas,PROPN
Ayers,PROPN
",",PUNCT
donde,PRON
estaba,VERB
nuestro,DET
capitán,NOUN
Marthin,PROPN
Doménigo,PROPN
Eyolla,PROPN
(,PUNCT
Irala,PROPN
),PUNCT
;,PUNCT
con,ADP
esto,PRON
se,PRON
alarmó,VERB
mucho,ADV
y,CCONJ
fué,AUX
grande,ADJ
su,DET
pesar,NOUN
por,ADP
la,DET
gente,NOUN
que,PRON
se,PRON
perdió,VERB
;,PUNCT
porque,SCONJ
no,ADV
atinaba,VERB
á,ADP
saber,AUX
qué,PRON
sería,AUX
de,ADP
él,PRON
[,NOUN
ni,CCONJ
lo,PRON
que,PRON
haría,VERB
con,ADP
nosotros,PRON
],DET
",",PUNCT
porque,SCONJ
ya,ADV
no,ADV
teníamos,VERB
víveres,NOUN
.,PUNCT
"
   

",SPACE
CAPÍTULO,ADJ
XXIX,DET
"
",SPACE
LLEGA,VERB
LA,DET
CARABELA,PROPN
DE,ADP
SANTA,ADJ
CATALINA,PROPN
Y,CCONJ
VIAJE,PROPN
DEL,ADP
AUTOR,NOUN
Á,PROPN
ENCONTRAR,PROPN
Á,PROPN
CABRERA,PROPN
"
",SPACE
Pero,CCONJ
unos,PRON
5,NUM
días,NOUN
después,ADV
de,ADP
nuestro,DET
arribo,NOUN
á,ADP
Bonas,PROPN
Ayers,PROPN
nos,PRON
llegó,VERB
de,ADP
Hispanien,ADV
una,DET
pequeña,ADJ
nao,NOUN
",",PUNCT
llamada,ADJ
carabelle,PROPN
(,PUNCT
carabela,PROPN
),PUNCT
y,CCONJ
nos,PRON
trajo,VERB
buenas,ADJ
nuevas,ADJ
",",PUNCT
á,ADP
saber,NOUN
",",PUNCT
que,SCONJ
un,DET
navío,NOUN
más,ADV
había,AUX
arribado,VERB
á,ADP
Sannta,PROPN
Katarina,PROPN
",",PUNCT
cuyo,PRON
capitán,NOUN
",",PUNCT
del,ADP
mismo,PRON
",",PUNCT
llamado,ADJ
Aluiso,PROPN
Gabrero,PROPN
(,PUNCT
Alonso,PROPN
Cabrera,PROPN
),PUNCT
",",PUNCT
había,AUX
traído,VERB
consigo,PRON
de,ADP
Hispanien,PRON
200,NUM
hombres,NOUN
.,PUNCT
Ni,CCONJ
bien,ADV
supo,VERB
nuestro,DET
capitán,NOUN
las,DET
tales,DET
nuevas,ADJ
hizo,VERB
aprestar,VERB
de,ADP
los,DET
2,NUM
navíos,NOUN
uno,PRON
",",PUNCT
que,PRON
era,AUX
un,DET
galiber,NOUN
(,PUNCT
galeón,NOUN
),PUNCT
y,CCONJ
lo,PRON
despachó,VERB
con,ADP
el,DET
primero,ADJ
á,ADP
S.,PROPN
Katarina,PROPN
en,ADP
Presael,PROPN
(,PUNCT
Brasil,PROPN
),PUNCT
",",PUNCT
que,PRON
está,AUX
á,ADP
300,NUM
millas,NOUN
(,PUNCT
leguas,NOUN
),PUNCT
de,ADP
Bonas,PROPN
Ayers,PROPN
",",PUNCT
y,CCONJ
le,PRON
nombró,VERB
un,DET
capitán,NOUN
",",PUNCT
llamado,ADJ
Consalto,PROPN
Manthossa,PROPN
(,PUNCT
Gonzalo,PROPN
de,ADP
Mendoza,PROPN
),PUNCT
para,ADP
que,SCONJ
mandase,VERB
el,DET
navío,NOUN
",",PUNCT
y,CCONJ
le,PRON
encargó,VERB
que,SCONJ
tan,NOUN
luego,ADV
como,SCONJ
llegase,VERB
á,ADP
S.,PROPN
Catarina,PROPN
",",PUNCT
en,ADP
Pressel,PROPN
(,PUNCT
Brasil,PROPN
),PUNCT
",",PUNCT
donde,PRON
estaba,VERB
el,DET
navío,NOUN
",",PUNCT
había,AUX
de,ADP
cargar,VERB
su,DET
nao,NOUN
con,ADP
víveres,NOUN
de,ADP
arroz,NOUN
",",PUNCT
mandeoch,PROPN
(,PUNCT
fariña,PROPN
?,PUNCT
),PUNCT
y,CCONJ
otra,DET
comida,NOUN
más,ADV
que,SCONJ
le,PRON
pareciese,VERB
bien,ADV
.,PUNCT
" 
",SPACE
Con,ADP
esto,PRON
el,DET
tal,DET
capitán,NOUN
Consaillo,PROPN
Mannthossa,PROPN
(,PUNCT
Gonzalo,PROPN
Mendoza,PROPN
),PUNCT
pidió,VERB
á,ADP
nuestro,DET
capitán,NOUN
general,ADJ
Marthin,PROPN
Domenigo,PROPN
Eyolla,PROPN
(,PUNCT
Irala,PROPN
),PUNCT
que,PRON
le,PRON
diese,VERB
ó,CCONJ
facilitase,VERB
6,NUM
compañeros,NOUN
de,ADP
la,DET
gente,NOUN
de,ADP
guerra,NOUN
",",PUNCT
para,ADP
que,SCONJ
pudiese,AUX
darse,VERB
vuelta,NOUN
;,PUNCT
él,PRON
se,PRON
lo,PRON
prometió,VERB
;,PUNCT
así,ADV
pues,SCONJ
nos,PRON
llevó,VERB
á,ADP
mí,PRON
y,CCONJ
á,ADP
5,NUM
Españoles,PROPN
consigo,VERB
",",PUNCT
más,ADV
20,NUM
hombres,NOUN
de,ADP
la,DET
gente,NOUN
de,ADP
guerra,NOUN
y,CCONJ
marineros,NOUN
.,PUNCT
"
",SPACE
Eso,PRON
que,PRON
partimos,VERB
de,ADP
Bonas,PROPN
Ayers,PROPN
al,ADP
mes,NOUN
llegamos,VERB
á,ADP
Sannt,PROPN
Katarina,PROPN
",",PUNCT
allí,ADV
nos,PRON
encontramos,VERB
con,ADP
el,DET
susodicho,NOUN
navío,NOUN
",",PUNCT
que,PRON
de,ADP
Hispania,PROPN
había,AUX
llegado,VERB
",",PUNCT
y,CCONJ
al,ADP
capitán,NOUN
junto,ADJ
con,ADP
toda,DET
su,DET
gente,NOUN
;,PUNCT
nos,PRON
alegramos,VERB
en,ADP
grande,ADJ
",",PUNCT
y,CCONJ
nos,PRON
quedamos,VERB
2,NUM
meses,NOUN
allí,ADV
mismo,ADJ
",",PUNCT
y,CCONJ
cargamos,VERB
nuestro,DET
galeón,NOUN
de,ADP
arroz,NOUN
",",PUNCT
mandeoch,PROPN
(,PUNCT
fariña,PROPN
?,PUNCT
),PUNCT
y,CCONJ
trigo,NOUN
turco,ADJ
(,PUNCT
maíz,NOUN
),PUNCT
en,ADP
mucha,DET
cantidad,NOUN
",",PUNCT
de,ADP
suerte,NOUN
que,PRON
ya,ADV
no,ADV
podíamos,AUX
meter,VERB
más,ADV
en,ADP
los,DET
2,NUM
navíos,NOUN
;,PUNCT
después,ADV
de,ADP
esto,PRON
nosotros,PRON
y,CCONJ
los,DET
2,NUM
navíos,NOUN
y,CCONJ
el,DET
capitán,NOUN
Aluiso,PROPN
(,PUNCT
Cabrera,PROPN
),PUNCT
y,CCONJ
toda,DET
su,DET
gente,NOUN
juntos,ADJ
salimos,VERB
en,ADP
viaje,NOUN
de,ADP
S.,PROPN
Katarina,PROPN
á,ADP
Bonas,PROPN
Ayers,PROPN
en,ADP
Inndiam,PROPN
(,PUNCT
Indias,PROPN
),PUNCT
",",PUNCT
y,CCONJ
de,ADP
allí,ADV
llegamos,VERB
como,SCONJ
á,ADP
las,DET
20,NUM
millas,NOUN
(,PUNCT
leguas,NOUN
),PUNCT
y,CCONJ
dimos,VERB
con,ADP
un,DET
agua,NOUN
corriente,ADJ
Parnaw,PROPN
Wassu,PROPN
(,PUNCT
Paraná,PROPN
Guazú,PROPN
),PUNCT
.,PUNCT
Esta,DET
agua,NOUN
tiene,VERB
de,ADP
ancho,NOUN
en,ADP
la,DET
boca,NOUN
40,NUM
millas,NOUN
(,PUNCT
leguas,NOUN
),PUNCT
y,CCONJ
sigue,VERB
de,ADP
este,DET
ancho,NOUN
por,ADP
80,NUM
millas,NOUN
(,PUNCT
leguas,NOUN
),PUNCT
de,ADP
camino,NOUN
",",PUNCT
hasta,ADP
que,SCONJ
uno,PRON
llega,VERB
á,ADP
un,DET
puerto,NOUN
llamado,ADJ
S.,PROPN
Gabriel,PROPN
;,PUNCT
allí,ADV
el,DET
agua,NOUN
Parnau,PROPN
tiene,VERB
8,NUM
millas,NOUN
(,PUNCT
leguas,NOUN
),PUNCT
de,ADP
ancho,NOUN
.,PUNCT
Así,ADV
pues,SCONJ
llegamos,VERB
",",PUNCT
como,SCONJ
se,PRON
dijo,VERB
",",PUNCT
á,ADP
20,NUM
millas,NOUN
(,PUNCT
leguas,NOUN
),PUNCT
en,ADP
esta,DET
agua,NOUN
",",PUNCT
la,DET
víspera,NOUN
de,ADP
Todos,PROPN
Santos,PROPN
",",PUNCT
y,CCONJ
arribamos,VERB
al,ADP
anochecer,VERB
á,ADP
este,DET
punto,NOUN
con,ADP
los,DET
dos,NUM
navíos,NOUN
reunidos,ADJ
;,PUNCT
y,CCONJ
nos,PRON
preguntamos,VERB
el,DET
uno,PRON
al,ADP
otro,PRON
si,SCONJ
estábamos,VERB
ya,ADV
en,ADP
el,DET
agua,NOUN
corriente,ADJ
Pernau,PROPN
;,PUNCT
y,CCONJ
aunque,SCONJ
aseguraba,VERB
nuestro,DET
piloto,NOUN
",",PUNCT
que,PRON
habíamos,AUX
llegado,VERB
ya,ADV
al,ADP
agua,NOUN
corriente,ADJ
",",PUNCT
el,DET
otro,DET
piloto,NOUN
le,PRON
decía,VERB
á,ADP
su,DET
capitán,NOUN
",",PUNCT
que,PRON
estábamos,AUX
aun,ADV
á,ADP
20,NUM
millas,NOUN
(,PUNCT
leguas,NOUN
),PUNCT
de,ADP
distancia,NOUN
de,ADP
ese,DET
punto,NOUN
.,PUNCT
Porque,SCONJ
en,ADP
el,DET
mar,NOUN
cuando,SCONJ
2,NUM
",",PUNCT
3,NUM
ó,CCONJ
más,ADV
navíos,NOUN
andan,VERB
en,ADP
compañía,NOUN
",",PUNCT
siempre,ADV
se,PRON
juntan,VERB
á,ADP
puestas,VERB
de,ADP
sol,NOUN
;,PUNCT
entonces,ADV
se,PRON
averiguan,VERB
entre,ADP
sí,PRON
cuanto,PRON
han,AUX
caminado,VERB
día,NOUN
y,CCONJ
noche,NOUN
",",PUNCT
y,CCONJ
cual,PRON
el,DET
rumbo,NOUN
á,ADP
tomar,VERB
en,ADP
el,DET
siguiente,ADJ
",",PUNCT
con,ADP
arreglo,NOUN
á,ADP
lo,PRON
cual,PRON
poderse,VERB
reunir,VERB
.,PUNCT
"
",SPACE
Después,ADV
de,ADP
esto,PRON
el,DET
piloto,NOUN
nuestro,DET
volvió,VERB
á,ADP
preguntar,VERB
al,ADP
otro,DET
piloto,NOUN
",",PUNCT
si,SCONJ
quería,VERB
seguirlo,VERB
;,PUNCT
mas,ADV
éste,PRON
le,PRON
dijo,VERB
que,SCONJ
ya,ADV
era,AUX
casi,ADV
de,ADP
noche,NOUN
",",PUNCT
y,CCONJ
que,SCONJ
por,ADP
eso,PRON
se,PRON
quedaría,VERB
mar,NOUN
afuera,ADV
hasta,ADP
la,DET
mañana,NOUN
de,ADP
alba,NOUN
y,CCONJ
que,SCONJ
no,ADV
estaba,AUX
para,ADP
tomar,VERB
tierra,NOUN
á,ADP
esas,DET
horas,NOUN
;,PUNCT
este,DET
piloto,NOUN
era,AUX
algo,PRON
más,ADV
avisado,ADJ
que,SCONJ
el,DET
nuestro,PRON
",",PUNCT
como,SCONJ
se,PRON
verá,VERB
más,ADV
tarde,ADV
.,PUNCT
Así,ADV
nuestro,DET
navío,NOUN
siguió,VERB
su,DET
camino,NOUN
y,CCONJ
se,PRON
separó,VERB
de,ADP
la,DET
otra,DET
nao,NOUN
.,PUNCT
"


",SPACE
CAPÍTULO,PROPN
XXX,PROPN
"
",SPACE
NAUFRAGIO,PROPN
CERCA,ADJ
DE,ADP
SAN,PROPN
GABRIEL,PROPN
.,PUNCT
LOS,DET
SOBREVIVIENTES,NOUN
LLEGAN,PROPN
Á,PROPN
BUENOS,PROPN
AYRES,PROPN
Y,CCONJ
PASAN,PROPN
A,ADP
LA,DET
ASUNCIÓN,NOUN
.,PUNCT
"

",SPACE
De,ADP
este,DET
modo,NOUN
caminamos,VERB
nosotros,PRON
á,ADP
obscuras,ADJ
y,CCONJ
se,PRON
levantó,VERB
un,DET
recio,NOUN
temporal,ADJ
en,ADP
la,DET
mar,NOUN
;,PUNCT
y,CCONJ
fué,AUX
el,DET
caso,NOUN
que,SCONJ
á,ADP
eso,PRON
de,ADP
las,DET
12,NUM
de,ADP
la,DET
noche,NOUN
vimos,VERB
nosotros,PRON
la,DET
tierra,NOUN
",",PUNCT
pero,CCONJ
antes,ADV
que,SCONJ
pudiésemos,VERB
largar,VERB
nuestra,DET
ancla,NOUN
.,PUNCT
Después,ADV
encalló,VERB
el,DET
navío,NOUN
",",PUNCT
y,CCONJ
nos,PRON
faltaba,VERB
una,DET
buena,ADJ
milla,NOUN
(,PUNCT
legua,NOUN
),PUNCT
de,ADP
distancia,NOUN
para,ADP
llegar,VERB
á,ADP
tierra,NOUN
.,PUNCT
Entonces,ADV
comprendimos,VERB
que,SCONJ
no,ADV
nos,PRON
quedaba,VERB
más,ADV
remedio,NOUN
que,SCONJ
clamarle,VERB
á,ADP
Dios,PROPN
Todopoderoso,PROPN
que,PRON
nos,PRON
favorezca,VERB
y,CCONJ
nos,PRON
tenga,VERB
misericordia,NOUN
.,PUNCT
Y,CCONJ
fué,AUX
en,ADP
el,DET
mismo,DET
instante,NOUN
que,PRON
nuestro,DET
navío,NOUN
se,PRON
hizo,VERB
cien,NUM
mil,NUM
pedazos,NOUN
y,CCONJ
se,PRON
ahogaron,VERB
15,NUM
hombres,NOUN
y,CCONJ
6,NUM
indios,NOUN
;,PUNCT
algunos,PRON
escaparon,VERB
sobre,ADP
trozos,NOUN
de,ADP
madera,NOUN
",",PUNCT
yo,PRON
y,CCONJ
5,NUM
compañeros,NOUN
más,ADV
nos,PRON
salvamos,VERB
en,ADP
el,DET
mástil,NOUN
;,PUNCT
de,ADP
las,DET
15,NUM
personas,NOUN
no,ADV
pudimos,AUX
recoger,VERB
un,DET
solo,ADJ
cuerpo,NOUN
.,PUNCT
El,DET
Señor,PROPN
Dios,PROPN
nos,PRON
favorezca,VERB
",",PUNCT
á,ADP
ellos,PRON
y,CCONJ
á,CCONJ
nosotros,PRON
todos,PRON
.,PUNCT
"
",SPACE
Después,ADV
de,ADP
esto,PRON
nos,PRON
vimos,VERB
obligados,ADJ
á,ADP
caminar,VERB
á,ADP
pie,NOUN
10,NUM
millas,NOUN
(,PUNCT
leguas,NOUN
),PUNCT
;,PUNCT
habíamos,AUX
perdido,VERB
toda,DET
nuestra,DET
ropa,NOUN
en,ADP
el,DET
navío,NOUN
",",PUNCT
y,CCONJ
los,DET
víveres,NOUN
también,ADV
;,PUNCT
y,CCONJ
nos,PRON
tuvimos,VERB
que,SCONJ
remediar,VERB
con,ADP
las,DET
raíces,NOUN
y,CCONJ
frutillas,NOUN
que,PRON
hallábamos,VERB
en,ADP
el,DET
campo,NOUN
",",PUNCT
hasta,ADP
que,SCONJ
llegamos,VERB
á,ADP
un,DET
puerto,NOUN
ó,CCONJ
ensenada,NOUN
llamada,ADJ
S.,PROPN
Gabrihel,PROPN
;,PUNCT
allí,ADV
",",PUNCT
encontramos,VERB
al,ADP
susodicho,NOUN
navío,NOUN
con,ADP
su,DET
capitán,NOUN
",",PUNCT
que,PRON
había,AUX
llegado,VERB
3,NUM
días,NOUN
antes,ADV
que,SCONJ
nosotros,PRON
.,PUNCT
"
",SPACE
Y,CCONJ
se,PRON
lo,PRON
habían,AUX
comunicado,VERB
á,ADP
nuestro,DET
capitán,NOUN
Marthín,PROPN
Domenigo,PROPN
Eyolla,PROPN
(,PUNCT
Irala,PROPN
),PUNCT
en,ADP
Bonas,PROPN
Ayers,PROPN
;,PUNCT
él,PRON
en,ADP
persona,NOUN
se,PRON
afligió,VERB
sobremanera,ADV
por,ADP
nosotros,PRON
y,CCONJ
creyó,VERB
que,SCONJ
habíamos,AUX
perecido,VERB
",",PUNCT
y,CCONJ
por,ADP
ello,PRON
mandó,VERB
decirnos,VERB
algunas,DET
misas,NOUN
.,PUNCT
"
",SPACE
Y,CCONJ
después,ADV
que,SCONJ
nosotros,PRON
llegamos,VERB
á,ADP
Bonas,PROPN
Ayers,PROPN
",",PUNCT
nuestro,DET
capitán,NOUN
Marthín,PROPN
Doménigo,PROPN
Eyolla,PROPN
(,PUNCT
Irala,PROPN
),PUNCT
hizo,VERB
llamar,VERB
á,ADP
nuestro,DET
capitán,NOUN
y,CCONJ
al,ADP
piloto,NOUN
ó,CCONJ
timonel,NOUN
;,PUNCT
y,CCONJ
á,ADP
no,ADV
ser,AUX
los,DET
grandes,ADJ
empeños,NOUN
que,PRON
por,ADP
él,PRON
se,PRON
hicieron,VERB
",",PUNCT
lo,PRON
hubiese,AUX
hecho,VERB
ahorcar,VERB
al,ADP
piloto,NOUN
;,PUNCT
así,ADV
y,CCONJ
todo,PRON
tuvo,VERB
que,SCONJ
pasar,VERB
4,NUM
años,NOUN
largos,ADJ
en,ADP
la,DET
barquilla,NOUN
pergentin,PROPN
(,PUNCT
bergantín,NOUN
),PUNCT
.,PUNCT
"
",SPACE
Ahora,ADV
ya,ADV
que,SCONJ
estaba,VERB
toda,DET
la,DET
gente,NOUN
reunida,ADJ
en,ADP
Bonas,PROPN
Ayers,PROPN
mandó,VERB
en,ADP
seguida,ADJ
nuestro,DET
capitán,NOUN
general,ADJ
",",PUNCT
que,PRON
se,PRON
aprontasenlos,ADJ
pergantín,NOUN
(,PUNCT
bergantines,NOUN
),PUNCT
",",PUNCT
y,CCONJ
reunió,VERB
toda,DET
la,DET
gente,NOUN
y,CCONJ
quemó,VERB
los,DET
navíos,NOUN
grandes,ADJ
y,CCONJ
reservó,VERB
la,DET
ferretería,NOUN
;,PUNCT
y,CCONJ
después,ADV
navegamos,VERB
nosotros,PRON
aguas,NOUN
arriba,ADV
del,ADP
Parnau,PROPN
y,CCONJ
al,ADP
antedicho,ADJ
asiento,NOUN
Nostra,PROPN
Singnora,PROPN
de,ADP
Sunssión,PROPN
;,PUNCT
allí,ADV
permanecimos,VERB
2,NUM
años,NOUN
largos,ADJ
esperando,VERB
que,SCONJ
la,DET
Cesárea,PROPN
Majestad,PROPN
otra,DET
cosa,NOUN
proveyese,ADJ
.,PUNCT
"

",SPACE
CAPÍTULO,PROPN
XXXI,NOUN
"
",SPACE
LLEGA,NOUN
ALVAR,VERB
NÚÑEZ,PROPN
CABEZA,NOUN
DE,ADP
VACA,PROPN
Á,PROPN
SANTA,ADJ
CATALINA,PROPN
Y,CCONJ
PASA,PROPN
Á,PROPN
LA,DET
ASUNCIÓN,NOUN
"
",SPACE
Mientras,SCONJ
esto,PRON
llegó,VERB
un,DET
capitán,NOUN
general,ADJ
de,ADP
Hispania,PROPN
",",PUNCT
que,PRON
se,PRON
llamaba,VERB
Albernuso,PROPN
Capesa,PROPN
de,ADP
Wacha,PROPN
;,PUNCT
al,ADP
tal,DET
capitán,NOUN
lo,PRON
había,AUX
nombrado,VERB
la,DET
Majestad,PROPN
Cesárea,PROPN
y,CCONJ
venía,VERB
con,ADP
400,NUM
hombres,NOUN
y,CCONJ
30,NUM
caballos,NOUN
en,ADP
4,NUM
navíos,NOUN
",",PUNCT
de,ADP
los,DET
que,PRON
2,NUM
eran,AUX
mayores,ADJ
y,CCONJ
2,NUM
Karabella,PROPN
(,PUNCT
carabelas,NOUN
),PUNCT
;,PUNCT
y,CCONJ
cuando,SCONJ
él,PRON
arribó,VERB
con,ADP
esta,DET
gente,NOUN
á,ADP
un,DET
puerto,NOUN
ó,CCONJ
bahía,NOUN
en,ADP
Presel,PROPN
",",PUNCT
que,PRON
se,PRON
llama,VERB
Wilsey,PROPN
(,PUNCT
Mbiaça,PROPN
?,PUNCT
),PUNCT
",",PUNCT
mas,ADV
este,DET
puerto,NOUN
se,PRON
llama,VERB
también,ADV
S.,PROPN
Katarinna,PROPN
;,PUNCT
 ,SPACE
allí,ADV
quiso,VERB
él,PRON
cargar,VERB
bastimento,NOUN
ó,CCONJ
víveres,NOUN
;,PUNCT
y,CCONJ
cuando,SCONJ
el,DET
capitán,NOUN
despachó,VERB
2,NUM
carabelas,NOUN
unas,PRON
8,NUM
millas,NOUN
(,PUNCT
leguas,NOUN
),PUNCT
del,ADP
dicho,ADJ
puerto,NOUN
á,ADP
buscar,VERB
víveres,NOUN
",",PUNCT
les,PRON
sobrevino,VERB
tal,DET
tempestad,NOUN
",",PUNCT
que,PRON
las,DET
2,NUM
tuvieron,VERB
que,SCONJ
quedar,VERB
en,ADP
el,DET
mar,NOUN
ó,CCONJ
piélago,NOUN
y,CCONJ
lo,PRON
único,ADJ
que,PRON
de,ADP
ellas,PRON
volvió,VERB
fué,AUX
la,DET
tripulación,NOUN
que,PRON
en,ADP
ellas,PRON
había,AUX
;,PUNCT
cuando,SCONJ
el,DET
capitán,NOUN
general,ADJ
se,PRON
impuso,VERB
de,ADP
la,DET
tal,NOUN
cosa,NOUN
",",PUNCT
ya,ADV
no,ADV
se,PRON
quiso,VERB
exponer,VERB
con,ADP
sus,DET
2,NUM
navíos,NOUN
mayores,ADJ
al,ADP
viaje,NOUN
por,ADP
agua,NOUN
;,PUNCT
acaso,ADV
porque,SCONJ
no,ADV
sería,AUX
mucha,DET
la,DET
gana,NOUN
que,PRON
tenía,VERB
es,AUX
que,SCONJ
se,PRON
recelaba,VERB
de,ADP
la,DET
cosa,NOUN
;,PUNCT
y,CCONJ
pasó,VERB
por,ADP
tierra,NOUN
hasta,ADP
el,DET
Río,PROPN
delle,PROPN
Platta,PROPN
",",PUNCT
y,CCONJ
llegó,VERB
hasta,ADP
nosotros,PRON
en,ADP
el,DET
asiento,NOUN
Nostra,PROPN
Singnora,PROPN
en,ADP
El,DET
Paraboe,PROPN
y,CCONJ
lo,PRON
condujeron,VERB
300,NUM
de,ADP
los,DET
400,NUM
hombres,NOUN
;,PUNCT
los,DET
demás,PRON
habían,AUX
perecido,VERB
de,ADP
hambre,NOUN
y,CCONJ
de,ADP
enfermedad,NOUN
.,PUNCT
"
",SPACE
Este,DET
capitán,NOUN
demoró,VERB
8,NUM
meses,NOUN
de,ADP
tiempo,NOUN
en,ADP
el,DET
camino,NOUN
y,CCONJ
hay,AUX
500,NUM
millas,NOUN
(,PUNCT
leguas,NOUN
),PUNCT
de,ADP
la,DET
ciudad,NOUN
Nostra,PROPN
Singnora,PROPN
hasta,ADP
este,DET
pueblo,NOUN
ó,CCONJ
bahía,NOUN
de,ADP
S.,PROPN
Katarina,PROPN
.,PUNCT
Traía,VERB
pues,SCONJ
consigo,DET
de,ADP
Hispania,PROPN
su,DET
gubernazión,NOUN
(,PUNCT
provisión,NOUN
?,PUNCT
),PUNCT
de,ADP
la,DET
Cesárea,PROPN
Majestad,PROPN
",",PUNCT
y,CCONJ
decía,VERB
que,SCONJ
Marthín,PROPN
Domenigo,PROPN
Eyolla,PROPN
(,PUNCT
Irala,PROPN
),PUNCT
",",PUNCT
nuestro,DET
capitán,NOUN
",",PUNCT
tenía,VERB
que,SCONJ
entregarle,VERB
su,DET
gubernazión,NOUN
(,PUNCT
gobernación,NOUN
),PUNCT
y,CCONJ
que,SCONJ
toda,DET
la,DET
gente,NOUN
había,AUX
de,ADP
acatarlo,VERB
.,PUNCT
"
",SPACE
A,ADP
todo,DET
esto,PRON
el,DET
capitán,NOUN
Marthín,PROPN
Domenigo,PROPN
Eyolla,PROPN
(,PUNCT
Irala,PROPN
),PUNCT
y,CCONJ
toda,DET
la,DET
gente,NOUN
se,PRON
declaró,VERB
estar,AUX
pronta,ADJ
y,CCONJ
obediente,ADJ
",",PUNCT
pero,CCONJ
con,ADP
esta,DET
salvedad,NOUN
",",PUNCT
que,SCONJ
él,PRON
Albernuso,PROPN
Capossa,PROPN
d[e,PROPN
],PROPN
Wacha,PROPN
le,PRON
mostrase,VERB
algo,PRON
como,SCONJ
que,SCONJ
él,PRON
había,AUX
obtenido,VERB
y,CCONJ
recibido,VERB
la,DET
tal,DET
provisión,NOUN
de,ADP
la,DET
susodicha,NOUN
Cesárea,PROPN
Majestad,PROPN
;,PUNCT
misterio,NOUN
este,DET
que,PRON
el,DET
común,NOUN
de,ADP
la,DET
gente,NOUN
no,ADV
pudo,AUX
esclarecer,VERB
",",PUNCT
sino,CCONJ
que,SCONJ
los,DET
sacerdotes,NOUN
y,CCONJ
2,NUM
ó,CCONJ
3,NUM
de,ADP
los,DET
oficiales,NOUN
lo,PRON
verificaron,VERB
y,CCONJ
con,ADP
ellos,PRON
él,PRON
",",PUNCT
Albernuss,PROPN
Capossa,PROPN
etc.,PUNCT
",",PUNCT
mandó,VERB
y,CCONJ
gobernó,VERB
.,PUNCT
Pero,CCONJ
de,ADP
cómo,PRON
le,PRON
fué,AUX
es,AUX
lo,PRON
que,PRON
se,PRON
contará,VERB
más,ADV
tarde,ADV
.,PUNCT
"

",SPACE
CAPÍTULO,NUM
XXXII,ADJ
"
",SPACE
CABEZA,NOUN
DE,ADP
VACA,PROPN
MANDA,PROPN
UNA,DET
EXPEDICIÓN,NOUN
A,ADP
LOS,DET
SURUCHACUISS,PROPN
Y,CCONJ
OTROS,DET
INDIOS,ADJ
"
",SPACE
Ahora,ADV
este,DET
dicho,ADJ
Capessa,PROPN
etc.,PUNCT
hizo,VERB
pasar,VERB
revista,NOUN
de,ADP
toda,DET
la,DET
gente,NOUN
;,PUNCT
y,CCONJ
así,ADV
halló,VERB
él,PRON
que,PRON
eran,AUX
800,NUM
hombres,NOUN
por,ADP
toda,PRON
cuenta,NOUN
;,PUNCT
también,ADV
por,ADP
este,DET
tiempo,NOUN
hizo,VERB
él,PRON
hermandad,NOUN
con,ADP
Marthín,PROPN
Domenigo,PROPN
Eyolla,PROPN
(,PUNCT
Irala,PROPN
),PUNCT
y,CCONJ
se,PRON
juraron,VERB
fraternidad,NOUN
",",PUNCT
así,ADV
que,SCONJ
este,PRON
tenía,VERB
que,SCONJ
hacer,VERB
y,CCONJ
que,SCONJ
entender,VERB
con,ADP
la,DET
gente,NOUN
no,ADV
menos,ADV
que,SCONJ
antes,ADV
.,PUNCT
"
",SPACE
En,ADP
seguida,ADJ
él,PRON
",",PUNCT
Albernuso,PROPN
Capessa,PROPN
de,ADP
Wacha,PROPN
mandó,VERB
aprestar,VERB
9,NUM
navecillas,ADJ
pergentin,NOUN
(,PUNCT
bergantines,NOUN
),PUNCT
y,CCONJ
quiso,VERB
navegar,VERB
el,DET
Paraboe,PROPN
aguas,NOUN
arriba,ADV
",",PUNCT
hasta,ADP
donde,PRON
se,PRON
pudiese,VERB
;,PUNCT
y,CCONJ
así,ADV
por,ADP
este,DET
tiempo,NOUN
",",PUNCT
mientras,SCONJ
se,PRON
alistaban,VERB
los,DET
navíos,NOUN
",",PUNCT
envió,VERB
3,NUM
bergentín,NOUN
(,PUNCT
bergantines,NOUN
),PUNCT
con,ADP
115,NUM
hombres,NOUN
",",PUNCT
que,PRON
deberían,AUX
subir,VERB
hasta,ADP
donde,PRON
pudiesen,AUX
y,CCONJ
hallasen,VERB
Indios,PROPN
que,PRON
por,ADP
allí,ADV
tuviesen,VERB
manndeoch,PROPN
(,PUNCT
mandioca,NOUN
ó,CCONJ
fariña,NOUN
),PUNCT
y,CCONJ
algo,PRON
de,ADP
trigo,NOUN
turco,ADJ
",",PUNCT
esto,NOUN
es,AUX
",",PUNCT
maíz,NOUN
;,PUNCT
y,CCONJ
nombró,VERB
para,ADP
que,SCONJ
los,DET
mandasen,VERB
á,ADP
2,NUM
capitanes,NOUN
llamados,ADJ
Anthoni,PROPN
Gabrero,PROPN
(,PUNCT
Antonio,PROPN
Cabrera,PROPN
),PUNCT
y,CCONJ
Tigo,PROPN
Tobellino,PROPN
(,PUNCT
Diego,PROPN
Tabellino,PROPN
?,PUNCT
),PUNCT
;,PUNCT
y,CCONJ
llegaron,VERB
primero,ADV
á,ADP
una,DET
nación,NOUN
que,PRON
se,PRON
llaman,VERB
Suruchakuiss,PROPN
;,PUNCT
(,PUNCT
Cacocies,PROPN
Chaneses,PROPN
?,PUNCT
),PUNCT
estos,PRON
tienen,VERB
algo,PRON
de,ADP
trigo,NOUN
turco,ADJ
(,PUNCT
maíz,NOUN
),PUNCT
y,CCONJ
mandeoch,NOUN
(,PUNCT
fariña,NOUN
),PUNCT
y,CCONJ
otras,DET
raíces,NOUN
",",PUNCT
como,SCONJ
manduies,PROPN
(,PUNCT
maní,NOUN
),PUNCT
que,PRON
se,PRON
parece,VERB
á,ADP
las,DET
avellanas,NOUN
",",PUNCT
ítem,ADJ
pescado,ADJ
y,CCONJ
carne,NOUN
.,PUNCT
Los,DET
hombres,NOUN
usan,VERB
en,ADP
los,DET
labios,NOUN
una,DET
piedra,NOUN
lisa,ADJ
y,CCONJ
grande,ADJ
como,SCONJ
ficha,NOUN
de,ADP
damas,NOUN
;,PUNCT
las,DET
mujeres,NOUN
andan,VERB
con,ADP
las,DET
vergüenzas,NOUN
por,ADP
adorno,NOUN
.,PUNCT
"
",SPACE
Con,ADP
los,DET
de,ADP
esta,DET
nación,NOUN
dejamos,VERB
nuestras,DET
navecillas,NOUN
y,CCONJ
algunos,PRON
de,ADP
nuestros,DET
compañeros,NOUN
en,ADP
ellas,PRON
para,ADP
su,DET
resguardo,NOUN
",",PUNCT
y,CCONJ
en,ADP
seguida,ADJ
nosotros,PRON
nos,PRON
metimos,VERB
tierra,NOUN
adentro,ADV
 ,SPACE
unos,PRON
4,NUM
días,NOUN
de,ADP
camino,NOUN
;,PUNCT
así,ADV
hallamos,VERB
un,DET
pueblo,NOUN
que,PRON
era,AUX
de,ADP
los,DET
Caríos,PROPN
",",PUNCT
los,DET
que,PRON
más,ADV
ó,CCONJ
menos,ADV
eran,AUX
fuertes,ADJ
de,ADP
300,NUM
hombres,NOUN
;,PUNCT
también,ADV
tomamos,VERB
nosotros,PRON
noticia,NOUN
de,ADP
la,DET
tierra,NOUN
y,CCONJ
ellos,PRON
nos,PRON
dieron,VERB
buenos,ADJ
informes,NOUN
.,PUNCT
Después,ADV
de,ADP
esto,PRON
volvimos,VERB
nosotros,PRON
á,ADP
las,DET
navecillas,NOUN
y,CCONJ
navegamos,VERB
el,DET
Paraboe,PROPN
aguas,NOUN
abajo,ADV
y,CCONJ
llegamos,VERB
á,ADP
una,DET
nación,NOUN
llamada,ADJ
los,DET
Acherery,PROPN
;,PUNCT
allí,ADV
encontramos,VERB
una,DET
carta,NOUN
de,ADP
nuestro,DET
capitán,NOUN
general,ADJ
Albernuso,PROPN
Capessa,PROPN
de,ADP
Bacha,PROPN
;,PUNCT
esta,DET
carta,NOUN
decía,VERB
",",PUNCT
que,SCONJ
había,AUX
que,SCONJ
ahorcar,VERB
al,ADP
indio,NOUN
Principal,PROPN
de,ADP
allí,ADV
",",PUNCT
Achere,PROPN
.,PUNCT
Nuestro,DET
capitán,NOUN
obedeció,VERB
la,DET
tal,DET
orden,NOUN
sin,ADP
perder,VERB
un,DET
momento,NOUN
;,PUNCT
por,ADP
ello,PRON
y,CCONJ
en,ADP
seguida,NOUN
se,PRON
armó,VERB
una,DET
guerra,NOUN
grande,ADJ
",",PUNCT
como,SCONJ
se,PRON
oirá,VERB
después,ADV
.,PUNCT
Ya,ADV
que,SCONJ
esto,PRON
 ,SPACE
se,PRON
había,AUX
cumplido,VERB
",",PUNCT
á,ADP
saber,AUX
que,SCONJ
el,DET
dicho,ADJ
Indio,PROPN
había,AUX
tenido,VERB
que,SCONJ
recibir,VERB
la,DET
muerte,NOUN
de,ADP
esta,DET
manera,NOUN
",",PUNCT
emprendimos,VERB
nosotros,PRON
viaje,NOUN
aguas,NOUN
abajo,ADV
al,ADP
asiento,NOUN
Nostra,PROPN
Singnora,PROPN
de,ADP
Sunssión,PROPN
",",PUNCT
y,CCONJ
anunciamos,VERB
á,ADP
nuestro,DET
capitán,NOUN
general,ADJ
Albernuiso,PROPN
Capessa,PROPN
de,ADP
Bacha,PROPN
lo,PRON
que,PRON
nosotros,PRON
en,ADP
este,DET
viaje,NOUN
habíamos,AUX
hecho,VERB
y,CCONJ
visto,ADJ
.,PUNCT
"

",SPACE
CAPÍTULO,ADJ
XXXIII,ADP
"
",SPACE
GUERRA,PROPN
CONTRA,ADP
TABARÉ,PROPN
.,PUNCT
ÉSTE,PROPN
ES,AUX
VENCIDO,NOUN
"

",SPACE
Después,ADV
de,ADP
ésto,PRON
",",PUNCT
dijo,VERB
él,PRON
al,ADP
principal,NOUN
de,ADP
los,DET
Indios,PROPN
que,PRON
estaba,VERB
en,ADP
el,DET
asiento,NOUN
Nostra,PROPN
Singnora,PROPN
que,SCONJ
tenía,VERB
que,SCONJ
facilitarle,VERB
2.000,NUM
Indios,PROPN
y,CCONJ
marchar,VERB
con,ADP
los,DET
Cristianos,PROPN
aguas,NOUN
arriba,ADV
;,PUNCT
los,DET
Indios,PROPN
se,PRON
ofrecieron,VERB
de,ADP
buena,ADJ
gana,NOUN
y,CCONJ
prometieron,VERB
obedecerle,VERB
",",PUNCT
y,CCONJ
agregaron,VERB
esto,PRON
más,ADV
",",PUNCT
que,SCONJ
él,PRON
",",PUNCT
nuestro,DET
capitán,NOUN
general,ADJ
",",PUNCT
debería,AUX
pensarlo,VERB
bien,ADV
primero,ADJ
y,CCONJ
no,ADV
lanzarse,VERB
así,ADV
no,ADV
más,ADV
tierra,NOUN
adentro,ADV
;,PUNCT
porque,SCONJ
toda,DET
la,DET
provincia,NOUN
Dabre,PROPN
(,PUNCT
Tabaré,PROPN
),PUNCT
de,ADP
los,DET
Caríos,PROPN
estaba,AUX
alzada,ADJ
con,ADP
todo,DET
su,DET
poder,NOUN
y,CCONJ
se,PRON
disponían,VERB
á,ADP
marchar,VERB
contra,ADP
los,DET
Cristianos,PROPN
;,PUNCT
porque,SCONJ
este,DET
Dabre,PROPN
(,PUNCT
Tabaré,PROPN
),PUNCT
era,AUX
hermano,NOUN
del,ADP
Acheres,PROPN
(,PUNCT
Aracaré,PROPN
),PUNCT
que,PRON
había,AUX
sido,AUX
ahorcado,VERB
",",PUNCT
por,ADP
eso,PRON
quería,VERB
él,PRON
vengar,VERB
aquella,DET
muerte,NOUN
.,PUNCT
"

",SPACE
Así,ADV
pues,NOUN
",",PUNCT
nuestro,DET
capitán,NOUN
general,ADJ
tuvo,VERB
que,SCONJ
dejarse,VERB
de,ADP
este,DET
viaje,NOUN
y,CCONJ
á,ADP
causa,NOUN
de,ADP
esto,PRON
prepararse,VERB
y,CCONJ
marchar,VERB
contra,ADP
sus,DET
enemigos,NOUN
.,PUNCT
En,ADP
seguida,NOUN
mandó,VERB
de,ADP
acuerdo,NOUN
con,ADP
su,DET
hermano,NOUN
de,ADP
adopción,NOUN
Marthin,PROPN
Domenigo,PROPN
Eyolla,PROPN
(,PUNCT
Irala,PROPN
),PUNCT
",",PUNCT
que,SCONJ
tomase,VERB
400,NUM
hombres,NOUN
y,CCONJ
2.000,NOUN
Indios,PROPN
y,CCONJ
marchase,VERB
contra,ADP
los,DET
susodichos,ADJ
Daberes,PROPN
(,PUNCT
Tabarés,PROPN
),PUNCT
ó,CCONJ
Caríos,PROPN
y,CCONJ
que,SCONJ
á,ADP
todos,DET
ellos,PRON
juntos,ADJ
los,PRON
expulsase,VERB
ó,CCONJ
destruyese,VERB
.,PUNCT
Marthin,PROPN
Doménigo,PROPN
Eyolla,PROPN
(,PUNCT
Irala,PROPN
),PUNCT
obedeció,VERB
la,DET
tal,DET
orden,NOUN
y,CCONJ
marchó,VERB
con,ADP
esta,DET
gente,NOUN
de,ADP
la,DET
ciudad,NOUN
Nostra,PROPN
Singnora,PROPN
y,CCONJ
avanzó,VERB
contra,ADP
los,DET
enemigos,NOUN
",",PUNCT
y,CCONJ
primero,ADV
hizo,VERB
requerir,VERB
al,ADP
Dabero,PROPN
(,PUNCT
Tabaré,PROPN
),PUNCT
de,ADP
parte,NOUN
de,ADP
la,DET
Cesárea,PROPN
Majestad,PROPN
.,PUNCT
Mas,CCONJ
este,DET
Dabere,PROPN
(,PUNCT
Tabaré,PROPN
),PUNCT
no,ADV
quiso,VERB
ceder,VERB
ni,ADV
prestarse,VERB
;,PUNCT
tenía,VERB
mucha,DET
gente,NOUN
reunida,ADJ
y,CCONJ
su,DET
pueblo,NOUN
bien,ADV
fortificado,ADJ
con,ADP
palizadas,NOUN
que,PRON
es,AUX
un,DET
muro,NOUN
hecho,ADJ
de,ADP
maderos,NOUN
;,PUNCT
de,ADP
estos,DET
muros,NOUN
tenía,VERB
el,DET
pueblo,NOUN
3,NUM
á,ADP
la,DET
redonda,NOUN
y,CCONJ
zanjas,NOUN
muy,ADV
anchas,ADJ
",",PUNCT
como,SCONJ
consta,VERB
en,ADP
el,DET
capítulo,NOUN
XXI,PROPN
;,PUNCT
mas,ADV
nosotros,PRON
ya,ADV
desde,ADP
antes,ADV
sabíamos,VERB
qué,DET
valor,NOUN
darles,VERB
á,ADP
las,DET
tales,DET
cosas,NOUN
.,PUNCT
"
",SPACE
Así,ADV
acampamos,VERB
hasta,ADP
el,DET
cuarto,ADJ
día,NOUN
en,ADP
que,PRON
ganamos,VERB
la,DET
primera,ADJ
ventaja,NOUN
",",PUNCT
y,CCONJ
3,NUM
horas,NOUN
antes,ADV
de,ADP
amanecer,VERB
entramos,VERB
al,ADP
pueblo,NOUN
y,CCONJ
matamos,VERB
á,ADP
todos,DET
los,DET
que,PRON
encontramos,VERB
y,CCONJ
tomamos,VERB
á,ADP
muchas,DET
mujeres,NOUN
;,PUNCT
que,PRON
nos,PRON
sirvieron,VERB
de,ADP
mucho,ADV
después,ADV
.,PUNCT
En,ADP
la,DET
tal,DET
escaramuza,NOUN
18,NUM
Cristianos,PROPN
murieron,VERB
y,CCONJ
muchísimos,PRON
de,ADP
los,DET
nuestros,DET
fueron,AUX
heridos,VERB
;,PUNCT
ítem,NOUN
sucumbieron,VERB
muchos,PRON
de,ADP
nuestros,DET
Indios,PROPN
;,PUNCT
pero,CCONJ
no,ADV
nos,PRON
llevaron,VERB
mucha,DET
ventaja,NOUN
",",PUNCT
porque,SCONJ
de,ADP
la,DET
parte,NOUN
de,ADP
ellos,PRON
los,DET
muertos,NOUN
de,ADP
los,DET
Canibelless,PROPN
(,PUNCT
antropófagos,PROPN
),PUNCT
alcanzaron,VERB
á,ADP
los,DET
3.000,NUM
.,PUNCT
"
",SPACE
No,ADV
se,PRON
pasó,VERB
mucho,DET
tiempo,NOUN
sin,ADP
que,SCONJ
viniesen,VERB
Dabere,PROPN
(,PUNCT
Tabaré,PROPN
),PUNCT
con,ADP
su,DET
gente,NOUN
á,ADP
pedirnos,VERB
perdón,NOUN
y,CCONJ
nos,PRON
rogaron,VERB
que,SCONJ
les,PRON
quisiésemos,VERB
devolver,VERB
sus,DET
mujeres,NOUN
é,CCONJ
hijos,NOUN
",",PUNCT
porque,SCONJ
así,ADV
también,ADV
él,PRON
",",PUNCT
Dabere,PROPN
(,PUNCT
Tabaré,PROPN
),PUNCT
",",PUNCT
y,CCONJ
su,DET
gente,NOUN
nos,PRON
servirían,VERB
á,ADP
los,DET
Cristianos,PROPN
y,CCONJ
serían,AUX
nuestros,DET
súbditos,NOUN
.,PUNCT
Lo,PRON
cual,PRON
tuvo,VERB
que,SCONJ
prometerle,VERB
nuestro,DET
Capitán,PROPN
según,ADP
las,DET
instrucciones,NOUN
de,ADP
la,DET
Cesárea,PROPN
Majestad,PROPN
.,PUNCT
"
 
",SPACE
CAPÍTULO,PUNCT
XXXIV,PROPN
"
",SPACE
CABEZA,NOUN
DE,ADP
VACA,PROPN
SUBE,PROPN
Á,PROPN
SAN,PROPN
FERNANDO,PROPN
Á,PROPN
LOS,DET
PAYAGUÁ,PROPN
",",PUNCT
GUASARAPOS,PROPN
Y,CCONJ
SACOCÍES,PROPN
"
",SPACE
Después,ADV
que,SCONJ
estas,DET
paces,NOUN
se,PRON
ajustaron,VERB
volvimos,VERB
á,ADP
tomar,VERB
aguas,NOUN
abajo,ADV
del,ADP
Paraboe,PROPN
(,PUNCT
Paraguay,PROPN
),PUNCT
á,ADP
reunimos,VERB
con,ADP
el,DET
capitán,NOUN
general,ADJ
de,ADP
todos,PRON
A[l]bernuso,PROPN
de,ADP
Bacha,PROPN
y,CCONJ
le,PRON
hicimos,VERB
relación,NOUN
de,ADP
como,SCONJ
nos,PRON
había,AUX
ido,VERB
;,PUNCT
así,ADV
pues,SCONJ
",",PUNCT
resolvió,VERB
él,PRON
realizar,VERB
su,DET
ya,ADV
pensado,ADJ
viaje,NOUN
de,ADP
marras,NOUN
",",PUNCT
y,CCONJ
pidió,VERB
á,ADP
Dabere,PROPN
(,PUNCT
Tabaré,PROPN
),PUNCT
",",PUNCT
que,PRON
ya,ADV
estaba,AUX
pacificado,ADJ
",",PUNCT
2.000,NOUN
Indios,PROPN
arma-dos,PROPN
que,SCONJ
marchasen,VERB
con,ADP
él,PRON
;,PUNCT
y,CCONJ
manifestaron,VERB
su,DET
buena,ADJ
voluntad,NOUN
",",PUNCT
y,CCONJ
prometieron,VERB
que,SCONJ
siempre,ADV
la,PRON
tendrían,VERB
;,PUNCT
también,ADV
mandó,VERB
él,PRON
que,SCONJ
ellos,PRON
",",PUNCT
[,VERB
los,DET
],NOUN
Caríos,PROPN
cargasen,VERB
9,NUM
navecillas,NOUN
bergentin,PROPN
(,PUNCT
bergantines,NOUN
),PUNCT
.,PUNCT
Eso,PRON
que,SCONJ
todo,PRON
estuvo,AUX
dispuesto,ADJ
",",PUNCT
de,ADP
los,DET
800,NUM
hombres,NOUN
Cristianos,PROPN
tomó,VERB
él,PRON
500,NUM
y,CCONJ
á,ADP
los,DET
300,NUM
los,PRON
dejó,VERB
él,PRON
",",PUNCT
en,ADP
la,DET
ciudad,NOUN
Nostra,PROPN
Singnora,PROPN
de,ADP
Sunssión,PROPN
",",PUNCT
nombró,VERB
un,DET
capitán,NOUN
llamado,ADJ
Jan,PROPN
Salleysser,PROPN
(,PUNCT
Juan,PROPN
de,ADP
Salazar,PROPN
),PUNCT
",",PUNCT
en,ADP
seguida,ADJ
emprendió,VERB
la,DET
marcha,NOUN
aguas,NOUN
arriba,ADV
del,ADP
Paraboe,PROPN
con,ADP
los,DET
500,NUM
Cristianos,PROPN
y,CCONJ
2.000,NUM
Indios,PROPN
.,PUNCT
"
",SPACE
Los,DET
Caríos,PROPN
tenían,VERB
83,NUM
conanen,NOUN
(,PUNCT
canoas,NOUN
),PUNCT
ó,CCONJ
esquifes,ADJ
y,CCONJ
nosotros,PRON
los,DET
Cristianos,PROPN
teníamos,VERB
9,NUM
navíos,NOUN
bergentin,PROPN
(,PUNCT
bergantines,NOUN
),PUNCT
",",PUNCT
y,CCONJ
en,ADP
cada,DET
uno,PRON
de,ADP
ellos,PRON
2,NUM
caballos,NOUN
",",PUNCT
pero,CCONJ
á,ADP
estos,PRON
se,PRON
los,PRON
hizo,VERB
caminar,VERB
por,ADP
tierra,NOUN
100,NUM
millas,NOUN
(,PUNCT
leguas,NOUN
),PUNCT
",",PUNCT
y,CCONJ
nosotros,PRON
marchamos,VERB
por,ADP
agua,NOUN
hasta,ADP
llegar,VERB
á,ADP
un,DET
cerro,NOUN
llamado,ADJ
Sannt,PROPN
Ferdinandt,PROPN
",",PUNCT
allí,ADV
se,PRON
embarcaron,VERB
los,DET
caballos,NOUN
y,CCONJ
de,ADP
allí,ADV
caminamos,VERB
y,CCONJ
llegamos,VERB
á,ADP
los,DET
Payenbas,PROPN
(,PUNCT
Payaguá,PROPN
),PUNCT
",",PUNCT
enemigos,NOUN
nuestros,DET
;,PUNCT
mas,ADV
ellos,PRON
no,ADV
se,PRON
dejaron,VERB
estar,AUX
sino,CCONJ
que,SCONJ
huyeron,VERB
presto,ADJ
de,ADP
allí,ADV
con,ADP
mujeres,NOUN
é,CCONJ
hijos,NOUN
después,ADV
de,ADP
haber,AUX
quemado,VERB
sus,DET
casas,NOUN
.,PUNCT
En,ADP
seguida,NOUN
caminamos,VERB
unas,PRON
100,NUM
millas,NOUN
(,PUNCT
leguas,NOUN
),PUNCT
más,ADV
de,ADP
marcha,NOUN
",",PUNCT
en,ADP
que,PRON
no,ADV
encontramos,VERB
gente,NOUN
alguna,ADJ
;,PUNCT
y,CCONJ
después,ADV
llegamos,VERB
á,ADP
una,DET
nación,NOUN
llamada,ADJ
Baschereposs,PROPN
(,PUNCT
Guaxarapos,PROPN
),PUNCT
tienen,VERB
pescado,NOUN
y,CCONJ
carne,NOUN
;,PUNCT
es,AUX
una,DET
gran,ADJ
nación,NOUN
y,CCONJ
se,PRON
extiende,VERB
por,ADP
unas,PRON
100,NUM
millas,NOUN
(,PUNCT
leguas,NOUN
),PUNCT
y,CCONJ
tienen,VERB
hartas,ADJ
khannean,PROPN
(,PUNCT
canoas,NOUN
),PUNCT
",",PUNCT
y,CCONJ
baste,VERB
con,ADP
lo,PRON
dicho,ADJ
de,ADP
esto,PRON
;,PUNCT
sus,DET
mujeres,NOUN
se,PRON
tapan,VERB
las,DET
vergüenzas,NOUN
",",PUNCT
no,ADV
quisieron,VERB
saber,VERB
nada,PRON
con,ADP
nosotros,PRON
",",PUNCT
sino,CCONJ
que,SCONJ
huyeron,VERB
de,ADP
allí,ADV
.,PUNCT
De,ADP
estos,PRON
llegamos,VERB
á,ADP
otra,DET
nación,NOUN
",",PUNCT
llamada,ADJ
de,ADP
los,DET
Sueruekuessis,PROPN
(,PUNCT
Sacocíes,PROPN
),PUNCT
",",PUNCT
donde,PRON
en,ADP
aquella,DET
ocasión,NOUN
estuvieron,VERB
los,DET
3,NUM
antedichos,ADJ
navíos,NOUN
;,PUNCT
está,AUX
á,ADP
las,DET
90,NUM
millas,NOUN
(,PUNCT
leguas,NOUN
),PUNCT
de,ADP
los,DET
Basherepass,PROPN
(,PUNCT
Guaxarapos,PROPN
),PUNCT
;,PUNCT
nos,PRON
recibieron,VERB
muy,ADV
de,ADP
á,ADP
buenas,NOUN
",",PUNCT
cada,DET
cual,PRON
tiene,VERB
casa,NOUN
sola,ADJ
para,ADP
sí,PRON
con,ADP
su,DET
mujer,NOUN
é,CCONJ
hijos,NOUN
.,PUNCT
Los,DET
hombres,NOUN
tienen,VERB
una,DET
rodelita,NOUN
de,ADP
madera,NOUN
como,SCONJ
ficha,NOUN
de,ADP
damero,PROPN
colgada,ADJ
en,ADP
el,DET
lóbulo,NOUN
de,ADP
la,DET
oreja,PROPN
;,PUNCT
las,DET
mujeres,NOUN
tienen,VERB
una,DET
piedra,NOUN
gris,ADJ
de,ADP
cristal,NOUN
que,PRON
les,PRON
cuelga,VERB
de,ADP
los,DET
labios,NOUN
",",PUNCT
es,AUX
del,ADP
largo,ADJ
y,CCONJ
grueso,ADJ
de,ADP
un,DET
dedo,NOUN
",",PUNCT
son,AUX
hermosas,ADJ
y,CCONJ
andan,VERB
en,ADP
cueros,NOUN
vivos,ADJ
como,SCONJ
nacieron,VERB
.,PUNCT
Item,PROPN
tienen,VERB
algo,PRON
de,ADP
trigo,NOUN
turco,ADJ
(,PUNCT
maíz,NOUN
),PUNCT
",",PUNCT
manndeoch,PROPN
(,PUNCT
mandioca,NOUN
ó,CCONJ
fariña,PROPN
),PUNCT
",",PUNCT
manduiss,PROPN
(,PUNCT
maní,NOUN
),PUNCT
",",PUNCT
padades,NOUN
(,PUNCT
batatas,NOUN
),PUNCT
",",PUNCT
pescado,NOUN
y,CCONJ
carne,NOUN
en,ADP
abundancia,NOUN
;,PUNCT
es,AUX
una,DET
gran,ADJ
nación,NOUN
;,PUNCT
nuestro,DET
capitán,NOUN
les,PRON
hizo,VERB
preguntar,VERB
de,ADP
una,DET
nación,NOUN
llamada,ADJ
Karkhareiss,PROPN
",",PUNCT
Carcará,PROPN
",",PUNCT
iten,VERB
más,ADV
de,ADP
los,DET
Caríos,PROPN
;,PUNCT
pero,CCONJ
ellos,PRON
no,ADV
le,PRON
pudieron,AUX
dar,VERB
noticias,NOUN
de,ADP
los,DET
Karckhareiss,PROPN
",",PUNCT
pero,CCONJ
en,ADP
cuanto,NOUN
á,ADP
los,DET
Caríos,PROPN
dijeron,VERB
ellos,PRON
",",PUNCT
que,PRON
estos,PRON
estaban,AUX
aun,ADV
en,ADP
sus,DET
casas,NOUN
;,PUNCT
mas,ADV
esto,PRON
no,ADV
era,AUX
asi,ADJ
.,PUNCT
"  
",SPACE
Después,ADV
de,ADP
lo,PRON
cual,PRON
nuestro,DET
capitán,NOUN
mandó,VERB
que,SCONJ
se,PRON
aprestasen,VERB
;,PUNCT
él,PRON
quería,VERB
marchar,VERB
tierra,NOUN
adentro,ADV
y,CCONJ
dejó,VERB
150,NUM
hombres,NOUN
allí,ADV
con,ADP
los,DET
navíos,NOUN
y,CCONJ
víveres,NOUN
para,ADP
2,NUM
años,NOUN
y,CCONJ
se,PRON
llevó,VERB
los,DET
350,NUM
hombres,NOUN
Cristianos,PROPN
más,ADV
los,DET
18,NUM
caballos,NOUN
y,CCONJ
los,DET
2.000,NUM
Caríos,PROPN
",",PUNCT
que,PRON
con,ADP
nosotros,PRON
salieron,VERB
de,ADP
la,DET
ciudad,NOUN
de,ADP
Nostra,PROPN
Singnora,PROPN
de,ADP
Sunssión,PROPN
",",PUNCT
y,CCONJ
se,PRON
metió,VERB
tierra,NOUN
adentro,ADV
;,PUNCT
pero,CCONJ
poco,ADV
fué,AUX
el,DET
provecho,NOUN
que,PRON
él,PRON
sacó,VERB
",",PUNCT
porque,SCONJ
no,ADV
era,AUX
el,DET
hombre,NOUN
para,ADP
tanta,DET
empresa,NOUN
;,PUNCT
á,ADP
esto,PRON
se,PRON
agregaba,VERB
que,SCONJ
los,DET
capitanes,NOUN
y,CCONJ
caballeros,NOUN
todos,PRON
eran,AUX
sus,DET
enemigos,NOUN
;,PUNCT
á,ADP
tal,DET
grado,NOUN
de,ADP
demasía,NOUN
había,AUX
llegado,VERB
él,PRON
en,ADP
su,DET
modo,NOUN
de,ADP
portarse,VERB
con,ADP
la,DET
gente,NOUN
de,ADP
guerra,NOUN
.,PUNCT
"
",SPACE
Así,ADV
pues,NOUN
",",PUNCT
caminamos,VERB
durante,ADP
18,NUM
días,NOUN
",",PUNCT
en,ADP
que,PRON
no,ADV
hallamos,VERB
ni,CCONJ
Caríos,PROPN
ni,CCONJ
otra,DET
población,NOUN
alguna,ADJ
y,CCONJ
no,ADV
eran,AUX
muchos,PRON
los,DET
víveres,NOUN
[,AUX
que,PRON
nos,PRON
quedaban,VERB
],NOUN
",",PUNCT
así,ADV
que,SCONJ
por,ADP
eso,PRON
nuestro,DET
capitán,NOUN
tuvo,VERB
que,SCONJ
contramarchar,VERB
á,ADP
los,DET
navíos,NOUN
",",PUNCT
y,CCONJ
cuando,SCONJ
dimos,VERB
la,DET
vuelta,NOUN
nosotros,PRON
envió,VERB
él,PRON
á,ADP
un,DET
Español,PROPN
llamado,ADJ
Francisco,PROPN
Rieffere,PROPN
(,PUNCT
Ribera,PROPN
),PUNCT
con,ADP
otros,PRON
10,NUM
Españoles,NOUN
armados,ADJ
para,ADP
que,SCONJ
pasasen,VERB
adelante,ADV
un,DET
buen,ADJ
trecho,NOUN
",",PUNCT
les,PRON
encargó,VERB
que,SCONJ
caminasen,VERB
por,ADP
10,NUM
días,NOUN
",",PUNCT
y,CCONJ
si,SCONJ
fuese,AUX
el,DET
caso,NOUN
que,PRON
durante,ADP
este,DET
tiempo,NOUN
no,ADV
diesen,VERB
con,ADP
gente,NOUN
alguna,DET
habían,AUX
de,ADP
volver,VERB
atrás,ADV
á,ADP
buscarnos,VERB
en,ADP
los,DET
navíos,NOUN
",",PUNCT
donde,PRON
nosotros,PRON
los,PRON
esperaríamos,VERB
.,PUNCT
Allí,ADV
encontraron,VERB
ellos,PRON
una,DET
gran,ADJ
nación,NOUN
de,ADP
los,DET
Indios,PROPN
",",PUNCT
que,PRON
también,ADV
tienen,VERB
algo,PRON
de,ADP
trigo,NOUN
turco,ADJ
(,PUNCT
maíz,NOUN
),PUNCT
",",PUNCT
manderoch,PROPN
",",PUNCT
(,PUNCT
mandioca,NOUN
),PUNCT
y,CCONJ
otras,DET
raíces,NOUN
más,ADV
.,PUNCT
Los,DET
Españoles,PROPN
no,ADV
se,PRON
atrevieron,VERB
á,ADP
dejarse,VERB
ver,VERB
y,CCONJ
se,PRON
volvieron,VERB
á,ADP
nuestro,DET
real,NOUN
y,CCONJ
dieron,VERB
relación,NOUN
de,ADP
ello,PRON
al,ADP
capitán,NOUN
general,ADJ
.,PUNCT
Así,ADV
pues,NOUN
",",PUNCT
no,ADV
hubo,AUX
más,ADV
sino,CCONJ
que,SCONJ
él,PRON
en,ADP
persona,NOUN
había,AUX
de,ADP
marchar,VERB
tierra,NOUN
adentro,ADV
",",PUNCT
y,CCONJ
se,PRON
vió,VERB
obligado,ADJ
á,ADP
desistir,VERB
por,ADP
causa,NOUN
de,ADP
las,DET
aguas,NOUN
que,PRON
se,PRON
lo,PRON
impedían,VERB
.,PUNCT
"
 

",SPACE
CAPÍTULO,ADJ
XXXV,NOUN
"
",SPACE
VIAJE,NOUN
DE,ADP
HERNANDO,PROPN
RIBERA,ADJ
Á,ADP
LOS,DET
OREJONES,PROPN
"""",PUNCT
SUERUCHUESSIS,NOUN
"""",PUNCT
Y,CCONJ
Á,PROPN
LOS,DET
"""",PUNCT
ACHARÉS,PROPN
"""",PUNCT
"
",SPACE
Mandó,VERB
empero,ADV
y,CCONJ
ordenó,VERB
disponer,VERB
un,DET
navío,NOUN
con,ADP
80,NUM
hombres,NOUN
y,CCONJ
nos,PRON
nombró,VERB
un,DET
capitán,NOUN
",",PUNCT
llamado,ADJ
Ernando,PROPN
Rieffere,PROPN
(,PUNCT
Ribera,PROPN
),PUNCT
y,CCONJ
nos,PRON
despachó,VERB
aguas,NOUN
arriba,ADV
del,ADP
Paraboe,PROPN
á,ADP
descubrir,VERB
una,DET
nación,NOUN
llamada,ADJ
Scheruess,PROPN
(,PUNCT
Xarayes,PROPN
),PUNCT
",",PUNCT
de,ADP
allí,ADV
precisamente,ADV
[,PRON
deberíamos,AUX
],NOUN
meternos,VERB
tierra,NOUN
adentro,ADV
unos,PRON
2,NUM
días,NOUN
de,ADP
camino,NOUN
",",PUNCT
y,CCONJ
no,ADV
más,ADV
",",PUNCT
trayéndole,VERB
en,ADP
seguida,ADJ
relación,NOUN
de,ADP
la,DET
tierra,NOUN
y,CCONJ
de,ADP
los,DET
mismos,DET
Indios,PROPN
.,PUNCT
Y,CCONJ
fué,AUX
que,SCONJ
en,ADP
el,DET
primer,ADJ
día,NOUN
que,PRON
nos,PRON
separamos,VERB
de,ADP
ellos,PRON
",",PUNCT
á,ADP
las,DET
4,NUM
millas,NOUN
(,PUNCT
leguas,NOUN
),PUNCT
",",PUNCT
llegamos,VERB
nosotros,PRON
á,ADP
otra,DET
nación,NOUN
llamada,ADJ
de,ADP
los,DET
Sueruckuessis,PROPN
(,PUNCT
Orejones,PROPN
),PUNCT
y,CCONJ
situada,ADJ
en,ADP
la,DET
otra,DET
tierra,NOUN
;,PUNCT
ellos,PRON
viven,VERB
en,ADP
una,DET
isla,NOUN
",",PUNCT
[,INTJ
de,ADP
],NOUN
casi,ADV
30,NUM
millas,NOUN
(,PUNCT
leguas,NOUN
),PUNCT
de,ADP
ancho,NOUN
y,CCONJ
la,PRON
rodea,VERB
el,DET
agua,NOUN
corriente,ADJ
Paraboe,PROPN
",",PUNCT
tienen,VERB
para,ADP
comer,VERB
mannderoch,NOUN
(,PUNCT
mandioca,NOUN
),PUNCT
",",PUNCT
meiss,PROPN
(,PUNCT
maíz,NOUN
),PUNCT
",",PUNCT
manduischs,PROPN
(,PUNCT
maní,NOUN
),PUNCT
",",PUNCT
padat[e]s,NOUN
(,PUNCT
patatas,NOUN
),PUNCT
",",PUNCT
mandepore,ADJ
[,NOUN
mandeoch,PROPN
],PROPN
",",PUNCT
porpy,NOUN
",",PUNCT
buchakhu,NOUN
y,CCONJ
otras,DET
raíces,NOUN
más,ADV
",",PUNCT
ítem,ADJ
pescado,ADJ
y,CCONJ
carne,NOUN
",",PUNCT
son,AUX
los,DET
hombres,NOUN
y,CCONJ
las,DET
mujeres,NOUN
precisamente,ADV
como,SCONJ
entre,ADP
los,DET
antedichos,NOUN
Sueruekuissy,PROPN
(,PUNCT
Sacocíes,PROPN
),PUNCT
.,PUNCT
Nos,PRON
quedamos,VERB
este,DET
día,NOUN
con,ADP
ellos,PRON
y,CCONJ
al,ADP
otro,PRON
volvimos,VERB
á,ADP
partir,VERB
;,PUNCT
y,CCONJ
nos,PRON
llevamos,VERB
10,NUM
Kannanen,PROPN
(,PUNCT
canoas,NOUN
),PUNCT
ó,CCONJ
esquifes,NOUN
de,ADP
estos,DET
Indios,PROPN
para,ADP
que,SCONJ
nos,PRON
mostrasen,VERB
el,DET
camino,NOUN
",",PUNCT
cazaban,VERB
salvajinas,NOUN
del,ADP
campo,NOUN
dos,NUM
veces,NOUN
por,ADP
día,NOUN
",",PUNCT
como,SCONJ
también,ADV
pescaban,VERB
",",PUNCT
y,CCONJ
con,ADP
ello,PRON
nos,PRON
obsequiaban,VERB
.,PUNCT
En,ADP
este,DET
viaje,NOUN
demoramos,VERB
nosotros,PRON
9,NUM
días,NOUN
de,ADP
tiempo,NOUN
y,CCONJ
en,ADP
seguida,NOUN
llegamos,VERB
á,ADP
una,DET
nación,NOUN
llamada,ADJ
de,ADP
los,DET
Acheress,PROPN
(,PUNCT
Yacaré,PROPN
),PUNCT
Hay,AUX
muchas,DET
poblaciones,NOUN
unas,PRON
cerca,ADV
de,ADP
otras,PRON
;,PUNCT
es,AUX
gente,NOUN
alta,ADJ
y,CCONJ
gruesa,ADJ
",",PUNCT
hombres,NOUN
y,CCONJ
mujeres,NOUN
",",PUNCT
que,PRON
los,DET
iguale,VERB
nada,PRON
he,AUX
visto,VERB
en,ADP
todo,DET
el,DET
Río,PROPN
delle,PROPN
Plata,PROPN
.,PUNCT
Estos,DET
Achares,PROPN
(,PUNCT
Yacarés,PROPN
),PUNCT
están,AUX
á,ADP
36,NUM
millas,NOUN
(,PUNCT
leguas,NOUN
),PUNCT
de,ADP
los,DET
dichos,ADJ
Sueruekuessis,PROPN
más,ADV
inmediatos,ADJ
;,PUNCT
no,ADV
tienen,VERB
más,ADV
de,ADP
comer,VERB
que,SCONJ
pescado,NOUN
y,CCONJ
carne,NOUN
;,PUNCT
las,DET
mujeres,NOUN
no,ADV
se,PRON
tapan,VERB
las,DET
vergüenzas,NOUN
.,PUNCT
Con,ADP
estos,DET
Acheress,PROPN
nos,PRON
quedamos,VERB
un,DET
día,NOUN
entero,ADJ
.,PUNCT
Aquí,ADV
los,DET
dichos,ADJ
Sueruekuessis,PROPN
se,PRON
volvieron,VERB
otra,DET
vez,NOUN
con,ADP
sus,DET
10,NUM
Cannanen,PROPN
(,PUNCT
canoas,NOUN
),PUNCT
á,ADP
su,DET
pueblo,NOUN
.,PUNCT
En,ADP
seguida,NOUN
Ernando,PROPN
Rieffere,PROPN
(,PUNCT
Ribera,PROPN
),PUNCT
",",PUNCT
nuestro,DET
capitán,NOUN
",",PUNCT
les,PRON
hizo,VERB
saber,VERB
á,ADP
los,DET
Acheres,PROPN
(,PUNCT
Yacaré,PROPN
),PUNCT
que,PRON
tenían,VERB
que,SCONJ
mostrarnos,VERB
el,DET
camino,NOUN
á,ADP
los,DET
Scherues,PROPN
(,PUNCT
Jarayes,PROPN
),PUNCT
",",PUNCT
y,CCONJ
se,PRON
prestaron,VERB
ellos,PRON
gustosos,ADJ
",",PUNCT
y,CCONJ
nos,PRON
acompañaron,VERB
de,ADP
su,DET
pueblo,NOUN
con,ADP
8,NUM
cananen,NOUN
(,PUNCT
canoas,NOUN
),PUNCT
y,CCONJ
nos,PRON
procuraban,VERB
",",PUNCT
dos,NUM
veces,NOUN
por,ADP
día,NOUN
",",PUNCT
pescado,NOUN
y,CCONJ
carne,NOUN
",",PUNCT
con,ADP
lo,PRON
que,PRON
nosotros,PRON
teníamos,VERB
de,ADP
comer,VERB
en,ADP
abundancia,NOUN
.,PUNCT
"
",SPACE
Por,ADP
qué,PRON
esta,DET
nación,NOUN
se,PRON
llama,VERB
Acheres,PROPN
(,PUNCT
Yacaré,PROPN
),PUNCT
",",PUNCT
es,AUX
la,DET
razón,NOUN
(,PUNCT
esta,PRON
):,PUNCT
achere,ADJ
es,AUX
un,DET
pez,NOUN
que,PRON
tiene,VERB
el,DET
cuero,NOUN
tan,ADV
duro,ADJ
que,SCONJ
uno,PRON
no,ADV
lo,PRON
puede,AUX
herir,VERB
con,ADP
un,DET
cuchillo,NOUN
",",PUNCT
ni,CCONJ
menos,ADV
penetrarle,VERB
una,DET
flecha,NOUN
de,ADP
los,DET
Indios,PROPN
;,PUNCT
es,AUX
un,DET
pez,NOUN
grande,ADJ
",",PUNCT
y,CCONJ
les,PRON
hace,VERB
mucho,ADV
mal,NOUN
á,ADP
los,DET
demás,PRON
peces,NOUN
;,PUNCT
item,PROPN
sus,DET
huevas,NOUN
ú,CCONJ
ovas,NOUN
",",PUNCT
que,PRON
de,ADP
suyo,DET
pone,VERB
en,ADP
tierra,NOUN
",",PUNCT
á,ADP
unos,DET
dos,NUM
ó,CCONJ
tres,NUM
pasos,NOUN
del,ADP
agua,NOUN
",",PUNCT
saben,VERB
como,SCONJ
á,ADP
almizcle,NOUN
;,PUNCT
es,AUX
bueno,ADJ
para,ADP
comer,VERB
",",PUNCT
la,DET
cola,NOUN
es,AUX
lo,PRON
mejor,ADJ
;,PUNCT
lo,PRON
demás,PRON
también,ADV
no,ADV
es,AUX
dañoso,ADJ
;,PUNCT
vive,VERB
siempre,ADV
en,ADP
el,DET
agua,NOUN
.,PUNCT
Item,VERB
aquí,ADV
en,ADP
nuestra,DET
Alemania,PROPN
se,PRON
lo,PRON
tiene,VERB
por,ADP
una,DET
bestia,NOUN
dañosa,ADJ
y,CCONJ
asquerosa,ADJ
y,CCONJ
lo,PRON
llaman,VERB
basiliesckh,PROPN
(,PUNCT
basilisco,PROPN
),PUNCT
y,CCONJ
se,PRON
cuenta,VERB
",",PUNCT
que,SCONJ
si,SCONJ
uno,PRON
lo,PRON
mira,VERB
á,ADP
este,DET
pescado,NOUN
de,ADP
suerte,NOUN
que,PRON
éste,PRON
le,PRON
haga,VERB
llegar,VERB
el,DET
aliento,NOUN
",",PUNCT
por,ADP
fuerza,NOUN
tiene,VERB
él,PRON
que,SCONJ
morir,VERB
",",PUNCT
lo,PRON
que,PRON
es,AUX
una,DET
verdad,NOUN
sin,ADP
vuelta,NOUN
",",PUNCT
porque,SCONJ
el,DET
hombre,NOUN
tiene,VERB
que,SCONJ
morir,VERB
y,CCONJ
nada,PRON
es,AUX
más,ADV
sabido,ADJ
.,PUNCT
También,ADV
se,PRON
cuenta,VERB
que,SCONJ
si,SCONJ
uno,PRON
de,ADP
éstos,PRON
se,PRON
cría,VERB
y,CCONJ
es,AUX
visto,VERB
en,ADP
un,DET
pozo,NOUN
",",PUNCT
que,PRON
no,ADV
hay,AUX
más,ADV
medio,ADJ
de,ADP
acabar,VERB
con,ADP
este,DET
pez,NOUN
que,SCONJ
el,DET
de,ADP
mostrarle,VERB
un,DET
espejo,NOUN
y,CCONJ
tenérselo,NOUN
por,ADP
delante,ADV
",",PUNCT
para,ADP
que,SCONJ
allí,ADV
él,PRON
mismo,ADJ
se,PRON
mire,VERB
",",PUNCT
porque,SCONJ
así,ADV
al,ADP
ver,VERB
allí,ADV
su,DET
propia,DET
fealdad,NOUN
tendrá,VERB
que,SCONJ
caer,VERB
muerto,ADJ
al,ADP
punto,NOUN
.,PUNCT
Pero,CCONJ
las,DET
tales,DET
consejas,NOUN
del,ADP
dicho,ADJ
pez,NOUN
son,AUX
pura,ADJ
fábula,NOUN
y,CCONJ
sin,ADP
valor,NOUN
;,PUNCT
porque,SCONJ
de,ADP
ser,AUX
verdad,NOUN
",",PUNCT
cien,NUM
veces,NOUN
debería,AUX
haberme,AUX
muerto,VERB
",",PUNCT
porque,SCONJ
más,ADV
de,ADP
3.000,NUM
de,ADP
estos,DET
peces,NOUN
he,AUX
cogido,VERB
y,CCONJ
comido,VERB
yo,PRON
;,PUNCT
no,ADV
hubiese,AUX
escrito,VERB
tanto,ADV
acerca,ADV
de,ADP
este,DET
pez,NOUN
si,SCONJ
yo,PRON
no,ADV
hubiese,AUX
tenido,VERB
una,DET
razón,NOUN
conocida,ADJ
:,PUNCT
en,ADP
Munich,PROPN
",",PUNCT
en,ADP
la,DET
casa,NOUN
de,ADP
campo,NOUN
del,ADP
duque,NOUN
Alberto,PROPN
",",PUNCT
nuestro,DET
finado,NOUN
señor,NOUN
.,PUNCT
"

 

",SPACE
CAPÍTULO,PROPN
XXXVI,NOUN
"
",SPACE
LLEGAN,PROPN
Á,PROPN
LOS,DET
"""",PUNCT
SCHERUESS,PROPN
"""",PUNCT
Y,CCONJ
SON,AUX
BIEN,VERB
RECIBIDOS,ADJ
POR,ADP
ELLOS,PRON
"
",SPACE
Después,ADV
de,ADP
esto,PRON
llegamos,VERB
á,ADP
los,DET
Scheruess,PROPN
(,PUNCT
Xarayes,PROPN
),PUNCT
",",PUNCT
hasta,ADP
donde,PRON
de,ADP
los,DET
Acheres,PROPN
se,PRON
cuentan,VERB
38,NUM
millas,NOUN
(,PUNCT
leguas,NOUN
),PUNCT
",",PUNCT
que,PRON
las,PRON
hicimos,VERB
en,ADP
9,NUM
días,NOUN
;,PUNCT
es,AUX
una,DET
nación,NOUN
grande,ADJ
",",PUNCT
pero,CCONJ
no,ADV
era,AUX
esta,DET
justamente,ADV
la,DET
nación,NOUN
en,ADP
que,PRON
vivía,VERB
el,DET
rey,NOUN
;,PUNCT
mas,ADV
estos,PRON
Scherues,PROPN
(,PUNCT
Xarayes,PROPN
),PUNCT
con,ADP
quienes,PRON
habíamos,AUX
dado,VERB
usan,VERB
bigote,NOUN
y,CCONJ
llevan,VERB
un,DET
redondel,NOUN
de,ADP
palo,NOUN
colgado,ADJ
en,ADP
el,DET
lóbulo,NOUN
de,ADP
las,DET
orejas,PROPN
y,CCONJ
la,DET
oreja,PROPN
abraza,VERB
el,DET
redondel,NOUN
de,ADP
palo,NOUN
",",PUNCT
cosa,NOUN
que,PRON
maravilla,VERB
de,ADP
ver,VERB
.,PUNCT
"
",SPACE
Item,PROPN
más,ADV
los,DET
hombres,NOUN
tienen,VERB
en,ADP
el,DET
labio,NOUN
una,DET
piedra,NOUN
ancha,ADJ
de,ADP
cristal,NOUN
azul,ADJ
muy,ADV
parecida,ADJ
á,ADP
una,DET
dama,NOUN
.,PUNCT
Item,PROPN
más,ADV
se,PRON
pintan,VERB
el,DET
cuerpo,NOUN
de,ADP
azul,NOUN
desde,ADP
arriba,ADV
hasta,ADP
las,DET
rodillas,NOUN
",",PUNCT
y,CCONJ
la,DET
cosa,NOUN
se,PRON
parece,VERB
á,ADP
algo,PRON
como,SCONJ
calzas,NOUN
pintadas,ADJ
.,PUNCT
"
",SPACE
Pero,CCONJ
las,DET
mujeres,NOUN
se,PRON
embijan,VERB
de,ADP
otra,DET
manera,NOUN
",",PUNCT
también,ADV
de,ADP
azul,NOUN
desde,ADP
los,DET
pechos,NOUN
hasta,ADP
las,DET
vergüenzas,NOUN
",",PUNCT
tan,ADV
artísticamente,ADV
",",PUNCT
que,SCONJ
así,ADV
no,ADV
más,ADV
",",PUNCT
fuera,ADV
de,ADP
allí,ADV
",",PUNCT
no,ADV
se,PRON
hallaría,VERB
un,DET
pintor,NOUN
que,PRON
lo,PRON
imitase,VERB
;,PUNCT
ellas,PRON
andan,VERB
como,SCONJ
las,PRON
echó,VERB
al,ADP
mundo,NOUN
la,DET
madre,NOUN
",",PUNCT
y,CCONJ
son,AUX
hermosas,ADJ
á,ADP
su,DET
manera,NOUN
",",PUNCT
y,CCONJ
muy,ADV
bien,ADV
que,SCONJ
saben,VERB
pecar,VERB
estando,AUX
á,ADP
obscuras,ADJ
.,PUNCT
"
",SPACE
Con,ADP
estos,PRON
Scherues,PROPN
(,PUNCT
Xarayes,PROPN
),PUNCT
nos,PRON
quedamos,VERB
un,DET
día,NOUN
y,CCONJ
navegamos,VERB
desde,ADP
allí,ADV
hasta,ADP
llegar,VERB
en,ADP
3,NUM
días,NOUN
á,ADP
lo,PRON
de,ADP
un,DET
rey,NOUN
",",PUNCT
que,PRON
está,AUX
á,ADP
14,NUM
millas,NOUN
(,PUNCT
leguas,NOUN
),PUNCT
de,ADP
allá,ADV
[,PRON
su,DET
gente,NOUN
],PROPN
.,PUNCT
Se,PRON
llaman,VERB
también,ADV
Scherues,PROPN
(,PUNCT
Xarayes,PROPN
),PUNCT
",",PUNCT
pero,CCONJ
su,DET
tierra,NOUN
no,ADV
tiene,VERB
más,ADV
que,SCONJ
4,NUM
millas,NOUN
(,PUNCT
leguas,NOUN
),PUNCT
de,ADP
camino,NOUN
de,ADP
ancho,NOUN
;,PUNCT
también,ADV
tiene,VERB
él,PRON
un,DET
pueblo,NOUN
situado,ADJ
á,ADP
orillas,NOUN
del,ADP
agua,NOUN
Paraboe,PROPN
.,PUNCT
Allí,ADV
dejamos,VERB
nuestro,DET
navío,NOUN
con,ADP
12,NUM
Españoles,PROPN
",",PUNCT
que,PRON
lo,PRON
cuiden,VERB
",",PUNCT
para,ADP
que,SCONJ
cuando,SCONJ
llegásemos,VERB
nos,PRON
sirviese,VERB
de,ADP
amparo,NOUN
;,PUNCT
les,PRON
encargamos,VERB
también,ADV
á,ADP
estos,PRON
Scherues,PROPN
(,PUNCT
Xarayes,PROPN
),PUNCT
en,ADP
el,DET
propio,DET
pueblo,NOUN
",",PUNCT
que,PRON
tenían,VERB
que,SCONJ
portarse,VERB
como,SCONJ
buenos,ADJ
amigos,NOUN
con,ADP
los,DET
Cristianos,PROPN
",",PUNCT
como,SCONJ
que,SCONJ
también,ADV
así,ADV
lo,PRON
hicieron,VERB
.,PUNCT
"
",SPACE
Así,ADV
pues,SCONJ
nos,PRON
quedamos,VERB
2,NUM
días,NOUN
enteros,ADJ
en,ADP
el,DET
pueblo,NOUN
y,CCONJ
nos,PRON
aprestamos,VERB
para,ADP
el,DET
viaje,NOUN
y,CCONJ
nos,PRON
tomamos,VERB
cuanto,PRON
nos,PRON
hacía,VERB
falta,NOUN
;,PUNCT
después,ADV
cruzamos,VERB
el,DET
agua,NOUN
Paraboe,PROPN
y,CCONJ
llegamos,VERB
á,ADP
lo,PRON
del,ADP
rey,NOUN
",",PUNCT
allá,ADV
donde,PRON
vive,VERB
en,ADP
persona,NOUN
.,PUNCT
Y,CCONJ
allí,ADV
cuando,PRON
llegamos,VERB
nosotros,PRON
como,SCONJ
á,ADP
una,DET
milla,PROPN
(,PUNCT
legua,NOUN
),PUNCT
de,ADP
distancia,NOUN
",",PUNCT
entonces,ADV
nos,PRON
salió,VERB
al,ADP
encuentro,NOUN
el,DET
rey,NOUN
de,ADP
los,DET
 ,SPACE
Scherues,PROPN
(,PUNCT
Xarayes,PROPN
),PUNCT
con,ADP
12.000,NUM
hombres,NOUN
y,CCONJ
tal,NOUN
vez,NOUN
más,ADV
",",PUNCT
en,ADP
una,DET
pampa,NOUN
y,CCONJ
en,ADP
son,AUX
de,ADP
paz,NOUN
.,PUNCT
El,DET
camino,NOUN
por,ADP
donde,PRON
andaban,VERB
ellos,PRON
era,AUX
de,ADP
8,NUM
pasos,NOUN
de,ADP
ancho,NOUN
;,PUNCT
el,DET
tal,DET
camino,NOUN
estaba,AUX
entapizado,ADJ
con,ADP
puras,ADJ
flores,NOUN
y,CCONJ
pasto,NOUN
hasta,ADP
el,DET
pueblo,NOUN
",",PUNCT
así,ADV
que,SCONJ
no,ADV
se,PRON
podía,AUX
dar,VERB
con,ADP
una,DET
piedra,NOUN
",",PUNCT
palo,NOUN
ó,CCONJ
paja,NOUN
alguna,ADJ
;,PUNCT
también,ADV
el,DET
rey,NOUN
se,PRON
traía,VERB
su,DET
música,NOUN
consigo,VERB
",",PUNCT
tal,NOUN
y,CCONJ
como,SCONJ
el,DET
caramillo,NOUN
entre,ADP
nosotros,PRON
;,PUNCT
también,ADV
había,AUX
mandado,VERB
el,DET
rey,NOUN
que,PRON
para,ADP
esta,DET
ocasión,NOUN
se,PRON
corriesen,VERB
venados,ADJ
y,CCONJ
otras,DET
salvajinas,PROPN
",",PUNCT
á,ADP
uno,PRON
y,CCONJ
otro,DET
lado,NOUN
del,ADP
camino,NOUN
;,PUNCT
así,ADV
por,ADP
suerte,NOUN
ellos,PRON
habían,AUX
cogido,VERB
30,NUM
venados,NOUN
y,CCONJ
20,NUM
abestraussen,PROPN
(,PUNCT
avestruces,PROPN
),PUNCT
",",PUNCT
ó,CCONJ
nandú,PROPN
(,PUNCT
ñandú,PROPN
),PUNCT
;,PUNCT
y,CCONJ
era,AUX
cosa,NOUN
de,ADP
alegrarse,VERB
de,ADP
ver,VERB
.,PUNCT
"
",SPACE
Y,CCONJ
cuando,SCONJ
nosotros,PRON
hubimos,VERB
ya,ADV
llegado,VERB
á,ADP
su,DET
pueblo,NOUN
",",PUNCT
hizo,VERB
el,DET
rey,NOUN
que,PRON
cada,DET
2,NUM
Cristianos,PROPN
entrasen,VERB
en,ADP
una,DET
casa,NOUN
",",PUNCT
y,CCONJ
que,SCONJ
nuestro,DET
capitán,NOUN
junto,ADJ
con,ADP
su,DET
servidumbre,NOUN
pasase,VERB
á,ADP
la,DET
casa,NOUN
real,ADJ
;,PUNCT
después,ADV
de,ADP
esto,PRON
el,DET
rey,NOUN
de,ADP
los,DET
Scherues,PROPN
encargó,VERB
á,ADP
sus,DET
súbditos,NOUN
",",PUNCT
que,PRON
nos,PRON
diesen,VERB
lo,PRON
que,PRON
nos,PRON
hacía,VERB
falta,NOUN
.,PUNCT
También,ADV
el,DET
rey,PROPN
reunió,VERB
su,DET
corte,NOUN
á,ADP
su,DET
manera,NOUN
como,SCONJ
el,DET
más,ADV
poderoso,ADJ
señor,NOUN
de,ADP
la,DET
tierra,NOUN
;,PUNCT
hay,AUX
que,SCONJ
hacerle,VERB
música,NOUN
á,ADP
la,DET
mesa,NOUN
cuantas,ADJ
veces,NOUN
se,PRON
le,PRON
antoja,VERB
;,PUNCT
entonces,ADV
los,DET
hombres,NOUN
y,CCONJ
las,DET
mujeres,NOUN
más,ADV
hermosas,ADJ
tienen,VERB
por,ADP
obligación,NOUN
que,SCONJ
bailarle,VERB
;,PUNCT
el,DET
tal,DET
baile,NOUN
de,ADP
ellos,PRON
es,AUX
cosa,NOUN
de,ADP
verse,VERB
como,SCONJ
maravilla,NOUN
",",PUNCT
en,ADP
especial,ADJ
para,ADP
nosotros,PRON
los,DET
Cristianos,PROPN
",",PUNCT
de,ADP
suerte,NOUN
que,PRON
uno,PRON
tiene,VERB
que,SCONJ
olvidarse,VERB
hasta,ADP
de,ADP
su,DET
boca,NOUN
.,PUNCT
"
",SPACE
Esta,DET
gente,NOUN
se,PRON
parece,VERB
á,ADP
los,DET
Scherues,PROPN
(,PUNCT
Xarayes,PROPN
),PUNCT
",",PUNCT
de,ADP
los,DET
que,PRON
se,PRON
dijo,VERB
ya,ADV
más,ADV
atrás,ADV
.,PUNCT
Sus,DET
mujeres,NOUN
hacen,VERB
unas,DET
mantas,NOUN
grandes,ADJ
de,ADP
algodón,NOUN
",",PUNCT
tan,ADV
sutiles,ADJ
como,SCONJ
tela,VERB
de,ADP
Arlas,PROPN
(,PUNCT
Arles,PROPN
),PUNCT
",",PUNCT
en,ADP
las,DET
que,PRON
ellas,PRON
después,ADV
bordan,VERB
varias,DET
figuras,NOUN
como,SCONJ
ser,AUX
venados,ADJ
",",PUNCT
avestruces,NOUN
",",PUNCT
ovejas,NOUN
de,ADP
Indias,PROPN
(,PUNCT
llamas,NOUN
ó,CCONJ
guanacos,NOUN
),PUNCT
",",PUNCT
ó,CCONJ
lo,PRON
que,PRON
sea,AUX
que,SCONJ
se,PRON
puede,VERB
.,PUNCT
En,ADP
las,DET
tales,DET
mantas,NOUN
duermen,VERB
cuando,SCONJ
hace,VERB
frío,NOUN
",",PUNCT
ó,CCONJ
se,PRON
sientan,VERB
sobre,ADP
ellas,PRON
",",PUNCT
según,ADP
la,DET
necesidad,NOUN
ó,CCONJ
el,DET
antojo,NOUN
del,ADP
momento,NOUN
.,PUNCT
Estas,DET
mujeres,NOUN
son,AUX
muy,ADV
hermosas,ADJ
y,CCONJ
grandes,ADJ
enamoradas,ADJ
;,PUNCT
muy,ADV
corrientes,NOUN
y,CCONJ
de,ADP
naturaleza,NOUN
muy,ADV
ardiente,ADJ
á,ADP
mi,DET
modo,NOUN
de,ADP
ver,VERB
.,PUNCT
"
",SPACE
Allí,ADV
nos,PRON
demoramos,VERB
unos,PRON
4,NUM
días,NOUN
",",PUNCT
y,CCONJ
en,ADP
ese,DET
tiempo,NOUN
el,DET
rey,PROPN
preguntó,VERB
á,ADP
nuestro,DET
capitán,NOUN
cual,PRON
era,AUX
nuestro,DET
deseo,NOUN
é,CCONJ
intención,NOUN
",",PUNCT
y,CCONJ
hacia,ADP
donde,PRON
queríamos,VERB
marchar,VERB
.,PUNCT
A,ADP
esto,PRON
contestó,VERB
nuestro,DET
capitán,NOUN
que,PRON
él,PRON
buscaba,VERB
oro,NOUN
y,CCONJ
plata,NOUN
.,PUNCT
También,ADV
le,PRON
dió,VERB
el,DET
rey,NOUN
una,DET
corona,NOUN
de,ADP
oro,NOUN
que,PRON
pesaba,VERB
casi,ADV
un,DET
marco,NOUN
y,CCONJ
medio,NUM
",",PUNCT
ítem,NOUN
una,DET
plenschen,PROPN
(,PUNCT
plancha,NOUN
),PUNCT
de,ADP
oro,NOUN
",",PUNCT
que,PRON
alcanzaba,VERB
á,ADP
jeme,PROPN
y,CCONJ
medio,NUM
de,ADP
largo,NOUN
y,CCONJ
á,ADP
medio,NOUN
jeme,PROPN
de,ADP
ancho,NOUN
;,PUNCT
también,ADV
un,DET
prusseleh,NOUN
(,PUNCT
brazalete,NOUN
),PUNCT
esto,NOUN
es,NOUN
",",PUNCT
un,DET
medio,NOUN
harnischs,PROPN
(,PUNCT
arnés,NOUN
),PUNCT
y,CCONJ
otras,DET
cosas,NOUN
más,ADV
de,ADP
plata,NOUN
",",PUNCT
y,CCONJ
dijo,VERB
después,ADV
á,ADP
nuestro,DET
capitán,NOUN
",",PUNCT
que,SCONJ
él,PRON
ya,ADV
no,ADV
tenía,VERB
más,ADV
oro,NOUN
ni,CCONJ
plata,NOUN
y,CCONJ
que,SCONJ
estas,DET
susodichas,ADJ
piezas,NOUN
las,PRON
había,AUX
tomado,VERB
de,ADP
los,DET
Amossenes,PROPN
(,PUNCT
Amazones,PROPN
),PUNCT
en,ADP
la,DET
guerra,NOUN
en,ADP
tiempos,NOUN
atrás,ADV
.,PUNCT
Y,CCONJ
entonces,ADV
él,PRON
se,PRON
hizo,VERB
oir,VERB
acerca,ADV
de,ADP
los,DET
Amossenes,PROPN
(,PUNCT
Amazones,PROPN
),PUNCT
y,CCONJ
nos,PRON
dio,VERB
á,ADP
entender,VERB
cuán,ADV
grande,ADJ
era,AUX
su,DET
riqueza,NOUN
",",PUNCT
así,ADV
que,SCONJ
nos,PRON
alegramos,VERB
mucho,ADV
;,PUNCT
y,CCONJ
luego,ADV
al,ADP
punto,NOUN
preguntó,VERB
nuestro,DET
capitán,NOUN
al,ADP
rey,NOUN
si,SCONJ
podríamos,AUX
nosotros,PRON
llegar,VERB
allí,ADV
por,ADP
agua,NOUN
con,ADP
nuestros,DET
navíos,NOUN
y,CCONJ
qué,DET
distancia,NOUN
habría,AUX
hasta,ADP
los,DET
dichos,ADJ
Amossenes,PROPN
(,PUNCT
Amazones,PROPN
),PUNCT
A,ADP
lo,PRON
que,PRON
contestó,VERB
el,DET
rey,NOUN
",",PUNCT
que,PRON
no,ADV
podríamos,AUX
nosotros,PRON
llegar,VERB
allí,ADV
por,ADP
agua,NOUN
",",PUNCT
sino,CCONJ
que,SCONJ
tendríamos,VERB
que,SCONJ
marchar,VERB
por,ADP
tierra,NOUN
y,CCONJ
habría,AUX
que,SCONJ
andar,VERB
2,NUM
meses,NOUN
de,ADP
tiempo,NOUN
uno,PRON
en,ADP
seguida,NOUN
de,ADP
otro,PRON
.,PUNCT
Así,ADV
resolvimos,VERB
nosotros,PRON
caminar,VERB
á,ADP
los,DET
dichos,ADJ
Amossenes,PROPN
(,PUNCT
Amazones,PROPN
),PUNCT
",",PUNCT
como,SCONJ
se,PRON
pasará,VERB
á,ADP
contar,VERB
.,PUNCT
"

",SPACE
CAPÍTULO,ADJ
XXXVII,NOUN
"
",SPACE
BUSCAN,PROPN
Á,PROPN
LOS,DET
AMOSENES,PROPN
Y,CCONJ
PASAN,PROPN
POR,ADP
LOS,DET
SYEBERIS,PROPN
Y,CCONJ
ORTUESES,PROPN
"
",SPACE
Las,DET
mujeres,NOUN
de,ADP
estos,DET
Amossenes,PROPN
no,ADV
tienen,VERB
más,ADV
que,SCONJ
un,DET
pecho,NOUN
y,CCONJ
sólo,ADV
se,PRON
juntan,VERB
con,ADP
sus,DET
maridos,NOUN
3,NUM
ó,CCONJ
4,NUM
veces,NOUN
en,ADP
el,DET
año,NOUN
",",PUNCT
y,CCONJ
si,SCONJ
de,ADP
este,DET
contacto,NOUN
con,ADP
el,DET
marido,NOUN
quedan,VERB
preñadas,ADJ
de,ADP
varón,NOUN
",",PUNCT
se,PRON
lo,PRON
mandan,VERB
ellas,PRON
á,CCONJ
que,PRON
se,PRON
esté,VERB
con,ADP
el,DET
marido,NOUN
;,PUNCT
mas,ADV
si,SCONJ
resulta,VERB
mujer,NOUN
",",PUNCT
la,PRON
conservan,VERB
á,ADP
su,DET
lado,NOUN
y,CCONJ
ellas,PRON
no,ADV
más,ADV
le,PRON
queman,VERB
el,DET
pecho,NOUN
derecho,ADJ
",",PUNCT
para,ADP
que,SCONJ
no,ADV
pueda,AUX
criarse,VERB
más,ADV
.,PUNCT
Pero,CCONJ
la,DET
razón,NOUN
es,AUX
esta,PRON
",",PUNCT
para,ADP
hacerse,VERB
diestras,ADJ
y,CCONJ
poder,AUX
manejar,VERB
sus,DET
armas,NOUN
",",PUNCT
los,DET
arcos,NOUN
;,PUNCT
porque,SCONJ
son,AUX
mujeres,NOUN
de,ADP
pelea,NOUN
y,CCONJ
hacen,VERB
guerra,NOUN
contra,ADP
sus,DET
enemigos,NOUN
.,PUNCT
"
",SPACE
También,ADV
estas,DET
mujeres,NOUN
viven,VERB
en,ADP
una,DET
isla,NOUN
que,PRON
está,AUX
rodeada,ADJ
de,ADP
agua,NOUN
á,ADP
la,DET
vuelta,NOUN
y,CCONJ
es,AUX
una,DET
isla,NOUN
grande,ADJ
;,PUNCT
si,SCONJ
se,PRON
quiere,VERB
llegar,VERB
allá,ADV
hay,AUX
que,SCONJ
ir,VERB
en,ADP
cannaen,PROPN
(,PUNCT
canoas,NOUN
),PUNCT
;,PUNCT
pero,CCONJ
en,ADP
esta,DET
isla,NOUN
los,DET
Amossenes,PROPN
(,PUNCT
Amazones,PROPN
),PUNCT
no,ADV
tienen,VERB
ni,CCONJ
oro,NOUN
ni,CCONJ
[,NOUN
plata,NOUN
],PROPN
",",PUNCT
sino,CCONJ
en,ADP
Terra,PROPN
ferma,ADJ
(,PUNCT
tierra,NOUN
firme,ADJ
),PUNCT
",",PUNCT
esto,NOUN
es,NOUN
",",PUNCT
tierra,NOUN
adentro,ADV
",",PUNCT
allí,ADV
donde,PRON
viven,VERB
los,DET
maridos,NOUN
",",PUNCT
ellos,PRON
son,AUX
los,DET
que,PRON
tienen,VERB
grandes,ADJ
riquezas,NOUN
.,PUNCT
Es,AUX
una,DET
nación,NOUN
grande,ADJ
y,CCONJ
[,VERB
un,DET
],NOUN
rey,NOUN
poderoso,ADJ
que,PRON
parece,VERB
llamarse,VERB
Jegiuss,PROPN
como,SCONJ
también,ADV
lo,PRON
demuestra,VERB
el,DET
lugar,NOUN
.,PUNCT
"

",SPACE
Ahora,ADV
nuestro,DET
capitán,NOUN
Ernando,PROPN
Rieffiro,PROPN
(,PUNCT
Ribera,PROPN
),PUNCT
pidió,VERB
al,ADP
dicho,ADJ
rey,NOUN
de,ADP
los,DET
Scherueses,PROPN
(,PUNCT
Xarayes,PROPN
),PUNCT
que,PRON
nos,PRON
facilitase,VERB
algunos,DET
hombres,NOUN
de,ADP
su,DET
gente,NOUN
",",PUNCT
porque,SCONJ
él,PRON
quería,VERB
marchar,VERB
tierra,NOUN
adentro,ADV
y,CCONJ
buscar,VERB
á,ADP
los,DET
susodichos,ADJ
Amossenes,PROPN
(,PUNCT
Amazones,PROPN
),PUNCT
",",PUNCT
para,ADP
que,SCONJ
así,ADV
los,DET
Scherues,PROPN
(,PUNCT
Xarayes,PROPN
),PUNCT
cargasen,VERB
nuestro,DET
botín,NOUN
y,CCONJ
nos,PRON
mostrasen,VERB
el,DET
camino,NOUN
;,PUNCT
de,ADP
su,DET
parte,NOUN
el,DET
rey,NOUN
se,PRON
hallaba,VERB
dispuesto,ADJ
",",PUNCT
mas,ADV
demostró,VERB
á,ADP
las,DET
claras,ADJ
",",PUNCT
que,PRON
la,DET
tierra,NOUN
en,ADP
este,DET
tiempo,NOUN
estaba,AUX
anegada,ADJ
y,CCONJ
que,SCONJ
no,ADV
era,AUX
bueno,ADJ
por,ADP
ahora,ADV
viajar,VERB
tierra,NOUN
adentro,ADV
;,PUNCT
mas,ADV
nosotros,PRON
no,ADV
quisimos,VERB
creer,VERB
",",PUNCT
sino,CCONJ
que,SCONJ
le,PRON
exigimos,VERB
los,DET
Indios,PROPN
",",PUNCT
así,ADV
pues,SCONJ
él,PRON
le,PRON
dió,VERB
á,ADP
nuestro,DET
capitán,NOUN
para,ADP
su,DET
persona,NOUN
20,NUM
hombres,NOUN
",",PUNCT
que,PRON
debían,AUX
cargarle,VERB
el,DET
botín,NOUN
y,CCONJ
los,DET
víveres,NOUN
",",PUNCT
y,CCONJ
á,ADP
cada,DET
uno,PRON
de,ADP
nosotros,PRON
5,NUM
Indios,PROPN
para,ADP
que,SCONJ
nos,PRON
sirviesen,VERB
y,CCONJ
cargasen,VERB
lo,PRON
que,PRON
hacía,VERB
falta,NOUN
",",PUNCT
porque,SCONJ
teníamos,VERB
que,SCONJ
caminar,VERB
8,NUM
días,NOUN
en,ADP
que,PRON
no,ADV
encontraríamos,VERB
más,ADV
Indios,PROPN
.,PUNCT
"
",SPACE
Así,ADV
llegamos,VERB
á,ADP
una,DET
nación,NOUN
llamada,ADJ
de,ADP
los,DET
Syeberiss,PROPN
(,PUNCT
Paresis,PROPN
?,PUNCT
),PUNCT
;,PUNCT
se,PRON
parecen,VERB
á,ADP
los,DET
Scherues,PROPN
(,PUNCT
Xarayes,PROPN
),PUNCT
en,ADP
la,DET
lengua,NOUN
y,CCONJ
en,ADP
otras,DET
cosas,NOUN
.,PUNCT
Estos,DET
8,NUM
días,NOUN
caminamos,VERB
nosotros,PRON
siempre,ADV
y,CCONJ
siempre,ADV
en,ADP
el,DET
agua,NOUN
hasta,ADP
la,DET
cintura,NOUN
y,CCONJ
la,DET
rodilla,NOUN
",",PUNCT
día,NOUN
y,CCONJ
noche,NOUN
",",PUNCT
así,ADV
que,SCONJ
de,ADP
allí,ADV
no,ADV
podíamos,VERB
ni,ADV
sabíamos,VERB
como,SCONJ
salir,VERB
.,PUNCT
Si,SCONJ
se,PRON
nos,PRON
ofrecía,VERB
hacer,VERB
fuego,NOUN
",",PUNCT
teníamos,VERB
que,SCONJ
amontonar,VERB
trozos,NOUN
grandes,ADJ
unos,PRON
sobre,ADP
otros,PRON
y,CCONJ
hacer,VERB
el,DET
fuego,NOUN
encima,ADV
;,PUNCT
y,CCONJ
aconteció,VERB
muchas,DET
veces,NOUN
",",PUNCT
que,SCONJ
la,DET
olla,NOUN
en,ADP
que,PRON
teníamos,VERB
la,DET
comida,NOUN
junto,ADJ
con,ADP
el,DET
fuego,NOUN
se,PRON
caían,VERB
al,ADP
agua,NOUN
y,CCONJ
nos,PRON
quedábamos,VERB
por,ADP
lo,PRON
tanto,NOUN
sin,ADP
comer,VERB
;,PUNCT
tampoco,ADV
teníamos,VERB
descanso,NOUN
",",PUNCT
ni,CCONJ
de,ADP
día,NOUN
ni,CCONJ
de,ADP
noche,NOUN
",",PUNCT
á,ADP
causa,NOUN
de,ADP
las,DET
pequeñas,ADJ
moscas,NOUN
(,PUNCT
mosquitos,NOUN
),PUNCT
",",PUNCT
que,PRON
no,ADV
nos,PRON
dejaban,VERB
dormir,VERB
.,PUNCT
"
  
",SPACE
Así,ADV
preguntamos,VERB
nosotros,PRON
á,ADP
los,DET
Syeberís,PROPN
si,SCONJ
aun,ADV
nos,PRON
quedaba,VERB
agua,NOUN
más,ADV
adelante,ADV
;,PUNCT
dijeron,VERB
ellos,PRON
",",PUNCT
que,PRON
teníamos,VERB
que,SCONJ
andar,VERB
aun,ADV
4,NUM
días,NOUN
enteros,ADJ
por,ADP
el,DET
agua,NOUN
y,CCONJ
de,ADP
ahí,ADV
todavía,ADV
más,ADV
de,ADP
5,NUM
por,ADP
tierra,NOUN
",",PUNCT
y,CCONJ
que,PRON
así,ADV
llegaríamos,VERB
á,ADP
una,DET
nación,NOUN
llamada,ADJ
Ortthuessen,PROPN
(,PUNCT
Urtueses,PROPN
),PUNCT
;,PUNCT
y,CCONJ
nos,PRON
dieron,VERB
también,ADV
á,ADP
entender,VERB
que,SCONJ
éramos,AUX
nosotros,PRON
muy,ADV
pocos,PRON
",",PUNCT
y,CCONJ
que,PRON
convenía,VERB
nos,PRON
volviésemos,VERB
.,PUNCT
Mas,CCONJ
nosotros,PRON
no,ADV
quisimos,VERB
hacer,VERB
tal,DET
cosa,NOUN
por,ADP
considerar,VERB
á,ADP
los,DET
Scherues,PROPN
(,PUNCT
Xarayes,PROPN
),PUNCT
",",PUNCT
antes,ADV
bien,ADV
estuvimos,AUX
por,ADP
despachar,VERB
de,ADP
vuelta,NOUN
á,ADP
sus,DET
casas,NOUN
y,CCONJ
su,DET
pueblo,NOUN
á,ADP
los,DET
Scherues,PROPN
(,PUNCT
Xarayes,PROPN
),PUNCT
que,PRON
nos,PRON
acompañaban,VERB
",",PUNCT
mas,ADV
ellos,PRON
",",PUNCT
los,DET
dichos,ADJ
Scherues,PROPN
se,PRON
negaron,VERB
á,ADP
hacerlo,VERB
",",PUNCT
porque,SCONJ
su,DET
rey,NOUN
les,PRON
había,AUX
encargado,VERB
",",PUNCT
que,SCONJ
no,ADV
nos,PRON
dejasen,VERB
sino,CCONJ
que,SCONJ
nos,PRON
sirviesen,VERB
mientras,SCONJ
no,ADV
regresásemos,VERB
nosotros,PRON
otra,DET
vez,NOUN
de,ADP
tierra,NOUN
adentro,ADV
.,PUNCT
Así,ADV
pues,SCONJ
los,DET
dichos,ADJ
Syeberís,PROPN
nos,PRON
dieron,VERB
10,NUM
hombres,NOUN
para,ADP
que,SCONJ
junto,ADJ
con,ADP
los,DET
Scherues,PROPN
(,PUNCT
Xarayes,PROPN
),PUNCT
nos,PRON
mostrasen,VERB
el,DET
camino,NOUN
á,ADP
los,DET
Ortheuesen,PROPN
(,PUNCT
Urtueses,PROPN
),PUNCT
.,PUNCT
Así,ADV
marchamos,VERB
nosotros,PRON
7,NUM
días,NOUN
más,ADV
por,ADP
el,DET
agua,NOUN
que,PRON
nos,PRON
daba,VERB
á,ADP
la,DET
cintura,NOUN
ó,CCONJ
á,ADP
la,DET
rodilla,NOUN
.,PUNCT
La,DET
tal,DET
agua,NOUN
estaba,AUX
tan,ADV
caldeada,ADJ
como,SCONJ
si,SCONJ
hubiese,AUX
estado,VERB
al,ADP
fuego,NOUN
;,PUNCT
esta,DET
agua,NOUN
también,ADV
teníamos,VERB
que,SCONJ
beber,VERB
",",PUNCT
visto,NOUN
que,SCONJ
con,ADP
otra,PRON
no,ADV
contábamos,VERB
.,PUNCT
Pero,CCONJ
era,AUX
cosa,NOUN
como,SCONJ
para,ADP
creer,VERB
que,SCONJ
se,PRON
trataba,VERB
de,ADP
un,DET
agua,NOUN
corriente,ADJ
lo,PRON
que,PRON
no,ADV
era,AUX
así,ADV
",",PUNCT
sino,CCONJ
quepor,NOUN
aquel,DET
tiempo,NOUN
mismo,ADJ
había,AUX
llovido,VERB
tanto,ADV
que,SCONJ
la,DET
tierra,NOUN
estaba,AUX
llena,ADJ
de,ADP
agua,NOUN
",",PUNCT
porque,SCONJ
la,DET
tierra,NOUN
es,AUX
una,DET
planicie,NOUN
llana,ADJ
;,PUNCT
con,ADP
el,DET
tiempo,NOUN
quedamos,VERB
bien,ADV
escarmentados,ADJ
de,ADP
la,DET
tal,DET
agua,NOUN
",",PUNCT
como,SCONJ
oiréis,VERB
más,ADV
tarde,ADV
.,PUNCT
"
",SPACE
Después,ADV
de,ADP
esto,PRON
el,DET
día,NOUN
9,NUM
entre,ADP
10,NUM
y,CCONJ
11,NUM
del,ADP
día,NOUN
llegamos,VERB
al,ADP
pueblo,NOUN
de,ADP
los,DET
Orttheueser,PROPN
(,PUNCT
Urtueses,PROPN
),PUNCT
",",PUNCT
y,CCONJ
eso,PRON
que,PRON
fueron,AUX
ya,ADV
las,DET
12,NUM
recien,PROPN
llegamos,VERB
á,ADP
la,DET
plaza,NOUN
en,ADP
el,DET
pueblo,NOUN
",",PUNCT
allí,ADV
donde,PRON
estaba,VERB
la,DET
casa,NOUN
del,ADP
principal,ADJ
de,ADP
los,DET
Ortteuesen,PROPN
.,PUNCT
"

",SPACE
Pero,CCONJ
casualmente,ADV
por,ADP
ese,DET
tiempo,NOUN
había,AUX
una,DET
peste,NOUN
grande,ADJ
entre,ADP
los,DET
Ortthuessen,PROPN
",",PUNCT
de,ADP
pura,ADJ
hambre,NOUN
",",PUNCT
porque,SCONJ
no,ADV
tenían,VERB
qué,PRON
comer,VERB
;,PUNCT
á,ADP
causa,NOUN
de,ADP
que,SCONJ
los,DET
duckhuss,NOUN
(,PUNCT
Tucus,PROPN
),PUNCT
ó,CCONJ
langosta,NOUN
por,ADP
segunda,ADJ
vez,NOUN
y,CCONJ
casi,ADV
por,ADP
completo,NOUN
les,PRON
había,AUX
comido,VERB
y,CCONJ
destruido,VERB
el,DET
maíz,NOUN
y,CCONJ
el,DET
fruto,NOUN
de,ADP
los,DET
árboles,NOUN
.,PUNCT
Cuando,SCONJ
nosotros,PRON
los,DET
Cristianos,PROPN
tal,DET
cosa,NOUN
comprendimos,VERB
y,CCONJ
vimos,VERB
nos,PRON
alarmamos,VERB
mucho,ADV
y,CCONJ
nos,PRON
convencimos,VERB
que,SCONJ
no,ADV
podíamos,AUX
quedar,VERB
mucho,DET
tiempo,NOUN
en,ADP
la,DET
tierra,NOUN
",",PUNCT
porque,SCONJ
nosotros,PRON
tampoco,ADV
teníamos,VERB
mucho,PRON
de,ADP
comer,VERB
.,PUNCT
Así,ADV
pues,SCONJ
nuestro,DET
capitán,NOUN
le,PRON
averiguó,VERB
al,ADP
principal,NOUN
de,ADP
ellos,PRON
acerca,ADV
de,ADP
los,DET
Amosenes,PROPN
(,PUNCT
Amazones,PROPN
),PUNCT
",",PUNCT
y,CCONJ
él,PRON
le,PRON
contó,VERB
",",PUNCT
que,SCONJ
necesitábamos,VERB
un,DET
mes,NOUN
entero,ADJ
hasta,ADP
llegar,VERB
á,ADP
los,DET
Amossenes,PROPN
(,PUNCT
Amazones,PROPN
),PUNCT
",",PUNCT
y,CCONJ
más,ADV
aun,ADV
",",PUNCT
que,SCONJ
toda,DET
la,DET
tierra,NOUN
estaba,AUX
llena,ADJ
de,ADP
agua,NOUN
",",PUNCT
como,SCONJ
que,SCONJ
al,ADP
fin,NOUN
y,CCONJ
al,DET
cabo,NOUN
así,ADV
se,PRON
dejaba,VERB
ver,VERB
.,PUNCT
"

",SPACE
Aquí,ADV
fué,AUX
que,SCONJ
el,DET
principal,ADJ
de,ADP
los,DET
Ortheueses,PROPN
dió,VERB
á,ADP
nuestro,DET
capitán,NOUN
4,NUM
plenschen,PROPN
(,PUNCT
planchas,NOUN
),PUNCT
de,ADP
oro,NOUN
y,CCONJ
",",PUNCT
4,NUM
argollas,NOUN
de,ADP
plata,NOUN
",",PUNCT
que,PRON
se,PRON
ponen,VERB
en,ADP
los,DET
brazos,NOUN
;,PUNCT
pero,CCONJ
las,DET
plenschen,ADJ
(,PUNCT
planchas,NOUN
),PUNCT
las,PRON
usan,VERB
los,DET
Indios,PROPN
en,ADP
la,DET
frente,NOUN
como,SCONJ
adorno,NOUN
",",PUNCT
así,ADV
como,SCONJ
en,ADP
esta,DET
tierra,NOUN
(,PUNCT
Alemania,PROPN
),PUNCT
los,DET
grandes,ADJ
señores,NOUN
usan,VERB
ricas,ADJ
cadenas,NOUN
en,ADP
los,DET
cuellos,NOUN
.,PUNCT
En,ADP
cambio,NOUN
de,ADP
estas,DET
cosas,NOUN
nuestro,DET
capitán,NOUN
dio,VERB
á,ADP
este,DET
Indio,PROPN
principal,ADJ
hacha,NOUN
",",PUNCT
cuchillo,NOUN
",",PUNCT
rosario,NOUN
",",PUNCT
tijera,NOUN
y,CCONJ
otras,DET
baratijas,NOUN
más,ADV
",",PUNCT
de,ADP
las,DET
que,PRON
se,PRON
fabrican,VERB
en,ADP
Niremberga,PROPN
;,PUNCT
de,ADP
buena,ADJ
gana,NOUN
les,PRON
hubiésemos,AUX
sacado,VERB
más,ADV
cosas,NOUN
",",PUNCT
pero,CCONJ
no,ADV
nos,PRON
atrevimos,VERB
",",PUNCT
porque,SCONJ
nosotros,PRON
los,DET
Cristianos,PROPN
éramos,AUX
muy,ADV
pocos,PRON
",",PUNCT
y,CCONJ
por,ADP
lo,PRON
mismo,PRON
había,AUX
que,SCONJ
desconfiar,VERB
;,PUNCT
los,DET
Indios,PROPN
eran,AUX
muchos,PRON
",",PUNCT
al,ADP
grado,NOUN
que,PRON
yo,PRON
jamás,ADV
en,ADP
todas,DET
las,DET
Indias,PROPN
he,AUX
visto,VERB
pueblo,NOUN
más,ADV
grande,ADJ
ni,CCONJ
más,ADV
gente,NOUN
junta,PROPN
",",PUNCT
y,CCONJ
eso,PRON
que,PRON
he,AUX
andado,VERB
la,DET
ceca,NOUN
y,CCONJ
la,DET
meca,NOUN
.,PUNCT
Esta,DET
peste,NOUN
de,ADP
los,DET
Indios,PROPN
",",PUNCT
por,ADP
lo,PRON
que,PRON
tantos,PRON
morían,VERB
de,ADP
hambre,NOUN
",",PUNCT
fué,AUX
",",PUNCT
á,ADP
no,ADV
dudarlo,VERB
",",PUNCT
nuestra,DET
salvación,NOUN
",",PUNCT
porque,SCONJ
de,ADP
lo,PRON
contrario,NOUN
lo,PRON
probable,ADJ
es,AUX
que,SCONJ
los,DET
Cristianos,PROPN
no,ADV
hubiesen,AUX
salido,VERB
de,ADP
allí,ADV
con,ADP
vida,NOUN
.,PUNCT
"

",SPACE
CAPÍTULO,PROPN
XXXVIII,PROPN
"
",SPACE
REGRESO,NOUN
DE,ADP
HERNANDO,PROPN
DE,ADP
RIBERA,NOUN
.,PUNCT
SUBLEVACIÓN,NOUN
DE,ADP
LA,DET
GENTE,NOUN
"
",SPACE
Después,ADV
de,ADP
esto,PRON
contramarchamos,PRON
á,ADP
los,DET
antedichos,ADJ
Syeborís,PROPN
y,CCONJ
Scherues,PROPN
(,PUNCT
Xarayes,PROPN
),PUNCT
.,PUNCT
Nosotros,PRON
los,DET
Cristianos,PROPN
también,ADV
estábamos,AUX
mal,ADV
provistos,ADJ
de,ADP
víveres,NOUN
",",PUNCT
no,ADV
teníamos,VERB
otra,DET
cosa,NOUN
de,ADP
comer,VERB
que,SCONJ
una,DET
pämb,NOUN
(,PUNCT
palma,NOUN
),PUNCT
llamada,ADJ
palmides,NOUN
(,PUNCT
palmitos,NOUN
),PUNCT
y,CCONJ
cardes,PROPN
(,PUNCT
cardos,NOUN
),PUNCT
y,CCONJ
otras,DET
raíces,NOUN
del,ADP
campo,NOUN
que,PRON
se,PRON
crían,VERB
bajo,ADP
de,ADP
tierra,NOUN
.,PUNCT
"
",SPACE
Cuando,SCONJ
llegamos,VERB
nosotros,PRON
á,ADP
los,DET
Scherues,PROPN
estaba,AUX
nuestra,DET
gente,NOUN
á,ADP
la,DET
muerte,NOUN
de,ADP
enferma,NOUN
por,ADP
causa,NOUN
del,ADP
agua,NOUN
",",PUNCT
y,CCONJ
de,ADP
las,DET
necesidades,NOUN
que,PRON
en,ADP
este,DET
viaje,NOUN
habíamos,AUX
sufrido,VERB
;,PUNCT
porque,SCONJ
por,ADP
30,NUM
días,NOUN
y,CCONJ
noches,NOUN
seguidas,ADJ
habíamos,AUX
estado,VERB
en,ADP
el,DET
agua,NOUN
",",PUNCT
y,CCONJ
de,ADP
la,DET
misma,PRON
habíamos,AUX
bebido,VERB
.,PUNCT
Así,ADV
nos,PRON
quedamos,VERB
allí,ADV
entre,ADP
los,DET
Scherues,PROPN
",",PUNCT
donde,PRON
vive,VERB
el,DET
Rey,PROPN
",",PUNCT
unos,PRON
4,NUM
días,NOUN
;,PUNCT
nos,PRON
trataron,VERB
muy,ADV
bien,ADV
y,CCONJ
nos,PRON
sirvieron,VERB
al,ADP
pensamiento,NOUN
",",PUNCT
y,CCONJ
el,DET
Rey,PROPN
encargó,VERB
á,ADP
sus,DET
súbditos,NOUN
que,PRON
nos,PRON
cuidasen,VERB
y,CCONJ
nos,PRON
diesen,VERB
cuanto,PRON
nos,PRON
hacía,VERB
falta,NOUN
.,PUNCT
"
",SPACE
Así,ADV
en,ADP
este,DET
viaje,NOUN
cada,DET
uno,PRON
de,ADP
nosotros,PRON
se,PRON
había,AUX
ganado,VERB
un,DET
valor,NOUN
como,SCONJ
de,ADP
200,NUM
ducados,NOUN
sólo,ADV
en,ADP
mantas,NOUN
de,ADP
algodón,NOUN
de,ADP
Indias,PROPN
y,CCONJ
plata,NOUN
",",PUNCT
que,PRON
les,PRON
habíamos,AUX
comprado,VERB
á,ADP
ocultas,ADJ
",",PUNCT
y,CCONJ
sin,ADP
que,SCONJ
se,PRON
sepa,VERB
",",PUNCT
por,ADP
cuchillos,NOUN
",",PUNCT
rosarios,NOUN
",",PUNCT
tijeras,NOUN
y,CCONJ
espejos,NOUN
.,PUNCT
"
",SPACE
Después,ADV
de,ADP
todo,DET
esto,PRON
volvimos,VERB
á,ADP
navegar,VERB
aguas,NOUN
abajo,ADV
á,ADP
juntarnos,VERB
con,ADP
nuestro,DET
capitán,NOUN
general,ADJ
Alwiso,PROPN
Capessa,PROPN
de,ADP
Bacha,PROPN
[,PROPN
Luego,ADV
que,SCONJ
llegamos,VERB
á,ADP
los,DET
navíos,NOUN
",",PUNCT
ordenó,VERB
él,PRON
",",PUNCT
Albernunzo,PROPN
Capessa,PROPN
de,ADP
Bacha,PROPN
],PROPN
que,SCONJ
so,ADP
pena,NOUN
de,ADP
la,DET
vida,NOUN
ni,CCONJ
uno,PRON
de,ADP
nosotros,PRON
se,PRON
moviese,VERB
de,ADP
los,DET
navíos,NOUN
",",PUNCT
y,CCONJ
se,PRON
vino,VERB
á,ADP
vernos,VERB
",",PUNCT
él,PRON
mismo,ADJ
in,ADP
personâ,PROPN
",",PUNCT
é,CCONJ
hizo,VERB
prender,VERB
á,ADP
nuestro,DET
capitán,NOUN
Ernando,PROPN
Rieffira,PROPN
(,PUNCT
Hernando,PROPN
de,ADP
Ribera,PROPN
),PUNCT
",",PUNCT
y,CCONJ
nos,PRON
quitó,VERB
[,NOUN
á,ADP
los,DET
soldados,NOUN
cuanto,ADV
],PROPN
habíamos,AUX
traído,VERB
de,ADP
tierra,NOUN
adentro,ADJ
",",PUNCT
y,CCONJ
por,ADP
último,NOUN
y,CCONJ
para,ADP
colmo,NOUN
de,ADP
todo,PRON
",",PUNCT
quería,VERB
hacer,VERB
ahorcar,VERB
en,ADP
un,DET
árbol,NOUN
á,ADP
nuestro,DET
capitán,NOUN
Ernando,PROPN
Rieffere,PROPN
.,PUNCT
Mas,CCONJ
nosotros,PRON
",",PUNCT
que,PRON
aun,ADV
estábamos,VERB
en,ADP
el,DET
navío,NOUN
bergentin,PROPN
(,PUNCT
bergantín,NOUN
),PUNCT
cuando,SCONJ
supimos,VERB
de,ADP
la,DET
tal,NOUN
cosa,NOUN
",",PUNCT
armamos,VERB
un,DET
gran,ADJ
alboroto,NOUN
",",PUNCT
juntándonos,VERB
con,ADP
otros,DET
buenos,ADJ
amigos,NOUN
",",PUNCT
con,ADP
que,PRON
contábamos,VERB
en,ADP
tierra,NOUN
",",PUNCT
contra,ADP
nuestro,DET
capitán,NOUN
dicho,ADJ
general,NOUN
Alberniso,PROPN
(,PUNCT
Alvar,PROPN
Núñez,PROPN
),PUNCT
Capessa,PROPN
de,ADP
Bacha,PROPN
",",PUNCT
es,NOUN
decir,NOUN
",",PUNCT
para,ADP
obligarlo,VERB
á,ADP
que,SCONJ
soltase,VERB
y,CCONJ
dejase,VERB
libre,ADJ
á,ADP
nuestro,DET
capitán,NOUN
Ernando,PROPN
Rieffere,PROPN
",",PUNCT
como,SCONJ
también,NOUN
que,SCONJ
nos,PRON
devolviese,VERB
íntegramente,ADV
lo,PRON
nuestro,DET
que,PRON
nos,PRON
había,AUX
robado,VERB
y,CCONJ
quitado,VERB
",",PUNCT
y,CCONJ
que,SCONJ
si,SCONJ
nó,INTJ
",",PUNCT
otro,DET
tanto,NOUN
le,PRON
haríamos,VERB
á,ADP
él,PRON
.,PUNCT
"
",SPACE
Cuando,SCONJ
él,PRON
",",PUNCT
Aluiso,PROPN
Capessa,PROPN
de,ADP
Bacha,PROPN
se,PRON
apercibió,VERB
del,ADP
alboroto,NOUN
nuestro,DET
",",PUNCT
y,CCONJ
se,PRON
dió,VERB
cuenta,NOUN
de,ADP
nuestras,DET
malas,ADJ
intenciones,NOUN
",",PUNCT
tuvo,VERB
á,ADP
bien,ADV
",",PUNCT
porque,SCONJ
ello,PRON
no,ADV
pasase,VERB
de,ADP
ahí,ADV
",",PUNCT
poner,VERB
en,ADP
libertad,NOUN
á,ADP
nuestro,DET
capitán,NOUN
",",PUNCT
nos,PRON
devolvió,VERB
también,ADV
todo,DET
lo,PRON
que,PRON
nos,PRON
había,AUX
quitado,VERB
y,CCONJ
nos,PRON
habló,VERB
con,ADP
buenas,ADJ
palabras,NOUN
",",PUNCT
y,CCONJ
sólo,ADV
así,ADV
quedamos,VERB
satisfechos,ADJ
.,PUNCT
Mas,CCONJ
como,SCONJ
le,PRON
fué,AUX
después,ADV
bien,ADV
se,PRON
enteró,VERB
él,PRON
:,PUNCT
va,VERB
en,ADP
seguida,ADJ
.,PUNCT
"
",SPACE
Y,CCONJ
después,ADV
de,ADP
todo,DET
esto,PRON
",",PUNCT
cuando,SCONJ
ya,ADV
todo,PRON
había,AUX
sosegado,VERB
",",PUNCT
pidió,VERB
él,PRON
á,ADP
nuestro,DET
capitán,NOUN
Ernando,PROPN
Rieffire,PROPN
(,PUNCT
Ribera,PROPN
),PUNCT
y,CCONJ
á,CCONJ
nosotros,PRON
que,PRON
le,PRON
diésemos,VERB
una,DET
relación,NOUN
de,ADP
la,DET
tierra,NOUN
y,CCONJ
que,PRON
le,PRON
contásemos,VERB
como,SCONJ
había,AUX
sucedido,VERB
que,SCONJ
tanto,ADV
nos,PRON
habíamos,AUX
demorado,VERB
",",PUNCT
como,SCONJ
que,SCONJ
en,ADP
seguida,NOUN
le,PRON
dimos,VERB
una,DET
relación,NOUN
",",PUNCT
con,ADP
la,DET
que,PRON
quedó,VERB
muy,ADV
contento,ADJ
.,PUNCT
Que,SCONJ
él,PRON
así,ADV
nos,PRON
había,AUX
recibido,VERB
",",PUNCT
prendiendo,VERB
á,ADP
nuestro,DET
capitán,NOUN
",",PUNCT
y,CCONJ
quitándonos,VERB
lo,PRON
nuestro,PRON
",",PUNCT
sólo,ADV
se,PRON
debía,AUX
á,ADP
que,SCONJ
nosotros,PRON
no,ADV
habíamos,AUX
obedecido,VERB
su,DET
mandato,NOUN
;,PUNCT
porque,SCONJ
él,PRON
no,ADV
nos,PRON
había,AUX
dado,VERB
más,ADV
orden,NOUN
",",PUNCT
que,SCONJ
la,DET
de,ADP
no,ADV
pasar,VERB
más,ADV
allá,ADV
de,ADP
los,DET
Scheruyes,PROPN
(,PUNCT
Xarayes,PROPN
),PUNCT
",",PUNCT
y,CCONJ
de,ADP
allí,ADV
4,NUM
días,NOUN
de,ADP
viaje,NOUN
la,DET
tierra,NOUN
adentro,ADV
;,PUNCT
de,ADP
todo,DET
lo,PRON
cual,PRON
debíamos,AUX
traerle,VERB
relación,NOUN
y,CCONJ
de,ADP
allí,ADV
volvernos,VERB
.,PUNCT
Én,VERB
lugar,NOUN
de,ADP
lo,PRON
cual,PRON
anduvimos,VERB
18,NUM
días,NOUN
de,ADP
los,DET
Scherues,PROPN
tierra,PROPN
adentro,ADV
.,PUNCT
"

",SPACE
CAPÍTULO,PROPN
XXXIX,PROPN
"
",SPACE
IMPOPULARIDAD,NOUN
DE,ADP
CABEZA,NOUN
DE,ADP
VACA,PROPN
.,PUNCT
MATANZA,NOUN
DE,ADP
LOS,DET
SUERUCUESIS,PROPN
"

",SPACE
Pero,CCONJ
ahora,ADV
se,PRON
le,PRON
antojó,VERB
al,ADP
dicho,ADJ
nuestro,DET
capitán,NOUN
general,ADJ
",",PUNCT
por,ADP
la,DET
relación,NOUN
que,PRON
le,PRON
habíamos,AUX
hecho,VERB
",",PUNCT
marchar,VERB
con,ADP
toda,DET
la,DET
gente,NOUN
á,ADP
la,DET
tierra,NOUN
que,PRON
nosotros,PRON
habíamos,AUX
visitado,VERB
.,PUNCT
Mas,CCONJ
nosotros,PRON
los,DET
soldados,NOUN
por,ADP
nada,PRON
quisimos,VERB
consentirlo,VERB
",",PUNCT
ni,CCONJ
menos,ADV
en,ADP
esta,DET
estación,NOUN
en,ADP
que,PRON
la,DET
tierra,NOUN
está,AUX
anegada,ADJ
;,PUNCT
por,ADP
otro,ADJ
lado,NOUN
la,DET
mayor,ADJ
parte,NOUN
de,ADP
la,DET
gente,NOUN
no,PART
solo,ADJ
estaba,AUX
muy,ADV
enferma,ADJ
y,CCONJ
cansada,ADJ
",",PUNCT
sino,CCONJ
que,SCONJ
tampoco,ADV
tenía,VERB
ya,ADV
mayor,ADJ
respecto,NOUN
por,ADP
el,DET
dicho,ADJ
capitán,NOUN
Aluiso,ADJ
Capessa,PROPN
de,ADP
Bacha,PROPN
;,PUNCT
algo,PRON
más,ADV
",",PUNCT
era,AUX
cosa,NOUN
bien,ADV
sabida,ADJ
entre,ADP
el,DET
común,NOUN
de,ADP
la,DET
gente,NOUN
ó,CCONJ
soldados,NOUN
",",PUNCT
que,PRON
se,PRON
trataba,VERB
de,ADP
un,DET
hombre,NOUN
que,PRON
jamás,ADV
en,ADP
la,DET
vida,NOUN
había,AUX
tenido,VERB
idea,NOUN
propia,ADJ
ni,CCONJ
habilidad,NOUN
para,ADP
mandar,VERB
.,PUNCT
"

",SPACE
Así,ADV
permanecimos,VERB
nosotros,PRON
unos,PRON
2,NUM
meses,NOUN
entre,ADP
los,DET
susodichos,ADJ
Syeberis,PROPN
(,PUNCT
Suruchakuiss,PROPN
?,PUNCT
),PUNCT
.,PUNCT
Por,ADP
este,DET
tiempo,NOUN
una,DET
fiebre,NOUN
lo,PRON
tomó,VERB
al,ADP
capitán,NOUN
general,ADJ
Aluiso,PROPN
Capessa,PROPN
de,ADP
Bacha,PROPN
",",PUNCT
así,ADV
que,SCONJ
cayó,VERB
gravemente,ADV
enfermo,NOUN
;,PUNCT
acaso,ADV
no,ADV
se,PRON
hubiese,AUX
perdido,VERB
gran,ADJ
cosa,NOUN
si,SCONJ
en,ADP
esta,DET
vez,NOUN
hubiese,AUX
fallecido,VERB
;,PUNCT
porque,SCONJ
lo,PRON
que,PRON
era,AUX
él,PRON
bien,ADV
poco,ADV
valía,NOUN
para,ADP
con,ADP
nosotros,PRON
.,PUNCT
En,ADP
esta,DET
tierra,NOUN
de,ADP
los,DET
Suerachkuesys,PROPN
no,ADV
he,AUX
visto,VERB
Indio,PROPN
alguno,PRON
que,PRON
alcanzase,VERB
á,ADP
los,DET
40,NUM
ó,CCONJ
50,NUM
años,NOUN
de,ADP
edad,NOUN
",",PUNCT
porque,SCONJ
en,ADP
mi,DET
vida,NOUN
he,AUX
visto,VERB
tierra,NOUN
más,ADV
mal,ADV
sana,ADJ
",",PUNCT
por,ADP
hallarse,VERB
en,ADP
una,DET
región,NOUN
en,ADP
que,PRON
el,DET
sol,NOUN
se,PRON
eleva,VERB
más,ADV
;,PUNCT
es,AUX
casi,ADV
tan,ADV
apestada,ADJ
como,SCONJ
Santo,PROPN
Tomé,PROPN
.,PUNCT
Allá,NOUN
entre,ADP
los,DET
Suerukhues,PROPN
ví,VERB
yo,PRON
la,DET
constelación,NOUN
Ursa,PROPN
Major,PROPN
;,PUNCT
porque,SCONJ
nosotros,PRON
habíamos,AUX
echado,VERB
menos,ADV
á,ADP
las,DET
tales,DET
estrellas,NOUN
en,ADP
el,DET
cielo,NOUN
desde,ADP
que,SCONJ
pasamos,VERB
la,DET
isla,NOUN
Sant,PROPN
Augo,PROPN
",",PUNCT
como,SCONJ
se,PRON
dijo,VERB
en,ADP
la,DET
foja,NOUN
4,NUM
.,PUNCT
"
",SPACE
Pero,CCONJ
en,ADP
esto,PRON
",",PUNCT
nuestro,DET
capitán,NOUN
general,ADJ
",",PUNCT
con,ADP
ser,AUX
que,SCONJ
estaba,AUX
tan,ADV
enfermo,ADJ
",",PUNCT
mandó,VERB
á,ADP
150,NUM
hombres,NOUN
Cristianos,PROPN
y,CCONJ
á,ADP
2.000,NOUN
Indios,PROPN
Caríos,PROPN
",",PUNCT
á,ADP
quienes,PRON
envió,VERB
con,ADP
4,NUM
navios,NOUN
bergentín,NOUN
(,PUNCT
bergantines,NOUN
),PUNCT
",",PUNCT
distancia,NOUN
de,ADP
4,NUM
millas,NOUN
(,PUNCT
leguas,NOUN
),PUNCT
á,ADP
la,DET
isla,NOUN
Sueruekues,PROPN
y,CCONJ
les,PRON
ordenó,VERB
que,SCONJ
matasen,VERB
y,CCONJ
tomasen,VERB
prisioneros,NOUN
á,ADP
esta,DET
gente,NOUN
Sueruekues,PROPN
",",PUNCT
y,CCONJ
que,SCONJ
cuidasen,VERB
de,ADP
acabar,VERB
con,ADP
todo,DET
el,DET
que,PRON
tuviese,VERB
50,NUM
ó,CCONJ
40,NUM
años,NOUN
de,ADP
edad,NOUN
.,PUNCT
De,ADP
como,SCONJ
los,DET
dichos,ADJ
Sueruekues,PROPN
nos,PRON
habían,AUX
hospedado,VERB
antes,ADV
de,ADP
esto,PRON
",",PUNCT
ya,ADV
lo,PRON
he,AUX
contado,VERB
en,ADP
la,DET
foja,NOUN
33,NUM
",",PUNCT
mas,ADV
como,SCONJ
les,PRON
correspondimos,VERB
nosotros,PRON
y,CCONJ
las,DET
gracias,NOUN
que,PRON
les,PRON
dimos,VERB
es,AUX
lo,PRON
que,PRON
tengo,VERB
que,SCONJ
recordar,VERB
.,PUNCT
Dios,PROPN
sabe,VERB
que,SCONJ
les,PRON
obramos,VERB
injusticia,NOUN
.,PUNCT
"
",SPACE
Y,CCONJ
cuando,SCONJ
llegamos,VERB
al,ADP
pueblo,NOUN
de,ADP
ellos,PRON
",",PUNCT
que,PRON
no,ADV
sospechaban,VERB
tal,NOUN
cosa,NOUN
",",PUNCT
salieron,VERB
de,ADP
sus,DET
casas,NOUN
á,ADP
encontrarnos,VERB
de,ADP
paz,NOUN
",",PUNCT
armados,ADJ
con,ADP
sus,DET
armas,NOUN
",",PUNCT
arcos,NOUN
y,CCONJ
flechas,NOUN
;,PUNCT
mas,ADV
como,SCONJ
en,ADP
seguida,NOUN
se,PRON
armase,VERB
un,DET
alboroto,NOUN
entre,ADP
los,DET
Caríos,PROPN
y,CCONJ
los,DET
Sueruekues,PROPN
",",PUNCT
al,ADP
punto,NOUN
nosotros,PRON
los,DET
Cristianos,PROPN
disparamos,VERB
nuestros,DET
arcabuces,NOUN
y,CCONJ
volteamos,VERB
á,ADP
muchos,PRON
;,PUNCT
también,ADV
tomamos,VERB
hasta,ADP
unos,PRON
2.000,NUM
prisioneros,NOUN
",",PUNCT
hombres,NOUN
y,CCONJ
mujeres,NOUN
",",PUNCT
chicos,NOUN
y,CCONJ
chicas,NOUN
",",PUNCT
después,ADV
quemamos,VERB
sus,DET
pueblos,NOUN
y,CCONJ
les,PRON
quitamos,VERB
cuanto,PRON
tenían,VERB
:,PUNCT
en,ADP
esa,DET
vez,NOUN
se,PRON
llevó,VERB
á,ADP
cabo,NOUN
el,DET
pillaje,NOUN
como,SCONJ
suele,VERB
ser,AUX
de,ADP
práctica,NOUN
en,ADP
tales,DET
malones,NOUN
.,PUNCT
"
",SPACE
En,ADP
seguida,NOUN
volvimos,VERB
á,ADP
bajar,VERB
adonde,SCONJ
estaba,VERB
nuestro,DET
capitán,NOUN
Aluiso,ADJ
Capessa,PROPN
de,ADP
Bacha,PROPN
",",PUNCT
quien,PRON
quedó,VERB
muy,ADV
contento,ADJ
con,ADP
esto,PRON
que,PRON
habíamos,AUX
hecho,VERB
.,PUNCT
Después,ADV
de,ADP
lo,PRON
cual,PRON
",",PUNCT
en,ADP
vista,NOUN
de,ADP
que,SCONJ
la,DET
más,ADV
de,ADP
la,DET
gente,NOUN
nuestra,DET
se,PRON
hallaba,VERB
enferma,NOUN
",",PUNCT
y,CCONJ
que,PRON
le,PRON
tenía,VERB
poca,DET
ley,NOUN
al,ADP
capitán,NOUN
general,ADJ
",",PUNCT
comprendió,VERB
él,PRON
con,ADP
esto,PRON
que,PRON
no,ADV
remediaría,VERB
nada,PRON
con,ADP
ellos,PRON
;,PUNCT
así,ADV
pues,SCONJ
dispuso,VERB
",",PUNCT
é,CCONJ
hizo,VERB
que,SCONJ
preparasen,VERB
los,DET
navíos,NOUN
y,CCONJ
juntos,ADJ
navegaron,VERB
de,ADP
allí,ADV
aguas,NOUN
abajo,ADV
del,ADP
Paraboe,PROPN
y,CCONJ
llegaron,VERB
á,ADP
la,DET
ciudad,NOUN
Nostra,PROPN
Singnora,PROPN
de,ADP
Sunsión,PROPN
",",PUNCT
donde,PRON
nosotros,PRON
más,ADV
antes,ADV
habíamos,AUX
dejado,VERB
á,ADP
los,DET
otros,DET
Cristianos,PROPN
.,PUNCT
Allí,ADV
se,PRON
enfermó,VERB
nuestro,DET
capitán,NOUN
general,ADJ
de,ADP
fiebre,NOUN
y,CCONJ
se,PRON
estuvo,VERB
14,NUM
días,NOUN
metido,ADJ
en,ADP
su,DET
casa,NOUN
:,PUNCT
era,AUX
más,ADV
por,ADP
pretexto,NOUN
",",PUNCT
y,CCONJ
por,ADP
darse,VERB
importancia,NOUN
",",PUNCT
y,CCONJ
no,ADV
tanto,NOUN
por,ADP
enfermedad,NOUN
",",PUNCT
que,PRON
no,ADV
se,PRON
comunicaba,VERB
con,ADP
la,DET
gente,NOUN
",",PUNCT
pero,CCONJ
se,PRON
había,AUX
portado,VERB
con,ADP
ella,PRON
de,ADP
una,DET
manera,NOUN
muy,ADV
impropia,ADJ
;,PUNCT
porque,SCONJ
un,DET
señor,NOUN
ó,CCONJ
capitán,NOUN
que,PRON
pretende,VERB
gobernar,VERB
un,DET
país,NOUN
ha,AUX
de,ADP
dar,VERB
buena,ADJ
salida,NOUN
á,ADP
todos,PRON
",",PUNCT
á,ADP
los,DET
más,ADV
chicos,NOUN
como,SCONJ
á,ADP
los,DET
más,ADV
grandes,ADJ
",",PUNCT
y,CCONJ
mostrarse,VERB
bien,ADV
inclinado,ADJ
á,ADP
todos,DET
los,DET
hombres,NOUN
.,PUNCT
"
",SPACE
Iten,PROPN
más,ADV
",",PUNCT
á,ADP
tal,DET
persona,NOUN
le,PRON
ha,AUX
de,ADP
convenir,VERB
que,SCONJ
él,PRON
se,PRON
porte,VERB
y,CCONJ
obre,ADP
según,ADP
y,CCONJ
como,SCONJ
ha,AUX
de,ADP
ser,AUX
él,PRON
acatado,ADJ
y,CCONJ
respetado,ADJ
",",PUNCT
ser,AUX
más,ADV
discreto,ADJ
y,CCONJ
saber,NOUN
más,ADV
que,SCONJ
los,DET
otros,PRON
que,PRON
él,PRON
manda,VERB
;,PUNCT
porque,SCONJ
sienta,VERB
mal,ADV
y,CCONJ
es,AUX
bochornoso,ADJ
que,SCONJ
un,DET
hombre,NOUN
acreciente,ADJ
honores,NOUN
y,CCONJ
no,ADV
también,ADV
saber,VERB
;,PUNCT
tampoco,ADV
deberá,AUX
andar,VERB
pavoneándose,VERB
por,ADP
su,DET
alto,ADJ
puesto,NOUN
",",PUNCT
despreciando,VERB
á,ADP
los,DET
demás,PRON
",",PUNCT
como,SCONJ
el,DET
muy,ADV
fatuo,ADJ
y,CCONJ
orgulloso,ADJ
soldadote,NOUN
Traso,PROPN
en,ADP
Terencio,PROPN
.,PUNCT
Porque,SCONJ
cada,DET
capitán,NOUN
se,PRON
nombra,VERB
para,ADP
bien,ADV
de,ADP
sus,DET
lansquenetes,NOUN
y,CCONJ
no,ADV
se,PRON
recluta,VERB
la,DET
tropa,PROPN
para,ADP
bien,ADV
de,ADP
su,DET
capitán,NOUN
.,PUNCT
"

",SPACE
CAPÍTULO,PROPN
XL,PROPN
"
",SPACE
PRISIÓN,NOUN
DE,ADP
CABEZA,NOUN
DE,ADP
VACA,PROPN
.,PUNCT
SU,DET
DEPORTACIÓN,NOUN
Á,PROPN
ESPAÑA,PROPN
.,PUNCT
ELECCIÓN,NOUN
DE,ADP
MARTÍNEZ,PROPN
DE,ADP
IRALA,PROPN
"

",SPACE
Mas,PROPN
en,ADP
este,DET
caso,NOUN
no,ADV
se,PRON
guardó,VERB
respeto,NOUN
alguno,DET
á,ADP
la,DET
persona,NOUN
",",PUNCT
sino,CCONJ
que,SCONJ
este,DET
nuestro,DET
capitán,NOUN
en,ADP
todas,DET
las,DET
cosas,NOUN
quiso,VERB
obedecer,VERB
á,ADP
su,DET
propia,DET
inspiración,NOUN
lleno,ADJ
de,ADP
humos,NOUN
y,CCONJ
de,ADP
arrogancia,NOUN
.,PUNCT
"
",SPACE
Entonces,ADV
resolvió,VERB
todo,DET
el,DET
común,ADJ
",",PUNCT
nobles,NOUN
y,CCONJ
plebeyos,ADJ
",",PUNCT
hacer,VERB
junta,NOUN
y,CCONJ
asamblea,NOUN
;,PUNCT
pretendían,VERB
prender,VERB
á,ADP
este,DET
capitán,NOUN
general,ADJ
Aluiso,PROPN
Capessa,PROPN
de,ADP
Bacha,PROPN
y,CCONJ
mandárselo,VERB
á,ADP
la,DET
Cesárea,PROPN
Majestad,PROPN
",",PUNCT
haciéndole,VERB
saber,VERB
á,ADP
Su,DET
Majestad,PROPN
las,DET
bellas,ADJ
cualidades,NOUN
de,ADP
aquél,PRON
",",PUNCT
cómo,PRON
se,PRON
había,AUX
portado,VERB
con,ADP
nosotros,PRON
",",PUNCT
y,CCONJ
cómo,PRON
había,AUX
entendido,VERB
él,PRON
que,PRON
debía,AUX
gobernar,VERB
",",PUNCT
con,ADP
muchos,DET
otros,DET
cargos,NOUN
más,ADV
.,PUNCT
En,ADP
seguida,NOUN
",",PUNCT
según,ADP
lo,PRON
convenido,ADJ
",",PUNCT
se,PRON
buscaron,VERB
á,ADP
estos,DET
4,NUM
señores,NOUN
",",PUNCT
á,ADP
saber,NOUN
:,PUNCT
el,DET
veedor,NOUN
",",PUNCT
tesorero,NOUN
y,CCONJ
escribano,NOUN
",",PUNCT
puestos,ADJ
por,ADP
la,DET
Cesárea,PROPN
Majestad,PROPN
",",PUNCT
cuyos,PRON
nombres,NOUN
eran,AUX
Aluiso,ADJ
Gabrero,PROPN
(,PUNCT
Alonso,PROPN
Cabrera,PROPN
),PUNCT
",",PUNCT
thonn,PROPN
Francisco,PROPN
Manthossa,PROPN
",",PUNCT
Gartzo,PROPN
Hannego,PROPN
(,PUNCT
García,PROPN
Benegas,PROPN
),PUNCT
",",PUNCT
Pfielogo,PROPN
de,ADP
Gastro,PROPN
(,PUNCT
Felipe,PROPN
de,ADP
Cáceres,PROPN
),PUNCT
y,CCONJ
tomaron,VERB
consigo,PRON
200,NUM
soldados,NOUN
ó,CCONJ
lanskenetes,ADJ
",",PUNCT
y,CCONJ
después,ADV
se,PRON
apoderaron,VERB
de,ADP
la,DET
persona,NOUN
de,ADP
Aluiso,PROPN
Capessa,PROPN
de,ADP
Bacha,PROPN
",",PUNCT
nuestro,DET
capitán,NOUN
general,ADJ
",",PUNCT
cuando,SCONJ
él,PRON
de,ADP
tal,NOUN
cosa,NOUN
nada,PRON
sospechaba,VERB
.,PUNCT
Y,CCONJ
esto,PRON
sucedió,VERB
el,DET
día,NOUN
de,ADP
San,PROPN
Marcos,PROPN
(,PUNCT
Abril,NOUN
25,NUM
),PUNCT
",",PUNCT
año,NOUN
de,ADP
1553,NUM
(,PUNCT
1543,NOUN
),PUNCT
.,PUNCT
Tuvieron,VERB
preso,NOUN
al,ADP
dicho,ADJ
Aluisso,PROPN
Capessa,PROPN
de,ADP
Bacha,PROPN
un,DET
año,NOUN
entero,ADJ
hasta,ADP
que,SCONJ
se,PRON
dispuso,VERB
un,DET
navío,NOUN
llamado,ADJ
Carabela,PROPN
",",PUNCT
provisto,ADJ
de,ADP
víveres,NOUN
y,CCONJ
de,ADP
marineros,NOUN
y,CCONJ
de,ADP
lo,PRON
que,PRON
éstos,PRON
podían,AUX
necesitar,VERB
en,ADP
la,DET
mar,NOUN
",",PUNCT
en,ADP
la,DET
que,PRON
en,ADP
seguida,NOUN
despacharon,VERB
al,ADP
tantas,DET
veces,NOUN
nombrado,ADJ
Aluiso,ADJ
Capessa,PROPN
de,ADP
Bacha,PROPN
á,ADP
Spania,PROPN
junto,ADJ
con,ADP
dos,NUM
señores,NOUN
más,ADV
de,ADP
los,DET
de,ADP
la,DET
Cesárea,PROPN
Majestad,PROPN
.,PUNCT
"
",SPACE
Después,ADV
de,ADP
esto,PRON
no,ADV
hubo,AUX
más,ADV
que,SCONJ
elegir,VERB
á,ADP
otro,PRON
que,PRON
rigiese,ADJ
y,CCONJ
gobernase,VERB
en,ADP
la,DET
tierra,NOUN
",",PUNCT
hasta,ADP
tanto,NOUN
la,DET
Cesárea,PROPN
Majestad,PROPN
misma,DET
proveyese,VERB
alguno,PRON
á,ADP
la,DET
vacante,ADJ
;,PUNCT
y,CCONJ
en,ADP
seguida,NOUN
tuvimos,VERB
á,ADP
bien,ADV
",",PUNCT
de,ADP
acuerdo,NOUN
con,ADP
el,DET
parecer,NOUN
y,CCONJ
voluntad,NOUN
del,ADP
común,NOUN
que,PRON
se,PRON
eli-giese,VERB
á,ADP
Marthin,PROPN
Doménigo,PROPN
Eyolla,PROPN
de,ADP
capitán,NOUN
",",PUNCT
en,ADP
la,DET
misma,DET
capacidad,NOUN
con,ADP
que,PRON
antes,ADV
había,AUX
gobernado,VERB
la,DET
tierra,NOUN
",",PUNCT
muy,ADV
particularmente,ADV
porque,SCONJ
la,DET
gente,NOUN
de,ADP
pelea,NOUN
se,PRON
llevaba,VERB
bien,ADV
con,ADP
él,PRON
",",PUNCT
y,CCONJ
los,DET
más,ADV
estaban,AUX
contentos,ADJ
con,ADP
él,PRON
;,PUNCT
esto,PRON
no,PART
obstante,NOUN
",",PUNCT
entre,ADP
ellos,PRON
había,AUX
algunos,PRON
",",PUNCT
que,PRON
habían,AUX
sido,AUX
amigos,NOUN
del,ADP
ya,ADV
dicho,ADJ
capitán,NOUN
general,ADJ
nuestro,DET
que,PRON
fué,AUX
Aluiso,ADJ
Capessa,PROPN
de,ADP
Bacha,PROPN
;,PUNCT
á,ADP
éstos,PRON
no,ADV
les,PRON
hizo,VERB
mucha,DET
gracia,NOUN
la,DET
cosa,NOUN
",",PUNCT
mas,ADV
no,ADV
hicimos,VERB
mucho,DET
caso,NOUN
de,ADP
ello,PRON
.,PUNCT
"
",SPACE
Por,ADP
este,DET
tiempo,NOUN
me,PRON
sentí,VERB
mal,ADV
y,CCONJ
enfermo,NOUN
de,ADP
hidropesía,PROPN
que,SCONJ
yo,PRON
y,CCONJ
mis,DET
camaradas,NOUN
conmigo,PRON
habíamos,AUX
sacado,VERB
de,ADP
los,DET
Orthueses,PROPN
",",PUNCT
allí,ADV
donde,PRON
por,ADP
tanto,DET
tiempo,NOUN
anduvimos,VERB
en,ADP
el,DET
agua,NOUN
",",PUNCT
como,SCONJ
se,PRON
dijo,VERB
ya,ADV
",",PUNCT
y,CCONJ
fué,AUX
tan,ADV
grande,ADJ
la,DET
miseria,NOUN
porque,SCONJ
pasamos,VERB
;,PUNCT
en,ADP
esa,DET
ocasión,NOUN
enfermaron,VERB
80,NUM
de,ADP
los,DET
nuestros,DET
y,CCONJ
sólo,ADV
unos,PRON
30,NUM
escaparon,VERB
con,ADP
vida,NOUN
de,ADP
sus,DET
dolencias,NOUN
.,PUNCT
"
 
",SPACE
CAPÍTULO,PROPN
XLI,PROPN
"
",SPACE
DISCORDIA,PROPN
ENTRE,ADP
LOS,DET
CRISTIANOS,PROPN
.,PUNCT
ALZAMIENTO,PROPN
DE,ADP
LOS,DET
CARÍOS,PROPN
.,PUNCT
YAPIRÚS,PROPN
Y,CCONJ
BATATÁES,NOUN
AYUDAN,PROPN
Á,PROPN
LOS,DET
ESPAÑOLES,PROPN
.,PUNCT
"

",SPACE
Y,CCONJ
cuando,SCONJ
ya,ADV
lo,PRON
habían,AUX
despachado,VERB
á,ADP
Aluiso,PROPN
Capessa,PROPN
de,ADP
Bacha,PROPN
á,ADP
Hispaniam,PROPN
nosotros,PRON
mismos,PRON
los,DET
Cristianos,PROPN
entramos,VERB
en,ADP
tal,DET
discordia,NOUN
que,PRON
ya,ADV
no,ADV
podíamos,AUX
avenirnos,ADJ
",",PUNCT
uno,PRON
con,ADP
otro,PRON
nos,PRON
peleábamos,VERB
día,NOUN
y,CCONJ
noche,NOUN
",",PUNCT
de,ADP
suerte,NOUN
que,PRON
parecía,VERB
como,SCONJ
si,SCONJ
el,DET
mismo,DET
diablo,NOUN
metido,ADJ
entre,ADP
nosotros,PRON
nos,PRON
mandaba,VERB
",",PUNCT
y,CCONJ
nadie,PRON
se,PRON
creía,VERB
seguro,ADJ
con,ADP
los,DET
demás,PRON
.,PUNCT
La,DET
tal,DET
guerra,NOUN
entre,ADP
nosotros,PRON
mismo,ADJ
duró,VERB
dos,NUM
años,NOUN
largos,ADJ
por,ADP
causa,NOUN
de,ADP
Aluiso,PROPN
Capessa,PROPN
de,ADP
Bacha,PROPN
;,PUNCT
y,CCONJ
cuando,SCONJ
en,ADP
este,DET
estado,NOUN
de,ADP
cosas,NOUN
vieron,VERB
los,DET
Caríos,PROPN
",",PUNCT
nuestros,DET
amigos,NOUN
de,ADP
marras,NOUN
",",PUNCT
que,PRON
nosotros,PRON
los,DET
mismos,DET
Cristianos,NOUN
andábamos,VERB
desunidos,ADJ
",",PUNCT
y,CCONJ
cómo,PRON
nos,PRON
traicionábamos,VERB
y,CCONJ
dividíamos,ADJ
",",PUNCT
no,ADV
quedaron,VERB
con,ADP
muy,ADV
buena,ADJ
idea,NOUN
de,ADP
nosotros,PRON
",",PUNCT
sino,CCONJ
que,SCONJ
se,PRON
sacaron,VERB
la,DET
cuenta,NOUN
que,SCONJ
todo,DET
reino,NOUN
que,PRON
está,AUX
dividido,ADJ
y,CCONJ
se,PRON
desune,ADJ
tiene,VERB
que,SCONJ
perderse,VERB
.,PUNCT
Por,ADP
esto,PRON
entre,ADP
ellos,PRON
se,PRON
arreglaron,VERB
y,CCONJ
convinieron,VERB
é,CCONJ
hicieron,VERB
reunión,NOUN
al,ADP
objeto,NOUN
de,ADP
matarnos,VERB
á,ADP
los,DET
Cristianos,PROPN
y,CCONJ
arrojarnos,VERB
de,ADP
la,DET
tierra,NOUN
.,PUNCT
Mas,PROPN
Dios,PROPN
",",PUNCT
el,DET
Todopoderoso,PROPN
",",PUNCT
¡,PUNCT
loado,NOUN
sea,AUX
siempre,ADV
y,CCONJ
eternamente,ADV
!,PUNCT
no,ADV
condescendió,VERB
con,ADP
estos,DET
Caríos,PROPN
hasta,ADP
dejarlos,VERB
que,SCONJ
se,PRON
saliesen,VERB
con,ADP
la,DET
suya,DET
.,PUNCT
Porque,SCONJ
toda,DET
la,DET
provincia,NOUN
de,ADP
los,DET
Carios,PROPN
",",PUNCT
y,CCONJ
otras,DET
naciones,NOUN
más,ADV
",",PUNCT
los,DET
Aigaiss,PROPN
(,PUNCT
Agaces,PROPN
),PUNCT
[,PRON
también,ADV
],NOUN
estaban,AUX
alzados,ADJ
contra,ADP
nosotros,PRON
los,DET
Cristianos,PROPN
.,PUNCT
Mas,PROPN
cuando,SCONJ
esto,PRON
comprendimos,VERB
tuvimos,VERB
que,SCONJ
hacer,VERB
las,DET
paces,NOUN
entre,ADP
nosotros,PRON
los,DET
Cristianos,PROPN
;,PUNCT
hicimos,VERB
también,ADV
alianza,NOUN
con,ADP
otras,DET
dos,NUM
naciones,NOUN
llamadas,ADJ
",",PUNCT
la,DET
primera,ADJ
de,ADP
los,DET
Jheperus,PROPN
(,PUNCT
Yapirus,PROPN
),PUNCT
",",PUNCT
y,CCONJ
la,DET
segunda,ADJ
de,ADP
los,DET
Batatheiss,PROPN
",",PUNCT
(,PUNCT
Guatatas,PROPN
),PUNCT
;,PUNCT
entre,ADP
las,DET
dos,NUM
serían,AUX
fuertes,ADJ
como,SCONJ
de,ADP
5.000,NUM
hombres,NOUN
",",PUNCT
no,ADV
tienen,VERB
más,ADV
comida,NOUN
que,PRON
pescado,NOUN
y,CCONJ
carne,NOUN
;,PUNCT
es,AUX
gente,NOUN
buena,ADJ
para,ADP
la,DET
pelea,NOUN
por,ADP
tierra,NOUN
y,CCONJ
por,ADP
agua,NOUN
",",PUNCT
pero,CCONJ
los,DET
más,ADV
por,ADP
tierra,NOUN
.,PUNCT
Sus,DET
armas,NOUN
son,AUX
tardes,NOUN
(,PUNCT
dardos,NOUN
),PUNCT
del,ADP
largo,NOUN
de,ADP
media,NUM
lanza,NOUN
",",PUNCT
sin,ADP
ser,AUX
tan,ADV
gruesos,ADJ
",",PUNCT
y,CCONJ
para,ADP
puntas,NOUN
les,PRON
hacen,VERB
unas,PRON
como,SCONJ
de,ADP
arpón,NOUN
ó,CCONJ
de,ADP
centella,PROPN
de,ADP
un,DET
pedernal,ADJ
;,PUNCT
y,CCONJ
bajo,ADP
del,ADP
cinto,NOUN
llevan,VERB
una,DET
clava,NOUN
",",PUNCT
de,ADP
4,NUM
jemes,NOUN
de,ADP
largo,NOUN
con,ADP
una,DET
porra,NOUN
en,ADP
la,DET
punta,NOUN
.,PUNCT
Cada,DET
indio,NOUN
de,ADP
éstos,PRON
de,ADP
pelea,NOUN
carga,NOUN
10,NUM
ó,CCONJ
12,NUM
palillos,NOUN
[,NOUN
ó,CCONJ
sea,NOUN
",",PUNCT
tantos,NOUN
],NOUN
como,SCONJ
quiere,VERB
",",PUNCT
y,CCONJ
de,ADP
un,DET
buen,ADJ
jeme,PROPN
de,ADP
largo,NOUN
",",PUNCT
y,CCONJ
adelante,ADV
una,DET
punta,NOUN
",",PUNCT
que,PRON
es,AUX
el,DET
diente,NOUN
ancho,ADJ
y,CCONJ
largo,NOUN
de,ADP
un,DET
pescado,NOUN
",",PUNCT
llamado,ADJ
en,ADP
español,NOUN
polmeda,PROPN
(,PUNCT
palometa,PROPN
),PUNCT
",",PUNCT
se,PRON
parece,VERB
á,ADP
una,DET
tenca,PROPN
;,PUNCT
este,DET
diente,NOUN
corta,ADJ
como,SCONJ
una,DET
navaja,NOUN
de,ADP
afeitar,VERB
.,PUNCT
Pero,CCONJ
ahora,ADV
les,PRON
contaré,VERB
lo,PRON
que,PRON
con,ADP
los,DET
palillos,NOUN
hacen,VERB
ó,CCONJ
para,ADP
qué,PRON
les,PRON
sirven,VERB
.,PUNCT
Pero,CCONJ
ahora,ADV
véase,VERB
lo,PRON
que,PRON
después,ADV
hace,VERB
él,PRON
con,ADP
la,DET
cabeza,NOUN
del,ADP
hombre,NOUN
y,CCONJ
para,ADP
qué,PRON
le,PRON
sirve,VERB
.,PUNCT
Pues,SCONJ
es,AUX
el,DET
caso,NOUN
",",PUNCT
si,SCONJ
la,DET
ocasión,NOUN
se,PRON
ofrece,VERB
",",PUNCT
después,ADV
de,ADP
una,DET
escaramuza,NOUN
como,SCONJ
ésta,PRON
",",PUNCT
toma,VERB
él,PRON
la,DET
cabeza,NOUN
humana,ADJ
y,CCONJ
la,DET
desuella,ADJ
",",PUNCT
cabello,NOUN
y,CCONJ
todo,PRON
",",PUNCT
de,ADP
las,DET
orejas,NOUN
arriba,ADV
",",PUNCT
en,ADP
seguida,ADJ
toma,VERB
este,DET
pellejo,NOUN
",",PUNCT
tal,NOUN
como,SCONJ
se,PRON
ha,AUX
dicho,VERB
",",PUNCT
lo,PRON
rellena,VERB
y,CCONJ
deja,VERB
que,SCONJ
se,PRON
endurezca,VERB
",",PUNCT
en,ADP
seguida,ADJ
toma,VERB
el,DET
pellejo,NOUN
ya,ADV
duro,ADJ
y,CCONJ
lo,PRON
arregla,VERB
sobre,ADP
una,DET
pértiga,NOUN
y,CCONJ
lo,PRON
planta,VERB
en,ADP
su,DET
casa,NOUN
ó,CCONJ
habitación,NOUN
para,ADP
recuerdo,NOUN
",",PUNCT
tal,NOUN
y,CCONJ
como,SCONJ
un,DET
caballero,NOUN
",",PUNCT
ó,CCONJ
capitán,NOUN
",",PUNCT
en,ADP
este,DET
país,NOUN
(,PUNCT
Alemania,PROPN
),PUNCT
que,PRON
tiene,VERB
un,DET
pendón,NOUN
lo,PRON
cuelga,VERB
en,ADP
las,DET
iglesias,NOUN
.,PUNCT
"
",SPACE
Pero,CCONJ
con,ADP
esto,PRON
vuelvo,VERB
yo,PRON
al,ADP
asunto,NOUN
principal,ADJ
",",PUNCT
y,CCONJ
de,ADP
estas,DET
cosas,NOUN
trataré,VERB
muy,ADV
en,ADP
breve,NOUN
;,PUNCT
este,DET
ejército,NOUN
de,ADP
Jeperuss,PROPN
y,CCONJ
Batateiss,PROPN
se,PRON
nos,PRON
juntó,VERB
en,ADP
número,NOUN
de,ADP
unos,PRON
1.000,NUM
hombres,NOUN
de,ADP
pelea,NOUN
;,PUNCT
y,CCONJ
con,ADP
esto,PRON
nos,PRON
alegramos,VERB
mucho,ADV
.,PUNCT
"

",SPACE
CAPÍTULO,PROPN
XLII,PROPN
"
",SPACE
LOS,DET
CRISTIANOS,PROPN
",",PUNCT
CON,ADP
AUXILIO,PROPN
DE,ADP
LOS,DET
YEPERÚ,PROPN
Y,CCONJ
BATATÁ,PROPN
",",PUNCT
GANAN,PROPN
LOS,DET
PUEBLOS,PROPN
DE,ADP
LA,DET
FRONTERA,PROPN
Y,CCONJ
CARAYEBÁ,ADJ
"
  
",SPACE
En,ADP
seguida,NOUN
salimos,NOUN
de,ADP
la,DET
ciudad,NOUN
Nostra,PROPN
Singnora,PROPN
de,ADP
Sunssión,PROPN
",",PUNCT
con,ADP
nuestro,DET
capitán,NOUN
general,ADJ
",",PUNCT
350,NUM
Cristianos,PROPN
y,CCONJ
estos,PRON
1.000,NUM
Indios,PROPN
",",PUNCT
con,ADP
los,DET
que,PRON
á,ADP
cada,DET
Cristiano,PROPN
le,PRON
tocaban,VERB
de,ADP
á,CCONJ
3,NUM
Indios,PROPN
que,PRON
le,PRON
sirvan,VERB
",",PUNCT
como,SCONJ
lo,PRON
había,AUX
dispuesto,VERB
y,CCONJ
ordenado,VERB
nuestro,DET
capitán,NOUN
;,PUNCT
y,CCONJ
después,ADV
de,ADP
esto,PRON
llegamos,VERB
á,ADP
3,NUM
millas,NOUN
(,PUNCT
leguas,NOUN
),PUNCT
de,ADP
donde,PRON
nuestros,DET
enemigos,NOUN
estaban,AUX
acampados,ADJ
en,ADP
la,DET
pampa,NOUN
fuertes,ADJ
de,ADP
unos,PRON
15.000,NUM
hombres,NOUN
de,ADP
los,DET
Caríos,PROPN
y,CCONJ
se,PRON
habían,AUX
colocado,VERB
muy,ADV
bien,ADV
;,PUNCT
cuando,SCONJ
nosotros,PRON
nos,PRON
pusimos,VERB
como,SCONJ
á,ADP
una,DET
media,NUM
legua,NOUN
de,ADP
ellos,PRON
no,ADV
quisimos,VERB
hacer,VERB
nada,PRON
en,ADP
ese,DET
mismo,DET
día,NOUN
",",PUNCT
porque,SCONJ
estábamos,AUX
muy,ADV
cansados,ADJ
y,CCONJ
también,ADV
llovía,VERB
",",PUNCT
por,ADP
eso,PRON
hicimos,VERB
alto,ADJ
en,ADP
el,DET
bosque,NOUN
",",PUNCT
adonde,SCONJ
acampamos,VERB
esa,DET
misma,DET
noche,NOUN
;,PUNCT
y,CCONJ
al,ADP
otro,DET
día,NOUN
les,PRON
llevamos,VERB
el,DET
ataque,NOUN
",",PUNCT
como,SCONJ
á,ADP
las,DET
6,NOUN
",",PUNCT
y,CCONJ
como,SCONJ
á,ADP
las,DET
7,NUM
nos,PRON
encontrámos,VERB
con,ADP
ellos,PRON
",",PUNCT
los,DET
Caríos,PROPN
enemigos,ADJ
",",PUNCT
y,CCONJ
nos,PRON
batimos,VERB
como,SCONJ
hasta,ADP
las,DET
10,NUM
",",PUNCT
hora,NOUN
en,ADP
que,PRON
tuvieron,VERB
que,SCONJ
disparar,VERB
y,CCONJ
tomaron,VERB
hacia,ADP
un,DET
pueblo,NOUN
á,ADP
4,NUM
millas,NOUN
(,PUNCT
leguas,NOUN
),PUNCT
de,ADP
distancia,NOUN
que,PRON
ellos,PRON
habían,AUX
fortificado,VERB
y,CCONJ
se,PRON
llamaba,VERB
Frondiere,PROPN
(,PUNCT
Frontera,PROPN
),PUNCT
;,PUNCT
su,DET
capitán,NOUN
Indio,PROPN
se,PRON
llamaba,VERB
Machkaria,PROPN
.,PUNCT
En,ADP
esta,DET
escaramuza,NOUN
murieron,VERB
de,ADP
parte,NOUN
de,ADP
los,DET
enemigos,NOUN
",",PUNCT
es,NOUN
decir,NOUN
",",PUNCT
de,ADP
los,DET
que,PRON
nosotros,PRON
matamos,VERB
",",PUNCT
unos,DET
2.000,NOUN
hombres,NOUN
",",PUNCT
cuyas,PRON
cabezas,NOUN
allí,ADV
no,ADV
más,ADV
se,PRON
las,PRON
llevaron,VERB
los,DET
Geberus,PROPN
(,PUNCT
Yapirú,PROPN
),PUNCT
;,PUNCT
también,ADV
de,ADP
nuestra,DET
parte,NOUN
sucumbieron,VERB
10,NUM
hombres,NOUN
de,ADP
los,DET
Geberus,PROPN
(,PUNCT
Yapirú,PROPN
),PUNCT
y,CCONJ
Batatheis,PROPN
(,PUNCT
Batatá,PROPN
),PUNCT
como,SCONJ
unos,PRON
40,NUM
hombres,NOUN
",",PUNCT
sin,ADP
contar,VERB
los,DET
que,PRON
habían,AUX
sido,AUX
heridos,VERB
por,ADP
los,DET
enemigos,NOUN
",",PUNCT
que,SCONJ
nosotros,PRON
[,AUX
despachamos,VERB
],NOUN
á,ADP
la,DET
ciudad,NOUN
Nostra,PROPN
Singnora,PROPN
de,ADP
Sunssión,PROPN
.,PUNCT
Mas,CCONJ
nosotros,PRON
con,ADP
nuestras,DET
fuerzas,NOUN
[,INTJ
perseguimos,VERB
],NOUN
á,ADP
nuestros,DET
enemigos,NOUN
hasta,ADP
su,DET
pueblo,NOUN
Froendiere,PROPN
(,PUNCT
Frontera,PROPN
),PUNCT
",",PUNCT
donde,PRON
se,PRON
hallaba,VERB
el,DET
principal,ADJ
Marchkayrio,PROPN
de,ADP
los,DET
Caríos,PROPN
.,PUNCT
Pero,CCONJ
sucedía,VERB
que,SCONJ
estos,DET
mismos,DET
Caríos,PROPN
habían,AUX
defendido,VERB
su,DET
pueblo,NOUN
con,ADP
3,NUM
palizadas,NOUN
construídas,ADJ
de,ADP
madera,NOUN
",",PUNCT
en,ADP
forma,NOUN
de,ADP
muro,NOUN
;,PUNCT
estos,DET
postes,NOUN
eran,AUX
del,ADP
grueso,NOUN
de,ADP
la,DET
cintura,NOUN
de,ADP
un,DET
hombre,NOUN
ó,CCONJ
más,ADV
",",PUNCT
y,CCONJ
desde,ADP
el,DET
suelo,NOUN
se,PRON
levantaban,VERB
unas,PRON
3,NUM
brazadas,NOUN
y,CCONJ
lo,PRON
enterrado,ADJ
sería,AUX
como,SCONJ
del,ADP
alto,NOUN
de,ADP
un,DET
hombre,NOUN
.,PUNCT
"
",SPACE
Iten,PROPN
más,ADV
tenían,VERB
de,ADP
aquellos,DET
hoyos,NOUN
en,ADP
que,PRON
habían,AUX
clavado,VERB
5,NUM
ó,CCONJ
6,NUM
estacas,NOUN
pequeñas,ADJ
",",PUNCT
afiladas,ADJ
como,SCONJ
agujas,NOUN
",",PUNCT
y,CCONJ
plantadas,ADJ
en,ADP
cada,DET
hoyo,NOUN
",",PUNCT
de,ADP
las,DET
que,PRON
ya,ADV
se,PRON
dijo,VERB
algo,PRON
en,ADP
el,DET
capítulo,NOUN
XXI,PROPN
;,PUNCT
ahora,ADV
este,DET
pueblo,NOUN
de,ADP
ellos,PRON
era,AUX
muy,ADV
fuerte,ADJ
",",PUNCT
y,CCONJ
en,ADP
él,PRON
había,AUX
mucha,DET
chusma,NOUN
",",PUNCT
para,ADP
no,ADV
decir,VERB
nada,PRON
de,ADP
la,DET
gente,NOUN
de,ADP
pelea,NOUN
.,PUNCT
Aunque,SCONJ
los,PRON
asediamos,PRON
durante,ADP
3,NUM
días,NOUN
",",PUNCT
no,ADV
Ies,PROPN
pudimos,AUX
hacer,VERB
nada,PRON
",",PUNCT
ni,CCONJ
sacarles,VERB
ventaja,NOUN
alguna,DET
hasta,ADP
que,SCONJ
Dios,PROPN
Todopoderoso,PROPN
nos,PRON
prestó,VERB
su,DET
Divina,PROPN
ayuda,PROPN
contra,ADP
ellos,PRON
",",PUNCT
con,ADP
la,DET
que,PRON
pudimos,AUX
más,ADV
que,SCONJ
ellos,PRON
.,PUNCT
Con,ADP
apuro,NOUN
fabricamos,VERB
unas,DET
grandes,ADJ
rodelas,NOUN
ó,CCONJ
paveses,NOUN
con,ADP
cueros,NOUN
de,ADP
venado,NOUN
ó,CCONJ
de,ADP
annda,NOUN
(,PUNCT
anta,NOUN
):,PUNCT
esta,PRON
es,AUX
una,DET
gran,ADJ
bestia,NOUN
",",PUNCT
como,SCONJ
mula,NOUN
de,ADP
cuenta,NOUN
",",PUNCT
es,AUX
obscura,PROPN
",",PUNCT
los,DET
pies,NOUN
como,SCONJ
de,ADP
vaca,NOUN
",",PUNCT
pero,CCONJ
en,ADP
todo,DET
lo,PRON
demás,PRON
se,PRON
parece,VERB
á,ADP
un,DET
burro,NOUN
;,PUNCT
son,AUX
buenos,ADJ
para,ADP
comer,VERB
",",PUNCT
y,CCONJ
los,PRON
hay,AUX
en,ADP
gran,ADJ
cantidad,NOUN
en,ADP
la,DET
tierra,NOUN
;,PUNCT
el,DET
cuero,NOUN
es,AUX
de,ADP
medio,NUM
dedo,NOUN
de,ADP
grueso,NOUN
.,PUNCT
Repartimos,VERB
nosotros,PRON
los,DET
tales,DET
paveses,NOUN
.,PUNCT
Paveses,PROPN
como,SCONJ
éstos,PRON
dimos,VERB
á,ADP
cada,DET
un,DET
Indio,PROPN
de,ADP
los,DET
Geberas,PROPN
(,PUNCT
Yapirú,PROPN
),PUNCT
",",PUNCT
y,CCONJ
también,ADV
una,DET
buena,ADJ
hacha,NOUN
á,ADP
cada,DET
otro,DET
Indio,PROPN
;,PUNCT
para,ADP
cada,DET
dos,NUM
Indios,PROPN
se,PRON
dispuso,VERB
también,ADV
un,DET
arcabucero,NOUN
;,PUNCT
paveses,NOUN
como,SCONJ
éstos,PRON
se,PRON
habían,AUX
preparado,VERB
en,ADP
número,NOUN
de,ADP
400,NUM
.,PUNCT
"
",SPACE
En,ADP
seguida,NOUN
volvimos,VERB
á,ADP
atacar,VERB
el,DET
pueblo,NOUN
enemigo,ADJ
por,ADP
tres,NUM
puntos,NOUN
",",PUNCT
entre,ADP
las,DET
2,NUM
y,CCONJ
3,NUM
del,ADP
día,NOUN
;,PUNCT
y,CCONJ
antes,ADV
que,SCONJ
pasasen,VERB
3,NUM
horas,NOUN
ya,ADV
estaban,VERB
las,DET
3,NUM
pallasa,NOUN
itenn,VERB
(,PUNCT
palizadas,NOUN
),PUNCT
del,ADP
todo,PRON
destruídas,ADJ
y,CCONJ
franqueadas,ADJ
;,PUNCT
después,ADV
de,ADP
esto,PRON
llegamos,VERB
con,ADP
toda,DET
la,DET
gente,NOUN
al,ADP
pueblo,NOUN
y,CCONJ
dimos,VERB
muerte,NOUN
á,ADP
mucha,DET
gente,NOUN
",",PUNCT
hombres,NOUN
",",PUNCT
mujeres,NOUN
y,CCONJ
niños,NOUN
",",PUNCT
pero,CCONJ
los,DET
más,ADV
de,ADP
la,DET
gente,NOUN
se,PRON
escaparon,VERB
de,ADP
allí,ADV
",",PUNCT
porque,SCONJ
huyeron,VERB
á,ADP
otro,DET
pueblo,NOUN
que,PRON
estaba,AUX
á,ADP
20,NUM
millas,NOUN
(,PUNCT
leguas,NOUN
),PUNCT
de,ADP
este,DET
pueblo,NOUN
Froendere,PROPN
(,PUNCT
Frontera,PROPN
),PUNCT
y,CCONJ
se,PRON
llamaba,VERB
Kharaieba,PROPN
.,PUNCT
A,ADP
este,DET
pueblo,NOUN
también,ADV
lo,PRON
habían,AUX
fortificado,VERB
ellos,PRON
en,ADP
toda,NOUN
regla,NOUN
y,CCONJ
á,ADP
más,ADV
una,DET
gruesa,ADJ
suma,NOUN
de,ADP
gente,NOUN
reunida,ADJ
de,ADP
los,DET
Caríos,PROPN
éstos,PRON
.,PUNCT
Y,CCONJ
estaba,VERB
este,DET
pueblo,NOUN
situado,ADJ
muy,ADV
cerca,ADV
de,ADP
la,DET
ceja,NOUN
de,ADP
un,DET
espeso,ADJ
bosque,NOUN
",",PUNCT
al,ADP
objeto,NOUN
de,ADP
que,SCONJ
si,SCONJ
llegase,VERB
el,DET
caso,NOUN
de,ADP
que,SCONJ
nosotros,PRON
los,DET
Cristianos,PROPN
ganásemos,VERB
también,ADV
este,DET
pueblo,NOUN
",",PUNCT
pudiesen,AUX
los,DET
Caríos,PROPN
contar,VERB
con,ADP
el,DET
bosque,NOUN
de,ADP
amparo,NOUN
",",PUNCT
como,SCONJ
se,PRON
oirá,VERB
más,ADV
tarde,ADV
.,PUNCT
"
",SPACE
Ahora,ADV
después,ADV
nosotros,PRON
los,DET
Cristianos,PROPN
con,ADP
nuestro,DET
capitán,NOUN
Marthin,PROPN
Doménigo,PROPN
Eyolla,PROPN
(,PUNCT
Irala,PROPN
),PUNCT
y,CCONJ
los,DET
antedichos,ADJ
Geberus,PROPN
y,CCONJ
Batatheis,PROPN
alcanzamos,VERB
á,ADP
nuestros,DET
enemigos,NOUN
los,DET
Caríos,PROPN
",",PUNCT
en,ADP
este,DET
pueblo,NOUN
Karaieba,PROPN
á,ADP
eso,PRON
de,ADP
las,DET
5,NUM
de,ADP
la,DET
tarde,NOUN
",",PUNCT
y,CCONJ
emprendimos,VERB
el,DET
sitio,NOUN
para,ADP
atacar,VERB
por,ADP
tres,NUM
costados,NOUN
del,ADP
pueblo,NOUN
",",PUNCT
dejamos,VERB
también,ADV
un,DET
pelotón,NOUN
(,PUNCT
de,ADP
soldados,NOUN
),PUNCT
escondidos,ADJ
en,ADP
el,DET
bosque,NOUN
esa,DET
noche,NOUN
;,PUNCT
á,ADP
la,DET
noche,NOUN
también,ADV
nos,PRON
llegó,VERB
refuerzo,NOUN
de,ADP
la,DET
ciudad,NOUN
Nostra,PROPN
Singnora,PROPN
de,ADP
Sunssión,PROPN
",",PUNCT
200,NUM
Cristianos,PROPN
y,CCONJ
500,NUM
Geberus,PROPN
y,CCONJ
Bathadeis,PROPN
;,PUNCT
porque,SCONJ
era,AUX
el,DET
caso,NOUN
que,SCONJ
mucha,DET
gente,NOUN
de,ADP
la,DET
nuestra,DET
",",PUNCT
Cristianos,PROPN
é,CCONJ
Indios,PROPN
habían,AUX
sido,AUX
heridos,VERB
delante,ADV
del,ADP
susodicho,NOUN
pueblo,NOUN
",",PUNCT
así,ADV
que,SCONJ
los,PRON
tuvimos,VERB
que,SCONJ
hacer,VERB
volver,VERB
",",PUNCT
por,ADP
eso,PRON
nos,PRON
venía,VERB
esta,DET
gente,NOUN
de,ADP
refresco,NOUN
",",PUNCT
así,ADV
que,SCONJ
éramos,AUX
nosotros,PRON
450,NUM
Cristianos,PROPN
y,CCONJ
1.300,NUM
Geberus,PROPN
y,CCONJ
Bathadeis,PROPN
.,PUNCT
"
",SPACE
Pero,CCONJ
á,ADP
esto,PRON
nuestros,DET
enemigos,NOUN
habían,AUX
fortificado,VERB
y,CCONJ
asegurado,ADJ
tan,ADV
bien,ADV
este,DET
su,DET
pueblo,NOUN
Karaiba,PROPN
",",PUNCT
tal,NOUN
vez,NOUN
como,SCONJ
jamás,ADV
antes,ADV
se,PRON
había,AUX
hecho,VERB
",",PUNCT
es,NOUN
decir,NOUN
con,ADP
palasaiten,PROPN
(,PUNCT
palizadas,NOUN
),PUNCT
y,CCONJ
muchos,DET
fosos,NOUN
.,PUNCT
Item,PROPN
más,ADV
",",PUNCT
habían,AUX
ellos,PRON
preparado,VERB
unas,DET
cuevas,NOUN
de,ADP
maderos,NOUN
en,ADP
forma,NOUN
de,ADP
trampas,NOUN
de,ADP
ratones,NOUN
;,PUNCT
si,SCONJ
éstas,PRON
hubiesen,AUX
salido,VERB
al,ADP
colmo,NOUN
de,ADP
sus,DET
deseos,NOUN
",",PUNCT
cada,DET
una,PRON
de,ADP
ellas,PRON
nos,PRON
hubiese,AUX
muerto,VERB
hasta,ADP
20,NUM
ó,CCONJ
30,NUM
;,PUNCT
de,ADP
las,DET
tales,PRON
se,PRON
habían,AUX
construido,VERB
muchas,DET
cerca,ADV
de,ADP
este,PRON
su,DET
pueblo,NOUN
.,PUNCT
Mas,PROPN
Dios,PROPN
el,DET
Todopoderoso,PROPN
nada,PRON
de,ADP
esto,PRON
permitió,VERB
;,PUNCT
¡,PUNCT
sea,AUX
El,DET
alabado,ADJ
y,CCONJ
loado,NOUN
eternamente,ADV
!,PUNCT
"
",SPACE
Delante,PROPN
de,ADP
este,DET
su,DET
pueblo,NOUN
Karayeba,PROPN
estuvimos,AUX
acampados,VERB
4,NUM
días,NOUN
",",PUNCT
sin,ADP
poderles,VERB
sacar,VERB
ventaja,NOUN
alguna,DET
",",PUNCT
y,CCONJ
al,ADP
cabo,NOUN
por,ADP
traición,NOUN
",",PUNCT
que,PRON
nunca,ADV
falta,VERB
en,ADP
el,DET
mundo,NOUN
",",PUNCT
allá,ADV
vino,VERB
un,DET
Indio,PROPN
de,ADP
los,DET
enemigos,NOUN
Caríos,PROPN
durante,ADP
la,DET
noche,NOUN
á,ADP
nuestro,DET
real,NOUN
á,ADP
ver,VERB
á,ADP
nuestro,DET
capitán,NOUN
Marthin,PROPN
Doménigo,PROPN
Eyolla,PROPN
;,PUNCT
era,AUX
aquél,ADJ
un,DET
principal,ADJ
de,ADP
los,DET
Caríos,PROPN
y,CCONJ
á,ADP
él,PRON
obedecía,VERB
el,DET
pueblo,NOUN
.,PUNCT
Este,PRON
pidió,VERB
que,SCONJ
no,ADV
le,PRON
quemásemos,NOUN
ni,CCONJ
destruyésemos,ADJ
su,DET
pueblo,NOUN
",",PUNCT
que,SCONJ
él,PRON
nos,PRON
mostraría,VERB
cómo,PRON
y,CCONJ
de,ADP
qué,DET
manera,NOUN
era,AUX
de,ADP
tomarlo,VERB
;,PUNCT
así,ADV
le,PRON
prometió,VERB
nuestro,DET
capitán,NOUN
que,PRON
no,ADV
permitiría,VERB
que,SCONJ
le,PRON
hiciesen,VERB
mal,ADV
.,PUNCT
Después,ADV
de,ADP
lo,PRON
cual,PRON
este,DET
Caríos,PROPN
nos,PRON
mostró,VERB
un,DET
camino,NOUN
escusado,ADJ
en,ADP
el,DET
bosque,NOUN
por,ADP
el,DET
que,PRON
deberíamos,AUX
nosotros,PRON
llegar,VERB
al,ADP
pueblo,NOUN
",",PUNCT
y,CCONJ
dijo,VERB
que,SCONJ
él,PRON
encendería,VERB
fuego,NOUN
en,ADP
el,DET
dicho,ADJ
pueblo,NOUN
cuando,SCONJ
llegase,VERB
el,DET
momento,NOUN
de,ADP
meternos,VERB
en,ADP
él,PRON
.,PUNCT
Como,SCONJ
que,SCONJ
todo,PRON
sucedió,VERB
tal,DET
cual,PRON
se,PRON
había,AUX
arreglado,VERB
y,CCONJ
mucha,DET
gente,NOUN
pereció,VERB
á,ADP
manos,NOUN
de,ADP
nosotros,PRON
los,DET
Cristianos,PROPN
y,CCONJ
fué,AUX
destruída,VERB
;,PUNCT
y,CCONJ
los,DET
que,PRON
á,ADP
la,DET
fuga,NOUN
se,PRON
dieron,VERB
cayeron,VERB
en,ADP
manos,NOUN
de,ADP
sus,DET
enemigos,NOUN
los,DET
Geberus,PROPN
(,PUNCT
Yapirú,PROPN
),PUNCT
que,PRON
destruyeron,VERB
y,CCONJ
mataron,VERB
á,ADP
los,DET
más,ADV
;,PUNCT
pero,CCONJ
á,ADP
las,DET
mujeres,NOUN
y,CCONJ
á,ADP
los,DET
niños,NOUN
no,ADV
los,PRON
tenían,VERB
esta,DET
vez,NOUN
consigo,PRON
",",PUNCT
sino,CCONJ
á,ADP
4,NUM
millas,NOUN
(,PUNCT
leguas,NOUN
),PUNCT
de,ADP
allí,ADV
en,ADP
un,DET
bosque,NOUN
muy,ADV
extenso,ADJ
.,PUNCT
"
",SPACE
Pero,CCONJ
la,DET
gente,NOUN
de,ADP
los,DET
Caríos,PROPN
que,PRON
logró,VERB
salvarse,VERB
de,ADP
esta,DET
escaramuza,NOUN
huyó,VERB
á,ADP
lo,PRON
de,ADP
otro,PRON
principal,ADJ
de,ADP
los,DET
Indios,PROPN
que,PRON
se,PRON
llamaba,VERB
Thabere,PROPN
(,PUNCT
Tabaré,PROPN
),PUNCT
y,CCONJ
su,DET
pueblo,NOUN
Juberich,PROPN
Sabye,PROPN
(,PUNCT
Yeruquihaba,PROPN
),PUNCT
que,PRON
estaba,AUX
á,ADP
140,NUM
millas,NOUN
(,PUNCT
leguas,NOUN
),PUNCT
de,ADP
este,DET
pueblo,NOUN
Kharayeba,PROPN
.,PUNCT
Allá,ADV
no,ADV
pudimos,VERB
ni,ADV
perseguirlos,VERB
ni,ADV
seguirlos,VERB
nosotros,PRON
",",PUNCT
porque,SCONJ
todo,DET
lo,PRON
que,PRON
estaba,VERB
en,ADP
el,DET
camino,NOUN
se,PRON
había,AUX
talado,VERB
y,CCONJ
destruído,ADJ
",",PUNCT
así,ADV
que,SCONJ
nosotros,PRON
no,ADV
pudiésemos,VERB
hallar,VERB
qué,PRON
comer,VERB
;,PUNCT
con,ADP
todo,PRON
nos,PRON
quedamos,VERB
allí,ADV
en,ADP
el,DET
pueblo,NOUN
Karayeba,PROPN
14,NUM
días,NOUN
enteros,ADJ
",",PUNCT
mientras,SCONJ
sanaban,VERB
los,DET
que,PRON
estaban,AUX
heridos,ADJ
y,CCONJ
descansaban,VERB
esos,DET
días,NOUN
.,PUNCT
"

",SPACE
CAPÍTULO,PROPN
XLIII,PROPN
"
",SPACE
TOMA,NOUN
DEL,ADP
PUEBLO,PROPN
JUERICH,PROPN
SABAYÉ,PROPN
.,PUNCT
PERDÓN,NOUN
DE,ADP
THABERÉ,NOUN
"

",SPACE
Entonces,ADV
regresamos,VERB
á,ADP
nuestra,DET
ciudad,NOUN
",",PUNCT
Nostra,PROPN
Singnora,PROPN
de,ADP
Sunssión,PROPN
",",PUNCT
con,ADP
miras,NOUN
de,ADP
navegar,VERB
aguas,NOUN
arriba,ADV
á,ADP
buscar,VERB
el,DET
susodicho,NOUN
pueblo,NOUN
Juerich,PROPN
Sabaje,PROPN
(,PUNCT
Hieruquizaba,PROPN
),PUNCT
donde,PRON
vivía,VERB
el,DET
principalde,NOUN
los,DET
Thabere,PROPN
.,PUNCT
Cuando,SCONJ
nosotros,PRON
ya,ADV
hubimos,AUX
llegado,VERB
á,ADP
nuestra,DET
ciudad,NOUN
Nostra,PROPN
Singnora,PROPN
",",PUNCT
nos,PRON
quedamos,VERB
allí,ADV
14,NUM
días,NOUN
mientras,SCONJ
nos,PRON
proveíamos,VERB
para,ADP
el,DET
viaje,NOUN
de,ADP
toda,DET
clase,NOUN
de,ADP
municiones,NOUN
y,CCONJ
víveres,NOUN
.,PUNCT
Así,ADV
",",PUNCT
pues,SCONJ
",",PUNCT
volvió,VERB
á,ADP
tomar,VERB
nuestro,DET
capitán,NOUN
gente,NOUN
de,ADP
refresco,NOUN
de,ADP
los,DET
Cristianos,PROPN
y,CCONJ
de,ADP
los,DET
Indios,PROPN
",",PUNCT
porque,SCONJ
muchos,PRON
estaban,AUX
heridos,ADJ
y,CCONJ
enfermos,NOUN
",",PUNCT
y,CCONJ
en,ADP
seguida,NOUN
navegó,VERB
aguas,NOUN
arriba,ADV
del,ADP
Paraboe,PROPN
á,ADP
lo,PRON
de,ADP
nuestros,DET
enemigos,NOUN
Juerich,PROPN
Sabaoe,PROPN
con,ADP
9,NUM
navíos,NOUN
pergentin,PROPN
(,PUNCT
bergantines,NOUN
),PUNCT
y,CCONJ
200,NUM
canaen,PROPN
(,PUNCT
canoas,NOUN
),PUNCT
;,PUNCT
y,CCONJ
había,AUX
los,DET
400,NUM
Cristianos,NOUN
nuestros,DET
y,CCONJ
1.500,NUM
Indios,PROPN
de,ADP
los,DET
Geberus,PROPN
.,PUNCT
Hay,AUX
46,NUM
millas,NOUN
(,PUNCT
leguas,NOUN
),PUNCT
de,ADP
la,DET
ciudad,NOUN
Nostra,PROPN
Singnora,PROPN
de,ADP
Sunssión,PROPN
á,ADP
los,DET
Jeruich,PROPN
Saboe,PROPN
donde,PRON
se,PRON
habían,AUX
refugiado,VERB
nuestros,DET
enemigos,NOUN
los,DET
Karaeba,PROPN
.,PUNCT
El,DET
mismo,DET
día,NOUN
nos,PRON
salió,VERB
al,ADP
encuentro,NOUN
el,DET
antedicho,NOUN
principal,ADJ
de,ADP
los,DET
Caríos,PROPN
",",PUNCT
el,DET
que,PRON
nos,PRON
había,AUX
entregado,VERB
el,DET
pueblo,NOUN
á,ADP
traición,NOUN
",",PUNCT
y,CCONJ
se,PRON
trajo,VERB
consigo,PRON
1.000,NUM
Caríos,PROPN
para,ADP
ayudarnos,VERB
contra,ADP
los,DET
dichos,ADJ
Thaberes,PROPN
(,PUNCT
Tabarés,PROPN
),PUNCT
.,PUNCT
"
",SPACE
Luego,ADV
que,SCONJ
nuestro,DET
capitán,NOUN
hubo,AUX
reunido,VERB
toda,DET
esta,DET
gente,NOUN
por,ADP
tierra,NOUN
y,CCONJ
agua,NOUN
",",PUNCT
y,CCONJ
como,SCONJ
á,ADP
2,NUM
millas,NOUN
(,PUNCT
leguas,NOUN
),PUNCT
de,ADP
distancia,NOUN
de,ADP
los,DET
enemigos,NOUN
Juerich,PROPN
Sabie,PROPN
",",PUNCT
al,ADP
punto,NOUN
envió,VERB
nuestro,DET
capitán,NOUN
Marthin,PROPN
Doménigo,PROPN
Eyolla,PROPN
(,PUNCT
Irala,PROPN
),PUNCT
dos,NUM
Indios,PROPN
de,ADP
los,DET
Caríos,PROPN
á,ADP
sus,DET
enemigos,NOUN
en,ADP
el,DET
pueblo,NOUN
para,ADP
anunciarles,VERB
",",PUNCT
que,SCONJ
estos,DET
Cristianos,PROPN
estaban,VERB
otra,DET
vez,NOUN
por,ADP
allá,ADV
",",PUNCT
y,CCONJ
les,PRON
hizo,VERB
decir,VERB
que,SCONJ
debían,AUX
volverse,VERB
á,ADP
su,DET
tierra,NOUN
",",PUNCT
cada,DET
cual,PRON
á,ADP
su,DET
mujer,NOUN
y,CCONJ
á,ADP
sus,DET
hijos,NOUN
",",PUNCT
y,CCONJ
que,SCONJ
debían,AUX
estar,AUX
sujetos,ADJ
á,ADP
los,DET
Cristianos,PROPN
y,CCONJ
volverles,VERB
á,ADP
servir,VERB
",",PUNCT
como,SCONJ
lo,PRON
habían,AUX
hecho,VERB
antes,ADV
de,ADP
eso,PRON
;,PUNCT
pero,CCONJ
que,SCONJ
si,SCONJ
ellos,PRON
no,ADV
querían,VERB
á,ADP
todos,DET
los,PRON
arrojaría,VERB
de,ADP
la,DET
tierra,NOUN
.,PUNCT
A,ADP
lo,PRON
que,PRON
contestó,VERB
el,DET
caudillo,NOUN
Caríos,PROPN
",",PUNCT
el,DET
Thaberé,PROPN
(,PUNCT
Tabaré,PROPN
),PUNCT
",",PUNCT
que,PRON
le,PRON
anunciasen,VERB
al,ADP
capitán,NOUN
de,ADP
los,DET
Cristianos,PROPN
que,PRON
no,ADV
querían,VERB
saber,VERB
nada,PRON
con,ADP
los,DET
Cristianos,PROPN
y,CCONJ
que,PRON
se,PRON
atreviese,VERB
no,ADV
más,ADV
á,ADP
venir,VERB
que,SCONJ
ellos,PRON
nos,PRON
habían,AUX
de,ADP
dar,VERB
la,DET
muerte,NOUN
con,ADP
huesos,NOUN
;,PUNCT
también,ADV
castigaron,VERB
á,ADP
nuestros,DET
dos,NUM
Indios,PROPN
malamente,ADV
con,ADP
palos,NOUN
y,CCONJ
les,PRON
dijeron,VERB
que,SCONJ
se,PRON
mandasen,VERB
mudar,VERB
presto,ADJ
del,ADP
real,NOUN
de,ADP
ellos,PRON
",",PUNCT
porque,SCONJ
de,ADP
nó,NOUN
los,PRON
habían,AUX
de,ADP
matar,VERB
.,PUNCT
"
",SPACE
Ahora,ADV
pues,SCONJ
estos,DET
dos,NUM
mansseschere,PROPN
(,PUNCT
mensajeros,NOUN
),PUNCT
se,PRON
presentaron,VERB
á,ADP
nuestro,DET
capitán,NOUN
y,CCONJ
le,PRON
dieron,VERB
el,DET
manssache,NOUN
(,PUNCT
mensaje,NOUN
),PUNCT
",",PUNCT
de,ADP
cómo,PRON
les,PRON
había,AUX
ido,VERB
",",PUNCT
con,ADP
esto,PRON
nuestro,DET
capitán,NOUN
Marthín,PROPN
Domenigo,PROPN
Eyolla,PROPN
(,PUNCT
Irala,PROPN
),PUNCT
se,PRON
alzó,VERB
",",PUNCT
y,CCONJ
nosotros,PRON
con,ADP
él,PRON
",",PUNCT
y,CCONJ
marchamos,VERB
contra,ADP
nuestro,DET
enemigo,NOUN
Thabere,PROPN
y,CCONJ
los,DET
Caríos,PROPN
",",PUNCT
en,ADP
seguida,NOUN
nos,PRON
formamos,VERB
y,CCONJ
repartimos,VERB
la,DET
gente,NOUN
en,ADP
4,NUM
divisiones,NOUN
.,PUNCT
"
",SPACE
Así,ADV
llegamos,VERB
nosotros,PRON
á,ADP
un,DET
agua,NOUN
corriente,ADJ
",",PUNCT
que,PRON
en,ADP
su,DET
lengua,NOUN
India,PROPN
se,PRON
llama,VERB
Schueschíeu,PROPN
(,PUNCT
Xexuy,PROPN
),PUNCT
es,AUX
tan,ADV
ancha,ADJ
como,SCONJ
el,DET
Danubio,PROPN
aquí,ADV
en,ADP
este,DET
país,NOUN
(,PUNCT
Baviera,PROPN
),PUNCT
",",PUNCT
y,CCONJ
como,SCONJ
hasta,ADP
la,DET
cintura,NOUN
de,ADP
un,DET
hombre,NOUN
de,ADP
hondura,NOUN
",",PUNCT
ó,CCONJ
más,ADV
en,ADP
algunas,DET
partes,NOUN
;,PUNCT
pero,CCONJ
la,DET
tal,DET
agua,NOUN
se,PRON
aumenta,VERB
mucho,ADV
en,ADP
su,DET
tiempo,NOUN
",",PUNCT
y,CCONJ
causa,NOUN
grandes,ADJ
perjuicios,NOUN
en,ADP
la,DET
tierra,NOUN
",",PUNCT
así,ADV
que,SCONJ
no,ADV
se,PRON
puede,AUX
viajar,VERB
por,ADP
ella,PRON
.,PUNCT
"
",SPACE
Y,CCONJ
como,SCONJ
nosotros,PRON
teníamos,VERB
que,SCONJ
pasar,VERB
esta,DET
agua,NOUN
",",PUNCT
estaba,VERB
el,DET
enemigo,NOUN
con,ADP
su,DET
real,NOUN
del,ADP
otro,DET
lado,NOUN
de,ADP
ella,PRON
y,CCONJ
por,ADP
eso,PRON
nos,PRON
hicieron,VERB
gran,ADJ
resistencia,NOUN
y,CCONJ
daño,NOUN
al,ADP
pasar,VERB
",",PUNCT
así,ADV
que,SCONJ
creo,VERB
yo,PRON
que,SCONJ
esta,DET
vez,NOUN
",",PUNCT
(,PUNCT
el,DET
favor,NOUN
de,ADP
Dios,PROPN
mediante,ADP
",",PUNCT
se,PRON
entiende,VERB
),PUNCT
á,ADP
no,ADV
ser,AUX
los,DET
arcabuces,NOUN
no,ADV
hubiese,AUX
escapado,VERB
uno,PRON
de,ADP
nosotros,PRON
con,ADP
vida,NOUN
del,ADP
lance,NOUN
.,PUNCT
Y,CCONJ
tanto,ADV
nos,PRON
favoreció,VERB
Dios,PROPN
el,DET
Todopoderoso,PROPN
que,PRON
nosotros,PRON
pasamos,VERB
al,ADP
otro,DET
lado,NOUN
del,ADP
agua,NOUN
",",PUNCT
mediante,ADP
su,DET
Divina,PROPN
bendición,NOUN
y,CCONJ
pisamos,VERB
tierra,NOUN
.,PUNCT
Cuando,SCONJ
los,DET
enemigos,NOUN
la,DET
tal,DET
cosa,NOUN
vieron,VERB
",",PUNCT
al,ADP
punto,NOUN
huyeron,VERB
á,ADP
su,DET
pueblo,NOUN
",",PUNCT
que,PRON
estaba,AUX
á,ADP
media,NUM
milla,PROPN
(,PUNCT
legua,NOUN
),PUNCT
del,ADP
agua,NOUN
.,PUNCT
Luego,ADV
que,SCONJ
nosotros,PRON
lo,PRON
vimos,VERB
los,PRON
perseguimos,VERB
con,ADP
toda,DET
nuestra,DET
gente,NOUN
y,CCONJ
llegamos,VERB
al,ADP
pueblo,NOUN
al,ADP
mismo,ADJ
tiempo,NOUN
que,SCONJ
ellos,PRON
y,CCONJ
le,PRON
pusimos,VERB
cerco,NOUN
",",PUNCT
así,ADV
que,SCONJ
nadie,PRON
podía,AUX
salir,VERB
ni,ADV
entrar,VERB
",",PUNCT
nos,PRON
armamos,VERB
también,ADV
después,ADV
sin,ADP
perder,VERB
un,DET
momento,NOUN
con,ADP
nuestros,DET
pawessen,NOUN
(,PUNCT
paveses,NOUN
),PUNCT
y,CCONJ
hachas,NOUN
",",PUNCT
tal,NOUN
y,CCONJ
como,SCONJ
antes,ADV
se,PRON
dijo,VERB
.,PUNCT
Así,ADV
no,ADV
estuvimos,VERB
más,ADV
tiempo,NOUN
acampados,ADJ
delante,ADV
del,ADP
dicho,ADJ
pueblo,NOUN
que,SCONJ
desde,ADP
la,DET
mañana,NOUN
hasta,ADP
la,DET
noche,NOUN
",",PUNCT
en,ADP
que,SCONJ
Dios,PROPN
el,DET
Todopoderoso,PROPN
nos,PRON
favoreció,VERB
",",PUNCT
de,ADP
suerte,NOUN
que,PRON
los,PRON
derrotamos,VERB
y,CCONJ
salimos,VERB
vencedores,ADJ
;,PUNCT
tomamos,VERB
el,DET
pueblo,NOUN
y,CCONJ
matamos,VERB
mucha,DET
gente,NOUN
.,PUNCT
Pero,CCONJ
ya,ADV
antes,ADV
de,ADP
entrar,VERB
en,ADP
pelea,NOUN
nos,PRON
había,AUX
encargado,VERB
nuestro,DET
capitán,NOUN
que,SCONJ
no,ADV
matásemos,VERB
ni,CCONJ
á,ADP
mujeres,NOUN
ni,CCONJ
á,ADP
niños,NOUN
",",PUNCT
sino,CCONJ
que,SCONJ
los,PRON
tomásemos,VERB
prisio-neros,NOUN
",",PUNCT
como,SCONJ
que,SCONJ
así,ADV
lo,PRON
cumplimos,VERB
nosotros,PRON
y,CCONJ
obedecimos,ADJ
su,DET
encargo,NOUN
.,PUNCT
Los,DET
hombres,NOUN
",",PUNCT
empero,ADV
",",PUNCT
cuantos,PRON
pudimos,AUX
alcanzar,VERB
",",PUNCT
tuvieron,VERB
todos,PRON
que,SCONJ
morir,VERB
.,PUNCT
También,ADV
nuestros,DET
amigos,NOUN
los,DET
Geberus,PROPN
se,PRON
trajeron,VERB
unas,PRON
1.000,NUM
cabezas,NOUN
de,ADP
nuestros,DET
enemigos,NOUN
Caríos,PROPN
.,PUNCT
"
",SPACE
Ahora,ADV
",",PUNCT
después,ADV
que,SCONJ
todo,DET
esto,PRON
había,AUX
sucedido,VERB
",",PUNCT
llegaron,VERB
por,ADP
aquel,DET
tiempo,NOUN
aquellos,DET
Caríos,PROPN
",",PUNCT
que,PRON
habían,AUX
salvado,VERB
de,ADP
allí,ADV
junto,ADJ
con,ADP
su,DET
principal,ADJ
Thabere,PROPN
(,PUNCT
Tabaré,PROPN
),PUNCT
y,CCONJ
otros,PRON
de,ADP
sus,DET
principales,ADJ
y,CCONJ
pidieron,VERB
perdón,NOUN
á,ADP
nuestro,DET
capitán,NOUN
",",PUNCT
con,ADP
tal,NOUN
que,SCONJ
les,PRON
devolviese,VERB
sus,DET
mujeres,NOUN
é,CCONJ
hijos,NOUN
",",PUNCT
que,PRON
así,ADV
volverían,VERB
á,ADP
ser,AUX
los,DET
buenos,ADJ
amigos,NOUN
de,ADP
antes,ADV
y,CCONJ
que,PRON
nos,PRON
servirían,VERB
con,ADP
toda,DET
humildad,NOUN
.,PUNCT
Así,ADV
",",PUNCT
pues,SCONJ
",",PUNCT
nuestro,DET
capitán,NOUN
les,PRON
prometió,VERB
perdón,NOUN
y,CCONJ
entró,VERB
á,ADP
favorecerlos,VERB
;,PUNCT
y,CCONJ
después,ADV
de,ADP
esto,PRON
se,PRON
hicieron,VERB
buenos,ADJ
amigos,NOUN
",",PUNCT
hasta,ADP
que,SCONJ
yo,PRON
salí,VERB
de,ADP
la,DET
tierra,NOUN
.,PUNCT
Año,PROPN
y,CCONJ
medio,NUM
duró,VERB
esta,DET
guerra,NOUN
con,ADP
los,DET
Caríos,PROPN
",",PUNCT
así,ADV
que,SCONJ
durante,ADP
este,DET
tiempo,NOUN
no,ADV
hubo,AUX
paz,NOUN
con,ADP
nosotros,PRON
y,CCONJ
no,ADV
podíamos,AUX
estar,AUX
seguros,ADJ
á,ADP
causa,NOUN
de,ADP
ellos,PRON
.,PUNCT
Esta,DET
campaña,NOUN
y,CCONJ
guerra,NOUN
con,ADP
los,DET
Caríos,PROPN
acaeció,VERB
el,DET
año,NOUN
1546,NUM
.,PUNCT
"
  
",SPACE
CAPÍTULO,PROPN
XLIV,ADP
"
",SPACE
ENTRADA,NOUN
DE,ADP
IRALA,PROPN
AL,ADP
CHACO,PROPN
BOREAL,PROPN
POR,ADP
LOS,DET
PAYAGUÁ,PROPN
Y,CCONJ
MBAYÁ,PROPN
"
",SPACE
Después,ADV
de,ADP
esto,PRON
regresamos,VERB
á,ADP
la,DET
ciudad,NOUN
Nostra,PROPN
Singnora,PROPN
de,ADP
Sunssión,PROPN
y,CCONJ
permanecimos,VERB
dos,NUM
años,NOUN
largos,ADJ
en,ADP
aquella,DET
ciudad,NOUN
.,PUNCT
Pero,CCONJ
en,ADP
todo,DET
este,DET
tiempo,NOUN
no,ADV
había,AUX
llegado,VERB
ni,CCONJ
navío,NOUN
ni,CCONJ
correo,NOUN
alguno,PRON
de,ADP
Hispanienn,PROPN
;,PUNCT
entonces,ADV
nuestro,DET
capitán,NOUN
Marthin,ADJ
Domenigo,PROPN
Eyolla,PROPN
(,PUNCT
Irala,PROPN
),PUNCT
hizo,VERB
consultar,VERB
á,ADP
la,DET
gente,NOUN
á,ADP
ver,VERB
si,SCONJ
le,PRON
parecía,VERB
bien,ADV
que,SCONJ
él,PRON
con,ADP
alguna,DET
parte,NOUN
de,ADP
ellos,PRON
marchase,VERB
tierra,NOUN
adentro,ADV
y,CCONJ
averiguase,VERB
si,SCONJ
había,AUX
oro,NOUN
ó,CCONJ
plata,NOUN
que,PRON
rescatar,VERB
.,PUNCT
A,ADP
ello,PRON
le,PRON
contestó,VERB
la,DET
gente,NOUN
",",PUNCT
que,PRON
marchase,VERB
no,ADV
más,ADV
en,ADP
nombre,NOUN
de,ADP
Dios,PROPN
.,PUNCT
"

",SPACE
Así,ADV
por,ADP
ese,DET
tiempo,NOUN
hizo,VERB
reunir,VERB
unos,PRON
350,NUM
de,ADP
los,DET
Españoles,PROPN
y,CCONJ
les,PRON
preguntó,VERB
si,SCONJ
querían,VERB
marchar,VERB
con,ADP
él,PRON
",",PUNCT
que,SCONJ
él,PRON
les,PRON
proporcionaría,VERB
todo,DET
lo,PRON
necesario,ADJ
para,ADP
este,DET
viaje,NOUN
",",PUNCT
es,AUX
á,ADP
saber,VERB
",",PUNCT
en,ADP
Indios,PROPN
",",PUNCT
rocines,NOUN
ó,CCONJ
ropa,NOUN
;,PUNCT
y,CCONJ
ellos,PRON
se,PRON
prestaron,VERB
de,ADP
muy,ADV
buena,ADJ
gana,VERB
á,ADP
marchar,VERB
con,ADP
él,PRON
.,PUNCT
Después,ADV
también,ADV
hizo,VERB
llamar,VERB
á,ADP
junta,NOUN
á,ADP
los,DET
principales,ADJ
ó,CCONJ
caudillos,NOUN
de,ADP
los,DET
Caríos,PROPN
y,CCONJ
preguntó,VERB
si,SCONJ
ellos,PRON
querían,VERB
acompañarlo,VERB
con,ADP
fuerza,NOUN
de,ADP
2.000,NUM
hombres,NOUN
;,PUNCT
y,CCONJ
ellos,PRON
contestaron,VERB
que,SCONJ
de,ADP
muy,ADV
buena,ADJ
gana,NOUN
y,CCONJ
á,ADP
su,DET
llamado,ADJ
marcharían,VERB
con,ADP
él,PRON
.,PUNCT
" 
",SPACE
Con,ADP
este,DET
tan,ADV
buen,ADJ
y,CCONJ
tan,ADV
amistoso,ADJ
acuerdo,NOUN
de,ADP
ambas,NUM
partes,NOUN
se,PRON
aprestó,VERB
dicho,ADJ
nuestro,DET
capitán,NOUN
general,ADJ
Marthín,PROPN
Domenigo,PROPN
Eyolla,PROPN
en,ADP
poco,ADV
más,ADV
de,ADP
2,NUM
meses,NOUN
después,ADV
",",PUNCT
y,CCONJ
emprendió,VERB
la,DET
marcha,NOUN
con,ADP
esta,DET
gente,NOUN
el,DET
año,NOUN
1548,NUM
aguas,NOUN
arriba,ADV
del,ADP
Paraboe,PROPN
con,ADP
7,NUM
navíos,NOUN
bergenntín,PROPN
y,CCONJ
con,ADP
200,NUM
canaon,NOUN
(,PUNCT
canoas,NOUN
),PUNCT
.,PUNCT
La,DET
gente,NOUN
que,PRON
no,ADV
podía,AUX
caber,VERB
ni,CCONJ
en,ADP
los,DET
navíos,NOUN
ni,CCONJ
en,ADP
las,DET
canaen,PROPN
(,PUNCT
canoas,NOUN
),PUNCT
caminaron,VERB
de,ADP
á,NOUN
pie,NOUN
por,ADP
tierra,NOUN
con,ADP
los,DET
130,NUM
caballos,NOUN
.,PUNCT
Y,CCONJ
cuando,SCONJ
nosotros,PRON
los,PRON
hubimos,AUX
reunido,VERB
á,ADP
todos,PRON
por,ADP
tierra,NOUN
y,CCONJ
por,ADP
agua,NOUN
cerca,ADV
de,ADP
un,DET
cerro,NOUN
alto,ADJ
y,CCONJ
redondo,ADJ
llamado,ADJ
S.,PROPN
Ferdinando,PROPN
",",PUNCT
donde,PRON
en,ADP
aquel,DET
tiempo,NOUN
vivían,VERB
los,DET
antedichos,ADJ
Peyenbas,PROPN
(,PUNCT
Payaguá,PROPN
),PUNCT
",",PUNCT
allí,ADV
envió,VERB
nuestro,DET
capitán,NOUN
los,DET
5,NUM
navíos,NOUN
bergenntín,VERB
(,PUNCT
bergantines,NOUN
),PUNCT
y,CCONJ
las,DET
canaen,PROPN
(,PUNCT
canoas,NOUN
),PUNCT
de,ADP
vuelta,NOUN
á,ADP
la,DET
ciudad,NOUN
Nostra,PROPN
Singnora,PROPN
de,ADP
Sunssión,PROPN
.,PUNCT
"
",SPACE
A,ADP
los,DET
otros,PRON
2,NUM
navíos,NOUN
pergentin,PROPN
(,PUNCT
bergantines,NOUN
),PUNCT
los,PRON
dejó,VERB
allí,ADV
cerca,ADV
de,ADP
S.,PROPN
Fernando,PROPN
",",PUNCT
con,ADP
50,NUM
Españoles,PROPN
",",PUNCT
á,ADP
quienes,PRON
nombró,VERB
él,PRON
un,DET
capitán,NOUN
llamado,ADJ
Petter,PROPN
Diess,PROPN
(,PUNCT
Pedro,PROPN
Díaz,PROPN
),PUNCT
;,PUNCT
les,PRON
entregó,VERB
también,ADV
víveres,NOUN
y,CCONJ
lo,PRON
demás,PRON
necesario,ADJ
para,ADP
dos,NUM
años,NOUN
",",PUNCT
y,CCONJ
tenían,VERB
que,SCONJ
esperar,VERB
allí,ADV
hasta,ADP
que,SCONJ
él,PRON
volviese,VERB
de,ADP
tierra,NOUN
adentro,ADJ
",",PUNCT
porque,SCONJ
no,ADV
le,PRON
sucediese,VERB
á,ADP
él,PRON
y,CCONJ
á,ADP
su,DET
gente,NOUN
como,SCONJ
le,PRON
había,AUX
sucedido,VERB
al,ADP
buen,ADJ
señor,NOUN
Joann,PROPN
Eyollas,PROPN
(,PUNCT
Ayolas,PROPN
),PUNCT
y,CCONJ
á,ADP
los,DET
compañeros,NOUN
con,ADP
él,PRON
",",PUNCT
á,ADP
quienes,PRON
los,DET
Pyenbass,PROPN
(,PUNCT
Payaguá,PROPN
),PUNCT
habían,AUX
asesinado,VERB
tan,ADV
cruelmente,ADV
.,PUNCT
¡,PUNCT
Dios,PROPN
los,PRON
favorezca,VERB
á,ADP
todos,PRON
!,PUNCT
De,ADP
ello,PRON
se,PRON
dijo,VERB
ya,ADV
en,ADP
la,DET
f.,PROPN
[,NOUN
22,NUM
],NOUN
.,PUNCT
"
",SPACE
Después,ADV
de,ADP
esto,PRON
marchó,VERB
adelante,ADV
nuestro,DET
capitán,NOUN
con,ADP
300,NUM
Cristianos,PROPN
y,CCONJ
130,NUM
caballos,NOUN
y,CCONJ
3.000,NUM
Caríos,PROPN
unos,PRON
8,NUM
días,NOUN
enteros,ADJ
sin,ADP
que,SCONJ
nosotros,PRON
hallásemos,VERB
nación,NOUN
alguna,ADJ
.,PUNCT
A,ADP
los,DET
9,NUM
días,NOUN
dimos,VERB
con,ADP
una,DET
llamada,ADJ
Naperus,PROPN
",",PUNCT
no,ADV
tienen,VERB
más,ADV
de,ADP
comer,VERB
que,SCONJ
pescado,NOUN
y,CCONJ
carne,NOUN
",",PUNCT
es,AUX
una,DET
gente,NOUN
alta,ADJ
y,CCONJ
fuerte,ADJ
",",PUNCT
sus,DET
mujeres,NOUN
andan,VERB
con,ADP
las,DET
vergüenzas,NOUN
destapadas,ADJ
;,PUNCT
no,ADV
son,AUX
lindas,ADJ
.,PUNCT
"
",SPACE
Del,ADP
dicho,ADJ
cerro,NOUN
S.,PROPN
Ferdinando,PROPN
hasta,ADP
aquí,ADV
hay,AUX
38,NUM
millas,NOUN
(,PUNCT
leguas,NOUN
),PUNCT
;,PUNCT
allí,ADV
nos,PRON
quedamos,VERB
esa,DET
noche,NOUN
y,CCONJ
de,ADP
allí,ADV
proseguimos,VERB
la,DET
marcha,NOUN
",",PUNCT
viaje,NOUN
de,ADP
7,NUM
días,NOUN
",",PUNCT
y,CCONJ
llegamos,VERB
á,ADP
una,DET
nación,NOUN
llamada,ADJ
Maieaiess,PROPN
(,PUNCT
Mbayá,PROPN
),PUNCT
es,AUX
una,DET
gran,ADJ
muchedumbre,NOUN
de,ADP
gente,NOUN
;,PUNCT
sus,DET
súbditos,NOUN
tienen,VERB
que,SCONJ
pescarles,ADJ
y,CCONJ
cazarles,NOUN
y,CCONJ
hacer,VERB
lo,PRON
que,PRON
se,PRON
les,PRON
ofrece,VERB
",",PUNCT
tal,NOUN
y,CCONJ
como,SCONJ
aquí,ADV
los,DET
paisanos,NOUN
se,PRON
someten,VERB
al,ADP
que,PRON
es,AUX
noble,ADJ
.,PUNCT
"
 
",SPACE
Esta,DET
nación,NOUN
tiene,VERB
mucha,DET
provisión,NOUN
de,ADP
trigo,NOUN
turco,ADJ
(,PUNCT
maíz,NOUN
),PUNCT
",",PUNCT
mandeochade,NUM
(,PUNCT
mandioca,NOUN
),PUNCT
",",PUNCT
mandepoere,ADJ
",",PUNCT
mandeos,PROPN
propys,PROPN
",",PUNCT
padades,ADJ
(,PUNCT
batatas,NOUN
),PUNCT
",",PUNCT
mannduiss,NOUN
(,PUNCT
maní,NOUN
),PUNCT
",",PUNCT
bachakhue,PROPN
y,CCONJ
otras,DET
raíces,NOUN
más,ADV
",",PUNCT
que,SCONJ
son,AUX
aparentes,ADJ
para,ADP
servir,VERB
de,ADP
comida,NOUN
.,PUNCT
Iten,PROPN
más,ADV
tienen,VERB
venados,ADJ
",",PUNCT
ovejas,NOUN
de,ADP
Indias,PROPN
(,PUNCT
guanacos,NOUN
),PUNCT
",",PUNCT
avestruces,NOUN
",",PUNCT
ennten,PROPN
(,PUNCT
antas,NOUN
),PUNCT
",",PUNCT
gansos,NOUN
",",PUNCT
y,CCONJ
muchas,DET
otras,DET
aves,NOUN
.,PUNCT
También,ADV
los,DET
bosques,NOUN
están,AUX
llenos,ADJ
de,ADP
miel,NOUN
",",PUNCT
de,ADP
la,DET
que,PRON
se,PRON
hace,VERB
vino,NOUN
y,CCONJ
lo,PRON
demás,PRON
que,PRON
les,PRON
hace,VERB
falta,NOUN
;,PUNCT
cuanto,NOUN
más,ADV
adentro,ADV
se,PRON
busca,VERB
en,ADP
la,DET
tierra,NOUN
",",PUNCT
tanto,ADV
más,ADV
feraz,ADJ
se,PRON
la,PRON
encuentra,VERB
.,PUNCT
Item,PROPN
año,NOUN
redondo,ADJ
cosechan,VERB
en,ADP
el,DET
campo,NOUN
trigo,NOUN
turco,ADJ
(,PUNCT
maíz,NOUN
),PUNCT
y,CCONJ
las,DET
demás,PRON
plantas,NOUN
ya,ADV
citadas,ADJ
.,PUNCT
Estas,DET
ovejas,NOUN
",",PUNCT
de,ADP
las,DET
que,PRON
tienen,VERB
mansas,ADJ
y,CCONJ
ariscas,ADJ
",",PUNCT
las,PRON
usan,VERB
como,SCONJ
nosotros,PRON
aquí,ADV
á,ADP
los,DET
rocines,NOUN
para,ADP
los,DET
cargar,VERB
y,CCONJ
montar,VERB
;,PUNCT
yo,PRON
mismo,DET
también,ADV
una,DET
vez,NOUN
en,ADP
el,DET
viaje,NOUN
anduve,VERB
más,ADV
de,ADP
40,NUM
millas,NOUN
(,PUNCT
leguas,NOUN
),PUNCT
montado,ADJ
en,ADP
una,DET
oveja,NOUN
de,ADP
estas,PRON
",",PUNCT
á,ADP
saber,AUX
cuando,SCONJ
estuve,AUX
enfermo,NOUN
de,ADP
un,DET
pie,NOUN
;,PUNCT
en,ADP
el,DET
Perú,PROPN
las,PRON
cargan,VERB
con,ADP
mercaderías,NOUN
como,SCONJ
si,SCONJ
fuesen,AUX
acémilas,NOUN
.,PUNCT
"
",SPACE
Estos,DET
Mayeaiess,PROPN
(,PUNCT
Mbayá,PROPN
),PUNCT
son,AUX
altos,ADJ
",",PUNCT
gallardos,NOUN
y,CCONJ
gente,NOUN
guerrera,ADJ
",",PUNCT
cuya,PRON
única,ADJ
ocupación,NOUN
es,AUX
la,DET
guerra,NOUN
.,PUNCT
Las,DET
mujeres,NOUN
son,AUX
lindas,ADJ
y,CCONJ
no,ADV
se,PRON
tapan,VERB
las,DET
vergüenzas,NOUN
;,PUNCT
ellas,PRON
no,ADV
trabajan,VERB
en,ADP
el,DET
campo,NOUN
",",PUNCT
sino,CCONJ
que,SCONJ
el,DET
hombre,NOUN
tiene,VERB
que,SCONJ
buscarse,VERB
la,DET
mantención,NOUN
;,PUNCT
en,ADP
la,DET
casa,NOUN
no,ADV
hacen,VERB
ellas,PRON
más,ADV
que,SCONJ
hilar,VERB
y,CCONJ
tejer,VERB
cosas,NOUN
de,ADP
algodón,NOUN
;,PUNCT
también,ADV
preparan,VERB
la,DET
comida,NOUN
y,CCONJ
cualquier,DET
otra,DET
cosa,NOUN
que,PRON
se,PRON
le,PRON
antoja,VERB
al,ADP
marido,NOUN
de,ADP
ellas,PRON
",",PUNCT
y,CCONJ
á,ADP
otros,DET
buenos,ADJ
aparceros,NOUN
más,ADV
",",PUNCT
pedirles,VERB
",",PUNCT
cuando,SCONJ
se,PRON
ofrece,VERB
;,PUNCT
y,CCONJ
baste,VERB
con,ADP
lo,PRON
dicho,ADJ
del,ADP
asunto,NOUN
.,PUNCT
Quien,PRON
verlo,VERB
quiera,VERB
que,SCONJ
allá,ADV
vaya,VERB
",",PUNCT
y,CCONJ
si,SCONJ
de,ADP
otra,DET
suerte,NOUN
se,PRON
niega,VERB
á,ADP
creerlo,VERB
",",PUNCT
yendo,VERB
se,PRON
convencerá,VERB
que,SCONJ
la,DET
cosa,NOUN
es,AUX
así,ADV
.,PUNCT
"
",SPACE
Cuando,SCONJ
llegábamos,VERB
á,ADP
esta,DET
nación,NOUN
",",PUNCT
como,SCONJ
á,ADP
una,DET
media,NUM
milla,NOUN
(,PUNCT
legua,NOUN
),PUNCT
de,ADP
distancia,NOUN
nos,PRON
salieron,VERB
á,ADP
encontrar,VERB
en,ADP
el,DET
camino,NOUN
",",PUNCT
donde,PRON
había,AUX
una,DET
pequeña,ADJ
aldehuela,NOUN
",",PUNCT
y,CCONJ
dijeron,VERB
ellos,PRON
á,ADP
nuestro,DET
capitán,NOUN
que,PRON
debíamos,AUX
nosotros,PRON
reposar,VERB
esa,DET
noche,NOUN
allí,ADV
en,ADP
el,DET
dicho,ADJ
pueblo,NOUN
",",PUNCT
y,CCONJ
que,SCONJ
ellos,PRON
nos,PRON
traerían,VERB
todo,PRON
cuanto,PRON
nos,PRON
faltaba,VERB
;,PUNCT
pero,CCONJ
esto,PRON
lo,PRON
hacían,VERB
ellos,PRON
con,ADP
mala,ADJ
intención,NOUN
",",PUNCT
y,CCONJ
para,ADP
asegurarse,VERB
más,ADV
en,ADP
seguida,NOUN
mandaron,VERB
[,PRON
ellos,PRON
],NOUN
á,ADP
nuestro,DET
capitán,NOUN
4,NUM
coronas,NOUN
de,ADP
plata,NOUN
",",PUNCT
que,PRON
se,PRON
ponen,VERB
en,ADP
la,DET
cabeza,NOUN
;,PUNCT
también,ADV
le,PRON
dieron,VERB
6,NUM
plennschen,PROPN
(,PUNCT
planchas,NOUN
),PUNCT
",",PUNCT
de,ADP
plata,NOUN
",",PUNCT
de,ADP
las,DET
que,PRON
cada,DET
una,PRON
media,ADJ
1,NUM
1/2,NUM
jemes,ADJ
de,ADP
largo,ADJ
y,CCONJ
medio,NUM
jeme,PROPN
de,ADP
ancho,NOUN
;,PUNCT
las,DET
tales,DET
planchas,NOUN
se,PRON
las,PRON
atan,VERB
á,ADP
la,DET
frente,NOUN
por,ADP
lujo,NOUN
y,CCONJ
como,SCONJ
adorno,NOUN
",",PUNCT
como,SCONJ
también,ADV
ya,ADV
se,PRON
dijo,VERB
antes,ADV
.,PUNCT
Iten,PROPN
más,ADV
mandaron,VERB
ellos,PRON
á,ADP
nuestro,DET
capitán,NOUN
3,NUM
lindas,ADJ
doncellas,NOUN
",",PUNCT
ó,CCONJ
mujeres,NOUN
",",PUNCT
que,PRON
no,ADV
eran,AUX
viejas,ADJ
.,PUNCT
"
  
",SPACE
Durante,ADP
el,DET
tiempo,NOUN
que,PRON
descansamos,VERB
en,ADP
este,DET
pueblo,NOUN
",",PUNCT
después,ADV
de,ADP
la,DET
merienda,NOUN
",",PUNCT
distribuimos,VERB
nosotros,PRON
la,DET
guardia,NOUN
",",PUNCT
para,ADP
que,SCONJ
así,ADV
estuviese,AUX
la,DET
gente,NOUN
preparada,ADJ
contra,ADP
los,DET
enemigos,NOUN
",",PUNCT
y,CCONJ
en,ADP
seguida,NOUN
nos,PRON
acostamos,VERB
á,ADP
dormir,VERB
en,ADP
paz,NOUN
.,PUNCT
Más,ADV
tarde,ADV
",",PUNCT
como,SCONJ
á,ADP
la,DET
media,NUM
noche,NOUN
",",PUNCT
sucedió,VERB
que,SCONJ
se,PRON
le,PRON
perdieron,VERB
á,ADP
nuestro,DET
capitán,NOUN
sus,DET
3,NUM
doncellas,NOUN
;,PUNCT
acaso,ADV
no,ADV
pudo,AUX
satisfacer,VERB
á,ADP
todas,DET
3,NUM
",",PUNCT
porque,SCONJ
era,AUX
un,DET
hombre,NOUN
de,ADP
unos,PRON
60,NUM
años,NOUN
;,PUNCT
si,SCONJ
nos,PRON
las,PRON
hubiese,AUX
entregado,VERB
á,ADP
nosotros,PRON
los,DET
soldados,NOUN
",",PUNCT
tal,NOUN
vez,NOUN
no,ADV
hubiesen,AUX
disparado,VERB
;,PUNCT
en,ADP
suma,NOUN
",",PUNCT
causa,NOUN
de,ADP
esto,PRON
se,PRON
armó,VERB
gran,ADJ
alboroto,NOUN
en,ADP
el,DET
real,NOUN
.,PUNCT
"
",SPACE
Y,CCONJ
tan,NOUN
luego,ADV
como,SCONJ
amaneció,VERB
",",PUNCT
nuestro,DET
capitán,NOUN
hizo,VERB
tocar,VERB
generala,PROPN
y,CCONJ
mandó,VERB
á,ADP
saber,VERB
",",PUNCT
que,SCONJ
cada,DET
cual,PRON
se,PRON
estuviese,VERB
en,ADP
su,DET
puesto,NOUN
con,ADP
sus,DET
armas,NOUN
.,PUNCT
"

",SPACE
CAPÍTULO,PROPN
XLV,PROPN
"
",SPACE
VISITAN,PROPN
Á,PROPN
LOS,DET
MBAYÁ,PROPN
",",PUNCT
CHANÉ,PROPN
",",PUNCT
THOHANNES,PROPN
",",PUNCT
PAYHONOS,PROPN
",",PUNCT
MAYEHONAS,NOUN
",",PUNCT
MORRONNOS,NOUN
",",PUNCT
PERRONOSS,PROPN
"
",SPACE
Así,ADV
vinieron,VERB
los,DET
antedichos,ADJ
Mayaiess,PROPN
(,PUNCT
Mbayá,PROPN
),PUNCT
en,ADP
número,NOUN
de,ADP
20.000,NUM
hombres,NOUN
y,CCONJ
pretendieron,VERB
sorprendernos,VERB
",",PUNCT
mas,ADV
no,ADV
nos,PRON
sacaron,VERB
mayor,ADJ
ventaja,NOUN
",",PUNCT
sino,CCONJ
que,SCONJ
en,ADP
esta,DET
misma,DET
escaramuza,NOUN
quedaron,VERB
unos,PRON
1.000,NUM
muertos,NOUN
de,ADP
la,DET
gente,NOUN
de,ADP
ellos,PRON
;,PUNCT
en,ADP
seguida,NOUN
huyeron,VERB
ellos,PRON
de,ADP
allí,ADV
y,CCONJ
nosotros,PRON
los,PRON
perseguimos,VERB
hasta,ADP
su,DET
pueblo,NOUN
",",PUNCT
mas,ADV
no,ADV
encontramos,VERB
nada,PRON
allí,ADV
",",PUNCT
ni,CCONJ
mujeres,NOUN
ni,CCONJ
hijos,NOUN
.,PUNCT
"
   
",SPACE
Entonces,ADV
mandó,VERB
nuestro,DET
capitán,NOUN
y,CCONJ
tomó,VERB
unos,PRON
150,NUM
arcabuceros,NOUN
y,CCONJ
2.500,NUM
Indios,PROPN
Caríos,PROPN
y,CCONJ
marchó,VERB
en,ADP
pos,NOUN
de,ADP
los,DET
Mayaiedess,PROPN
(,PUNCT
Mbayá,PROPN
),PUNCT
3,NUM
días,NOUN
seguidos,ADJ
y,CCONJ
2,NUM
noches,NOUN
[,VERB
á,ADP
todo,PRON
apurar,VERB
],INTJ
",",PUNCT
así,ADV
que,SCONJ
no,ADV
descansábamos,VERB
nosotros,PRON
sino,CCONJ
sólo,ADV
para,ADP
comer,VERB
á,ADP
medio,NUM
día,NOUN
y,CCONJ
dormir,VERB
4,NUM
ó,CCONJ
5,NUM
horas,NOUN
cada,DET
noche,NOUN
.,PUNCT
"
",SPACE
Y,CCONJ
al,ADP
tercer,ADJ
día,NOUN
dimos,VERB
con,ADP
los,DET
Mayaeides,PROPN
(,PUNCT
Mbayá,PROPN
),PUNCT
todos,PRON
juntos,ADJ
",",PUNCT
hombres,NOUN
",",PUNCT
mujeres,NOUN
y,CCONJ
niños,NOUN
en,ADP
un,DET
bosque,NOUN
;,PUNCT
mas,ADV
no,ADV
eran,AUX
ellos,PRON
los,DET
Maiaies,PROPN
(,PUNCT
Mbayá,PROPN
),PUNCT
que,PRON
buscábamos,VERB
",",PUNCT
sino,CCONJ
sus,DET
amigos,NOUN
.,PUNCT
Ni,CCONJ
cuidado,NOUN
que,PRON
se,PRON
les,PRON
daba,VERB
á,ADP
ellos,PRON
de,ADP
nuestra,DET
llegada,NOUN
allí,ADV
.,PUNCT
Así,ADV
tienen,VERB
que,SCONJ
pagar,VERB
justos,ADJ
por,ADP
pecadores,NOUN
;,PUNCT
porque,SCONJ
cuando,SCONJ
nosotros,PRON
llegamos,VERB
á,ADP
los,DET
Mayaiess,PROPN
(,PUNCT
Mbayá,PROPN
),PUNCT
estos,PRON
",",PUNCT
matamos,VERB
y,CCONJ
apresamos,VERB
hombres,NOUN
",",PUNCT
mujeres,NOUN
y,CCONJ
niños,NOUN
en,ADP
número,NOUN
como,SCONJ
de,ADP
3,NUM
mil,NUM
personas,NOUN
",",PUNCT
y,CCONJ
si,SCONJ
hubiese,AUX
sido,AUX
de,ADP
día,NOUN
",",PUNCT
así,ADV
como,SCONJ
fué,AUX
de,ADP
noche,NOUN
",",PUNCT
no,ADV
se,PRON
escapa,VERB
uno,PRON
de,ADP
ellos,PRON
;,PUNCT
porque,SCONJ
había,AUX
mucha,DET
gente,NOUN
junta,ADJ
en,ADP
un,DET
cerro,NOUN
",",PUNCT
en,ADP
que,SCONJ
había,AUX
un,DET
bosque,NOUN
muy,ADV
grande,ADJ
.,PUNCT
Yo,PRON
saqué,VERB
de,ADP
esta,DET
escaramuza,NOUN
más,ADV
de,ADP
19,NUM
personas,NOUN
",",PUNCT
hombres,NOUN
y,CCONJ
mujeres,NOUN
",",PUNCT
que,PRON
no,ADV
eran,AUX
viejas,ADJ
;,PUNCT
porque,SCONJ
siempre,ADV
me,PRON
ha,AUX
gustado,VERB
más,ADV
la,DET
gente,NOUN
moza,ADJ
que,SCONJ
la,DET
vieja,ADJ
;,PUNCT
también,ADV
la,DET
parte,NOUN
que,PRON
me,PRON
tocó,VERB
de,ADP
las,DET
mantas,NOUN
de,ADP
los,DET
Indios,PROPN
y,CCONJ
otras,DET
cosas,NOUN
más,ADV
.,PUNCT
Después,ADV
de,ADP
esto,PRON
nos,PRON
volvimos,VERB
á,ADP
nuestro,DET
real,NOUN
",",PUNCT
allí,ADV
nos,PRON
quedamos,VERB
8,NUM
días,NOUN
",",PUNCT
porque,SCONJ
había,AUX
toda,DET
clase,NOUN
de,ADP
buen,ADJ
bastimento,NOUN
.,PUNCT
A,ADP
esta,DET
nación,NOUN
de,ADP
los,DET
Mayaiess,PROPN
(,PUNCT
Mbayá,PROPN
),PUNCT
desde,ADP
S.,PROPN
Ferdinando,PROPN
",",PUNCT
donde,PRON
dejamos,VERB
los,DET
navíos,NOUN
",",PUNCT
hay,AUX
70,NUM
millas,NOUN
(,PUNCT
leguas,NOUN
),PUNCT
de,ADP
camino,NOUN
.,PUNCT
" 
",SPACE
Después,ADV
de,ADP
esto,PRON
volvimos,VERB
á,ADP
marchar,VERB
hasta,ADP
una,DET
nación,NOUN
llamada,ADJ
Zchennte,PROPN
(,PUNCT
Chañé,PROPN
),PUNCT
",",PUNCT
son,AUX
vasallos,NOUN
ó,CCONJ
súbditos,NOUN
de,ADP
los,DET
antedichos,ADJ
Mayaiess,PROPN
(,PUNCT
Mbayá,PROPN
),PUNCT
",",PUNCT
como,SCONJ
en,ADP
esta,DET
tierra,NOUN
(,PUNCT
Baviera,PROPN
),PUNCT
los,DET
paisanos,NOUN
son,AUX
siervos,NOUN
de,ADP
sus,DET
señores,NOUN
.,PUNCT
Nosotros,PRON
encontramos,VERB
en,ADP
este,DET
camino,NOUN
muchos,DET
rastrojos,NOUN
sembrados,ADJ
con,ADP
trigo,NOUN
turco,ADJ
(,PUNCT
maíz,NOUN
),PUNCT
",",PUNCT
raíces,NOUN
",",PUNCT
y,CCONJ
otras,DET
frutas,NOUN
más,ADV
",",PUNCT
allí,ADV
se,PRON
tiene,VERB
esta,DET
comida,NOUN
año,NOUN
redondo,ADJ
;,PUNCT
cuando,SCONJ
se,PRON
recoge,VERB
una,DET
cosecha,NOUN
",",PUNCT
ya,ADV
está,VERB
la,DET
otra,DET
madura,NOUN
también,ADV
",",PUNCT
y,CCONJ
cuando,SCONJ
esta,DET
misma,PRON
también,ADV
está,AUX
recogida,ADJ
",",PUNCT
ya,ADV
tienen,VERB
una,DET
otra,PRON
en,ADP
berza,NOUN
.,PUNCT
Con,ADP
esto,PRON
en,ADP
todo,DET
tiempo,NOUN
del,ADP
año,NOUN
están,AUX
en,ADP
vísperas,NOUN
de,ADP
la,DET
mies,NOUN
.,PUNCT
Entonces,ADV
llegamos,VERB
á,ADP
un,DET
pequeño,ADJ
pueblo,NOUN
que,PRON
pertenecía,VERB
á,ADP
los,DET
Zchenne,PROPN
(,PUNCT
Chañé,PROPN
),PUNCT
y,CCONJ
cuando,SCONJ
nos,PRON
vieron,VERB
todos,PRON
huyeron,VERB
de,ADP
allí,ADV
.,PUNCT
Así,ADV
nos,PRON
quedamos,VERB
2,NUM
días,NOUN
allá,ADV
y,CCONJ
hallamos,VERB
en,ADP
el,DET
tal,DET
pueblo,NOUN
(,PUNCT
que,PRON
está,AUX
á,ADP
4,NUM
millas,NOUN
),PUNCT
(,PUNCT
leguas,NOUN
),PUNCT
de,ADP
los,DET
Mayaie,PROPN
(,PUNCT
Mbayá,PROPN
),PUNCT
más,ADV
que,SCONJ
de,ADP
sobra,NOUN
de,ADP
comer,VERB
.,PUNCT
"
",SPACE
De,ADP
allí,ADV
marchamos,VERB
nosotros,PRON
2,NUM
días,NOUN
6,NUM
millas,NOUN
(,PUNCT
leguas,NOUN
),PUNCT
hasta,ADP
una,DET
nación,NOUN
llamada,ADJ
de,ADP
los,DET
Tohannes,PROPN
;,PUNCT
allí,ADV
no,ADV
hallamos,VERB
gente,NOUN
alguna,ADJ
",",PUNCT
pero,CCONJ
de,ADP
comer,VERB
bastante,ADV
;,PUNCT
están,AUX
también,ADV
sometidos,ADJ
á,ADP
los,DET
Mayaies,PROPN
(,PUNCT
Mbayá,PROPN
),PUNCT
.,PUNCT
"
",SPACE
De,ADP
allí,ADV
marchamos,VERB
nosotros,PRON
6,NUM
días,NOUN
enteros,ADJ
sin,ADP
encontrar,VERB
gente,NOUN
por,ADP
el,DET
camino,NOUN
",",PUNCT
y,CCONJ
al,ADP
7,NUM
.,PUNCT
°,ADP
día,NOUN
llegamos,VERB
á,ADP
una,DET
nación,NOUN
llamada,ADJ
de,ADP
los,DET
Payhonos,PROPN
donde,PRON
había,AUX
mucha,DET
Indiada,ADJ
reunida,ADJ
.,PUNCT
El,DET
caudillo,NOUN
de,ADP
ellos,PRON
salió,VERB
á,ADP
recibirnos,VERB
de,ADP
paz,NOUN
con,ADP
mucha,DET
gente,NOUN
.,PUNCT
Este,PRON
le,PRON
rogó,VERB
á,ADP
nuestro,DET
capitán,NOUN
que,PRON
no,ADV
entrásemos,VERB
á,ADP
su,DET
pueblo,NOUN
",",PUNCT
sino,CCONJ
que,SCONJ
nos,PRON
quedásemos,VERB
allí,ADV
afuera,ADV
en,ADP
el,DET
mismo,DET
lugar,NOUN
;,PUNCT
mas,ADV
nuestro,DET
capitán,NOUN
no,ADV
quiso,VERB
consentir,VERB
en,ADP
nada,PRON
de,ADP
eso,PRON
",",PUNCT
sino,CCONJ
que,SCONJ
se,PRON
metió,VERB
derecho,NOUN
en,ADP
el,DET
pueblo,NOUN
de,ADP
ellos,PRON
",",PUNCT
quieran,VERB
que,SCONJ
nó,INTJ
;,PUNCT
allí,ADV
hubimos,VERB
lo,PRON
muy,ADV
bastante,ADV
que,SCONJ
comer,VERB
de,ADP
carne,NOUN
",",PUNCT
y,CCONJ
gallinas,NOUN
",",PUNCT
gansos,NOUN
",",PUNCT
venados,ADJ
",",PUNCT
ovejas,NOUN
",",PUNCT
avestruces,NOUN
",",PUNCT
papagayos,NOUN
",",PUNCT
conejillos,NOUN
.,PUNCT
Mas,PROPN
ahora,ADV
dejo,VERB
yo,PRON
de,ADP
lado,NOUN
lo,PRON
de,ADP
trigo,NOUN
turco,ADJ
(,PUNCT
maíz,NOUN
),PUNCT
y,CCONJ
otras,DET
raíces,NOUN
y,CCONJ
frutas,NOUN
[,NOUN
sin,ADP
mencionar,VERB
],INTJ
",",PUNCT
de,ADP
lo,PRON
que,PRON
hay,AUX
una,DET
superabundancia,NOUN
en,ADP
la,DET
tierra,NOUN
;,PUNCT
pero,CCONJ
agua,NOUN
no,ADV
hay,AUX
mucha,DET
",",PUNCT
casi,ADV
nada,PRON
de,ADP
plata,NOUN
y,CCONJ
oro,NOUN
;,PUNCT
así,ADV
que,SCONJ
de,ADP
eso,PRON
nada,PRON
preguntamos,VERB
tampoco,ADV
",",PUNCT
porque,SCONJ
las,DET
otras,DET
naciones,NOUN
que,PRON
más,ADV
adelante,ADV
estaban,VERB
por,ADP
esto,PRON
mismo,ADV
no,ADV
huyesen,VERB
.,PUNCT
Nos,PRON
quedamos,VERB
3,NUM
días,NOUN
enteros,ADJ
entre,ADP
estos,PRON
Payhonas,PROPN
;,PUNCT
allí,ADV
se,PRON
impuso,VERB
nuestro,DET
capitán,NOUN
por,ADP
ellos,PRON
de,ADP
la,DET
manera,NOUN
de,ADP
tierra,NOUN
que,PRON
era,AUX
;,PUNCT
y,CCONJ
de,ADP
los,DET
Thohanas,PROPN
hasta,ADP
ellos,PRON
hay,AUX
24,NUM
millas,NOUN
(,PUNCT
leguas,NOUN
),PUNCT
de,ADP
camino,NOUN
;,PUNCT
y,CCONJ
de,ADP
allí,ADV
salimos,VERB
y,CCONJ
llevamos,VERB
un,DET
«,PUNCT
lengua,NOUN
»,PUNCT
de,ADP
los,DET
Payhanas,PROPN
que,SCONJ
nos,PRON
mostrase,VERB
el,DET
camino,NOUN
",",PUNCT
porque,SCONJ
así,ADV
tuviésemos,VERB
agua,NOUN
que,PRON
beber,VERB
;,PUNCT
desde,ADP
que,SCONJ
hay,AUX
largos,ADJ
trechos,NOUN
en,ADP
esta,DET
tierra,NOUN
sin,ADP
agua,NOUN
.,PUNCT
"
",SPACE
Así,ADV
llegamos,VERB
nosotros,PRON
á,ADP
las,DET
4,NUM
millas,NOUN
(,PUNCT
leguas,NOUN
),PUNCT
á,ADP
una,DET
nación,NOUN
llamada,ADJ
de,ADP
los,DET
Maiehonas,PROPN
(,PUNCT
Mayecuna,PROPN
?,PUNCT
),PUNCT
donde,PRON
nos,PRON
quedamos,VERB
un,DET
día,NOUN
",",PUNCT
y,CCONJ
de,ADP
estos,PRON
volvimos,VERB
á,ADP
tomar,VERB
un,DET
«,PUNCT
lengua,NOUN
»,PUNCT
",",PUNCT
que,PRON
nos,PRON
mostrase,VERB
el,DET
camino,NOUN
;,PUNCT
estos,PRON
se,PRON
prestaron,VERB
y,CCONJ
nos,PRON
dieron,VERB
lo,PRON
que,PRON
necesitábamos,VERB
.,PUNCT
Desde,ADP
allí,ADV
marchamos,VERB
nosotros,PRON
8,NUM
millas,NOUN
(,PUNCT
leguas,NOUN
),PUNCT
y,CCONJ
llegamos,VERB
á,ADP
una,DET
nación,NOUN
llamada,ADJ
de,ADP
los,DET
Morronos,PROPN
;,PUNCT
es,AUX
una,DET
gran,ADJ
multitud,NOUN
de,ADP
gente,NOUN
;,PUNCT
nos,PRON
recibieron,VERB
muy,ADV
bien,ADV
;,PUNCT
quedamos,VERB
2,NUM
días,NOUN
enteros,ADJ
entre,ADP
ellos,PRON
y,CCONJ
tomamos,VERB
relación,NOUN
de,ADP
la,DET
tierra,NOUN
;,PUNCT
de,ADP
estos,PRON
también,ADV
sacamos,VERB
nosotros,PRON
un,DET
«,PUNCT
lengua,NOUN
»,PUNCT
",",PUNCT
que,SCONJ
nos,PRON
enseñase,VERB
el,DET
camino,NOUN
;,PUNCT
en,ADP
seguida,NOUN
marchamos,VERB
4,NUM
millas,NOUN
(,PUNCT
leguas,NOUN
),PUNCT
desde,ADP
allí,ADV
hasta,ADP
una,DET
pequeña,ADJ
nación,NOUN
llamada,ADJ
de,ADP
los,DET
Perronoss,PROPN
;,PUNCT
no,ADV
tienen,VERB
mucho,ADV
que,PRON
comer,VERB
;,PUNCT
son,AUX
fuertes,ADJ
de,ADP
unos,PRON
3,NUM
ó,CCONJ
4.000,NUM
hombres,NOUN
de,ADP
pelea,NOUN
;,PUNCT
quedamos,VERB
un,DET
día,NOUN
entre,ADP
ellos,PRON
.,PUNCT
"
",SPACE
De,ADP
allí,ADV
marchamos,VERB
nosotros,PRON
12,NUM
millas,NOUN
(,PUNCT
leguas,NOUN
),PUNCT
á,ADP
una,DET
nación,NOUN
llamada,ADJ
de,ADP
los,DET
Sunennos,PROPN
",",PUNCT
es,AUX
una,DET
gran,ADJ
multitud,NOUN
de,ADP
gente,NOUN
toda,DET
junta,NOUN
",",PUNCT
y,CCONJ
se,PRON
halla,VERB
sobre,ADP
un,DET
cerrillo,NOUN
alto,ADJ
;,PUNCT
el,DET
pueblo,NOUN
de,ADP
ellos,PRON
está,AUX
rodeado,ADJ
de,ADP
un,DET
bosque,NOUN
espinudo,ADJ
como,SCONJ
muro,NOUN
;,PUNCT
nos,PRON
recibieron,VERB
con,ADP
sus,DET
arcos,NOUN
y,CCONJ
flechas,NOUN
[,NOUN
y,CCONJ
nos,PRON
dieron,VERB
dardes,PROPN
(,PUNCT
dardos,NOUN
),PUNCT
],NOUN
de,ADP
comer,VERB
;,PUNCT
mas,ADV
no,ADV
las,PRON
tuvieron,VERB
mucho,DET
tiempo,NOUN
consigo,VERB
;,PUNCT
muy,ADV
pronto,ADV
tuvieron,VERB
que,SCONJ
abandonar,VERB
el,DET
pueblo,NOUN
",",PUNCT
pero,CCONJ
primero,ADV
lo,PRON
incendiaron,VERB
al,ADP
mismo,PRON
;,PUNCT
con,ADP
todo,PRON
hallamos,VERB
nosotros,PRON
bastante,ADV
que,SCONJ
comer,VERB
en,ADP
el,DET
bosque,NOUN
;,PUNCT
quedamos,VERB
allí,ADV
3,NUM
días,NOUN
y,CCONJ
los,PRON
buscamos,VERB
en,ADP
los,DET
bosques,NOUN
y,CCONJ
en,ADP
el,DET
campo,NOUN
.,PUNCT
" 

",SPACE
CAPÍTULO,PROPN
XLVI,PROPN
"
",SPACE
DE,ADP
LOS,DET
BORKENES,PROPN
",",PUNCT
LEICHONOS,PROPN
",",PUNCT
KHARCHKONOS,PROPN
",",PUNCT
SYEBERIS,PROPN
Y,CCONJ
PEYSSENNOS,PROPN
.,PUNCT
"

",SPACE
De,ADP
allí,ADV
marchamos,VERB
en,ADP
4,NUM
días,NOUN
24,NUM
millas,NOUN
(,PUNCT
leguas,NOUN
),PUNCT
y,CCONJ
llegamos,VERB
á,ADP
una,DET
nación,NOUN
llamada,ADJ
de,ADP
los,DET
Borkenes,PROPN
",",PUNCT
estos,PRON
no,ADV
esperaron,VERB
nuestra,DET
llegada,NOUN
",",PUNCT
sino,CCONJ
que,SCONJ
cuando,SCONJ
ya,ADV
estábamos,AUX
nosotros,PRON
muy,ADV
cerca,ADV
de,ADP
su,DET
pueblo,NOUN
",",PUNCT
con,ADP
tiempo,NOUN
emprendieron,VERB
la,DET
fuga,NOUN
",",PUNCT
mas,ADV
no,ADV
lograron,VERB
escapársenos,VERB
;,PUNCT
les,PRON
pedimos,VERB
",",PUNCT
pues,SCONJ
",",PUNCT
de,ADP
comer,VERB
",",PUNCT
y,CCONJ
nos,PRON
llevaron,VERB
allá,ADV
gallinas,NOUN
",",PUNCT
gansos,NOUN
",",PUNCT
ovejas,NOUN
",",PUNCT
avestruces,NOUN
y,CCONJ
venados,ADJ
",",PUNCT
también,ADV
lo,PRON
demás,PRON
que,PRON
habíamos,AUX
menester,NOUN
",",PUNCT
con,ADP
lo,PRON
que,PRON
quedamos,VERB
bien,ADV
satisfechos,ADJ
;,PUNCT
permanecimos,VERB
4,NUM
días,NOUN
enteros,ADJ
entre,ADP
ellos,PRON
y,CCONJ
tomamos,VERB
razón,NOUN
de,ADP
la,DET
tierra,NOUN
.,PUNCT
"
",SPACE
De,ADP
allí,ADV
marchamos,VERB
nosotros,PRON
3,NUM
días,NOUN
enteros,ADJ
",",PUNCT
12,NUM
millas,NOUN
(,PUNCT
leguas,NOUN
),PUNCT
hasta,ADP
una,DET
nación,NOUN
que,PRON
se,PRON
llama,VERB
de,ADP
los,DET
Leichonos,PROPN
.,PUNCT
Estos,PRON
no,ADV
tenían,VERB
mayor,ADJ
cosa,NOUN
de,ADP
comer,VERB
",",PUNCT
porque,SCONJ
la,DET
langosta,NOUN
les,PRON
había,AUX
devorado,VERB
el,DET
fruto,NOUN
.,PUNCT
Allí,ADV
no,ADV
quedamos,VERB
más,ADV
que,SCONJ
hasta,ADP
el,DET
otro,DET
día,NOUN
y,CCONJ
marchamos,VERB
de,ADP
allí,ADV
4,NUM
días,NOUN
de,ADP
viaje,NOUN
",",PUNCT
20,NUM
millas,NOUN
(,PUNCT
leguas,NOUN
),PUNCT
hasta,ADP
una,DET
nación,NOUN
llamada,ADJ
de,ADP
los,DET
Kharchkonos,PROPN
entre,ADP
ellos,PRON
también,ADV
había,AUX
habido,AUX
langosta,NOUN
",",PUNCT
mas,ADV
no,ADV
había,AUX
hecho,VERB
tanto,DET
daño,NOUN
como,SCONJ
en,ADP
otros,DET
lugares,NOUN
;,PUNCT
[,VERB
así,ADV
],NOUN
permanecimos,VERB
nosotros,PRON
sólo,ADV
un,DET
día,NOUN
entre,ADP
ellos,PRON
y,CCONJ
tomamos,VERB
razón,NOUN
de,ADP
la,DET
tierra,NOUN
",",PUNCT
y,CCONJ
nos,PRON
dijeron,VERB
ellos,PRON
",",PUNCT
que,PRON
en,ADP
30,NUM
millas,NOUN
(,PUNCT
leguas,NOUN
),PUNCT
no,ADV
hallaríamos,VERB
una,DET
gota,NOUN
de,ADP
agua,NOUN
hasta,ADP
dar,VERB
con,ADP
una,DET
nación,NOUN
llamada,ADJ
de,ADP
los,DET
Sieberis,PROPN
.,PUNCT
"
",SPACE
Así,ADV
tomamos,VERB
nosotros,PRON
2,NUM
Indios,PROPN
",",PUNCT
que,PRON
nos,PRON
mostrasen,VERB
el,DET
camino,NOUN
y,CCONJ
llegamos,VERB
en,ADP
6,NUM
días,NOUN
á,ADP
los,DET
Syeberís,PROPN
.,PUNCT
Pero,CCONJ
muchos,PRON
de,ADP
los,DET
nuestros,DET
murieron,VERB
de,ADP
sed,NOUN
",",PUNCT
y,CCONJ
eso,PRON
que,PRON
llevábamos,VERB
agua,NOUN
con,ADP
nosotros,PRON
sacada,ADJ
de,ADP
los,DET
dichos,ADJ
Karckonos,PROPN
para,ADP
el,DET
viaje,NOUN
.,PUNCT
También,ADV
encontramos,VERB
nosotros,PRON
en,ADP
este,DET
viaje,NOUN
",",PUNCT
y,CCONJ
en,ADP
algunos,DET
lugares,NOUN
",",PUNCT
una,DET
planta,NOUN
que,PRON
sale,VERB
de,ADP
la,DET
tierra,NOUN
",",PUNCT
tiene,VERB
hojas,NOUN
gruesas,ADJ
y,CCONJ
anchas,ADJ
",",PUNCT
llámase,VERB
Kardes,PROPN
;,PUNCT
y,CCONJ
eso,PRON
que,SCONJ
cuando,SCONJ
le,PRON
llueve,VERB
á,ADP
la,DET
planta,NOUN
ó,CCONJ
á,ADP
sus,DET
hojas,NOUN
",",PUNCT
se,PRON
conserva,VERB
el,DET
agua,NOUN
en,ADP
ellas,PRON
y,CCONJ
no,ADV
puede,AUX
salir,VERB
",",PUNCT
y,CCONJ
ni,CCONJ
consumirse,VERB
",",PUNCT
tal,NOUN
y,CCONJ
como,SCONJ
si,SCONJ
estuviese,VERB
en,ADP
una,DET
tinaja,NOUN
",",PUNCT
y,CCONJ
cabe,VERB
casi,ADV
una,DET
media,ADJ
medida,NOUN
de,ADP
agua,NOUN
adentro,ADV
en,ADP
estas,DET
plantas,NOUN
.,PUNCT
Así,ADV
llegamos,VERB
nosotros,PRON
á,ADP
las,DET
2,NUM
de,ADP
la,DET
mañana,NOUN
á,ADP
los,DET
dichos,ADJ
Syeberís,PROPN
",",PUNCT
que,PRON
se,PRON
preparaban,VERB
á,ADP
huir,VERB
de,ADP
allí,ADV
con,ADP
mujeres,NOUN
é,CCONJ
hijos,NOUN
;,PUNCT
mas,ADV
nuestro,DET
capitán,NOUN
les,PRON
hizo,VERB
anunciar,VERB
por,ADP
boca,NOUN
de,ADP
un,DET
intérpreteque,NOUN
se,PRON
dejasen,VERB
estar,VERB
en,ADP
sus,DET
casas,NOUN
en,ADP
paz,NOUN
y,CCONJ
toda,DET
seguridad,NOUN
",",PUNCT
y,CCONJ
que,SCONJ
no,ADV
había,AUX
por,ADP
qué,PRON
nos,PRON
recelasen,VERB
.,PUNCT
Estos,DET
Syeberís,PROPN
también,ADV
sufrían,VERB
gran,ADJ
escasez,NOUN
de,ADP
agua,NOUN
",",PUNCT
y,CCONJ
ni,CCONJ
tenían,VERB
otra,DET
cosa,NOUN
alguna,DET
que,PRON
beber,VERB
;,PUNCT
hacía,VERB
3,NUM
meses,NOUN
que,SCONJ
no,ADV
les,PRON
llovía,VERB
",",PUNCT
por,ADP
eso,PRON
se,PRON
hacían,VERB
una,DET
bebida,NOUN
de,ADP
una,DET
raíz,NOUN
llamada,ADJ
manndopoere,PROPN
(,PUNCT
mandioca,PROPN
),PUNCT
á,ADP
saber,VERB
",",PUNCT
se,PRON
toma,VERB
la,DET
dicha,ADJ
planta,NOUN
",",PUNCT
la,DET
machucan,PROPN
en,ADP
un,DET
mortero,NOUN
;,PUNCT
este,DET
jugo,NOUN
se,PRON
parece,VERB
á,ADP
una,DET
leche,NOUN
.,PUNCT
Pero,CCONJ
si,SCONJ
hay,AUX
agua,NOUN
",",PUNCT
entonces,ADV
se,PRON
puede,AUX
hacer,VERB
también,ADV
vino,VERB
con,ADP
ella,PRON
.,PUNCT
En,ADP
este,DET
pueblo,NOUN
solo,ADV
había,AUX
un,DET
manantial,NOUN
único,ADJ
",",PUNCT
y,CCONJ
había,AUX
que,SCONJ
ponerle,VERB
guardia,NOUN
",",PUNCT
para,ADP
que,SCONJ
se,PRON
mirase,VERB
por,ADP
el,DET
agua,NOUN
y,CCONJ
se,PRON
diese,VERB
cuenta,NOUN
y,CCONJ
razón,NOUN
de,ADP
ella,PRON
;,PUNCT
[,PROPN
también,ADV
tuvo,VERB
á,ADP
bien,ADV
el,DET
capitán,NOUN
encargarme,VERB
del,ADP
agua,NOUN
en,ADP
ese,DET
tiempo,NOUN
],NOUN
para,ADP
que,SCONJ
hasta,ADP
el,DET
agua,NOUN
se,PRON
arreglase,VERB
y,CCONJ
distribuyese,VERB
según,ADP
la,DET
medida,NOUN
impuesta,ADJ
por,ADP
el,DET
capitán,NOUN
en,ADP
aquel,DET
momento,NOUN
y,CCONJ
para,ADP
este,DET
fin,NOUN
.,PUNCT
Porque,SCONJ
grande,ADJ
era,AUX
la,DET
escasez,NOUN
de,ADP
agua,NOUN
",",PUNCT
al,ADP
grado,NOUN
que,PRON
nadie,PRON
averiguaba,VERB
ni,ADV
de,ADP
oro,NOUN
",",PUNCT
ni,CCONJ
de,ADP
plata,NOUN
",",PUNCT
de,ADP
comer,VERB
ni,CCONJ
de,ADP
otra,DET
cosa,NOUN
alguna,DET
",",PUNCT
sino,CCONJ
sólo,ADV
de,ADP
agua,NOUN
.,PUNCT
Así,ADV
me,PRON
gané,VERB
en,ADP
esta,DET
vez,NOUN
entre,ADP
nobles,NOUN
y,CCONJ
plebeyos,ADJ
",",PUNCT
[,PRON
y,CCONJ
],NOUN
de,ADP
todos,PRON
en,ADP
general,NOUN
",",PUNCT
la,DET
buena,ADJ
voluntad,NOUN
y,CCONJ
favor,NOUN
",",PUNCT
porque,SCONJ
no,ADV
les,PRON
mezquinaba,VERB
en,ADP
esa,DET
ocasión,NOUN
;,PUNCT
al,ADP
propio,DET
tiempo,NOUN
tuve,VERB
buen,ADJ
cuidado,NOUN
",",PUNCT
que,PRON
á,ADP
mí,PRON
tampoco,ADV
me,PRON
faltase,VERB
agua,NOUN
.,PUNCT
En,ADP
todo,DET
el,DET
ancho,NOUN
y,CCONJ
largo,NOUN
de,ADP
esta,DET
tierra,NOUN
no,ADV
se,PRON
encuentra,VERB
más,ADV
agua,NOUN
que,SCONJ
la,DET
que,PRON
proporcionan,VERB
las,DET
represas,NOUN
.,PUNCT
Más,ADV
",",PUNCT
los,DET
Syeberís,PROPN
hacen,VERB
la,DET
guerra,NOUN
á,ADP
otros,DET
Indios,PROPN
por,ADP
interés,NOUN
del,ADP
agua,NOUN
.,PUNCT
"
",SPACE
Con,ADP
esta,DET
nación,NOUN
nos,PRON
quedamos,VERB
4,NUM
días,NOUN
",",PUNCT
porque,SCONJ
nosotros,PRON
no,ADV
sabíamos,VERB
lo,PRON
que,PRON
deberíamos,AUX
hacer,VERB
",",PUNCT
sí,INTJ
teníamos,VERB
que,SCONJ
marchar,VERB
para,ADP
atrás,ADV
ó,CCONJ
para,ADP
adelante,ADV
;,PUNCT
entonces,ADV
tiramos,VERB
á,ADP
la,DET
suerte,NOUN
sobre,ADP
los,DET
dos,NUM
caminos,NOUN
",",PUNCT
por,ADP
saber,AUX
si,SCONJ
habíamos,AUX
de,ADP
marchar,VERB
para,ADP
atrás,ADV
ó,CCONJ
para,ADP
adelante,ADV
;,PUNCT
y,CCONJ
fué,AUX
que,SCONJ
tocó,VERB
la,DET
suerte,NOUN
de,ADP
marchar,VERB
adelante,ADV
.,PUNCT
A,ADP
esto,PRON
nuestro,DET
capitán,NOUN
pidió,VERB
á,ADP
los,DET
Syeberís,PROPN
informe,NOUN
de,ADP
la,DET
tierra,NOUN
y,CCONJ
razón,NOUN
de,ADP
toda,DET
ella,PRON
;,PUNCT
entonces,ADV
contestaron,VERB
ellos,PRON
",",PUNCT
que,PRON
teníamos,VERB
que,SCONJ
marchar,VERB
6,NUM
días,NOUN
hasta,ADP
llegar,VERB
á,ADP
una,DET
nación,NOUN
llamada,ADJ
Peysennes,PROPN
y,CCONJ
que,SCONJ
en,ADP
el,DET
camino,NOUN
encontraríamos,VERB
que,SCONJ
beber,VERB
de,ADP
2,NUM
arroyuelos,NOUN
y,CCONJ
de,ADP
los,DET
antedichos,ADJ
Kardes,PROPN
.,PUNCT
"
",SPACE
Así,ADV
pues,SCONJ
nos,PRON
preparamos,VERB
para,ADP
la,DET
marcha,NOUN
y,CCONJ
nos,PRON
llevamos,VERB
algunos,PRON
Syeberís,PROPN
para,ADP
que,SCONJ
nos,PRON
mostrasen,VERB
el,DET
camino,NOUN
.,PUNCT
Mas,CCONJ
cuando,SCONJ
hubimos,VERB
llegado,VERB
á,ADP
los,DET
3,NUM
días,NOUN
de,ADP
camino,NOUN
del,ADP
pueblo,NOUN
de,ADP
ellos,PRON
",",PUNCT
huyeron,VERB
los,DET
dichos,ADJ
Syeberís,PROPN
esa,DET
noche,NOUN
de,ADP
allí,ADV
",",PUNCT
así,ADV
que,SCONJ
no,ADV
los,PRON
vimos,VERB
más,ADV
;,PUNCT
de,ADP
suerte,NOUN
que,SCONJ
nosotros,PRON
mismos,PRON
tuvimos,VERB
que,SCONJ
dar,VERB
con,ADP
el,DET
camino,NOUN
y,CCONJ
llegamos,VERB
después,ADV
de,ADP
todo,PRON
á,ADP
los,DET
Peyssennos,PROPN
",",PUNCT
que,PRON
se,PRON
prepararon,VERB
á,ADP
la,DET
defensa,NOUN
y,CCONJ
no,ADV
quisieron,VERB
ser,AUX
nuestros,DET
amigos,NOUN
",",PUNCT
pero,CCONJ
poco,ADV
fué,AUX
lo,PRON
que,PRON
nos,PRON
sacaron,VERB
",",PUNCT
antes,ADV
bien,ADV
",",PUNCT
con,ADP
el,DET
favor,NOUN
de,ADP
Dios,PROPN
los,PRON
vencimos,VERB
y,CCONJ
les,PRON
conquistamos,VERB
el,DET
pueblo,NOUN
y,CCONJ
ellos,PRON
se,PRON
dieron,VERB
á,ADP
la,DET
fuga,NOUN
;,PUNCT
no,PART
obstante,NOUN
nosotros,PRON
hicimos,VERB
algunos,DET
prisioneros,NOUN
en,ADP
esta,DET
escaramuza,NOUN
",",PUNCT
que,PRON
nos,PRON
contaron,VERB
como,SCONJ
habían,AUX
tenido,VERB
en,ADP
su,DET
pueblo,NOUN
á,ADP
3,NUM
Españoles,PROPN
",",PUNCT
de,ADP
los,DET
que,PRON
uno,PRON
",",PUNCT
con,ADP
el,DET
nombre,NOUN
de,ADP
Jehronimus,PROPN
(,PUNCT
Gerónimo,PROPN
),PUNCT
",",PUNCT
había,AUX
sido,AUX
trompa,NOUN
de,ADP
thonn,PROPN
(,PUNCT
don,NOUN
),PUNCT
Piettro,PROPN
Manthossa,PROPN
",",PUNCT
los,DET
cuales,PRON
3,NUM
Españoles,PROPN
había,AUX
dejado,VERB
Jann,PROPN
Eyollas,PROPN
(,PUNCT
Ayolas,PROPN
),PUNCT
enfermos,NOUN
entre,ADP
los,DET
Peyssennes,PROPN
de,ADP
lo,PRON
que,PRON
se,PRON
trató,VERB
ya,ADV
en,ADP
la,DET
foja,NOUN
[,NOUN
22,NUM
],NOUN
",",PUNCT
en,ADP
el,DET
tiempo,NOUN
que,SCONJ
Jann,PROPN
Eyollas,PROPN
(,PUNCT
Ayolas,PROPN
),PUNCT
marchó,VERB
de,ADP
regreso,NOUN
de,ADP
esta,DET
nación,NOUN
;,PUNCT
á,ADP
estos,DET
3,NUM
Españoles,NOUN
los,PRON
habían,AUX
asesinado,VERB
los,DET
Peysennos,PROPN
4,NUM
días,NOUN
antes,ADV
de,ADP
nuestra,DET
llegada,NOUN
",",PUNCT
es,NOUN
decir,NOUN
",",PUNCT
después,ADV
que,SCONJ
se,PRON
anoticiaron,VERB
de,ADP
nuestro,DET
arribo,NOUN
por,ADP
los,DET
Syeberis,PROPN
;,PUNCT
por,ADP
lo,PRON
que,PRON
más,ADV
tarde,ADV
recibieron,VERB
buen,ADJ
escarmiento,NOUN
á,ADP
manos,NOUN
nuestras,DET
.,PUNCT
Así,ADV
nos,PRON
acampamos,VERB
14,NUM
días,NOUN
enteros,ADJ
en,ADP
el,DET
pueblo,NOUN
de,ADP
ellos,PRON
",",PUNCT
y,CCONJ
los,PRON
buscamos,VERB
y,CCONJ
hallamos,VERB
todos,PRON
juntos,ADJ
cerca,ADV
de,ADP
un,DET
bosque,NOUN
",",PUNCT
pero,CCONJ
no,ADV
á,ADP
todos,PRON
;,PUNCT
á,ADP
aquellos,PRON
los,PRON
matamos,VERB
y,CCONJ
tomamos,VERB
prisioneros,NOUN
;,PUNCT
ellos,PRON
nos,PRON
avisaron,VERB
de,ADP
todas,DET
las,DET
ventajas,NOUN
de,ADP
la,DET
tierra,NOUN
",",PUNCT
sobre,ADP
la,DET
que,PRON
nuestro,DET
capitán,NOUN
sacó,VERB
muchas,DET
cosas,NOUN
de,ADP
la,DET
relación,NOUN
de,ADP
ellos,PRON
",",PUNCT
y,CCONJ
nos,PRON
dieron,VERB
una,DET
buena,ADJ
noticia,NOUN
",",PUNCT
á,ADP
saber,NOUN
",",PUNCT
que,SCONJ
nos,PRON
faltaban,VERB
4,NUM
días,NOUN
de,ADP
camino,NOUN
ó,CCONJ
1[6,NUM
],NOUN
millas,NOUN
(,PUNCT
leguas,NOUN
),PUNCT
de,ADP
camino,NOUN
para,ADP
llegar,VERB
á,ADP
una,DET
nación,NOUN
llamada,ADJ
Maigenos,PROPN
.,PUNCT
"

",SPACE
CAPÍTULO,PROPN
XLVII,PROPN
"
",SPACE
DE,ADP
LOS,DET
MAYGENNOS,PROPN
Y,CCONJ
KARCKHOKÍES,PROPN
Y,CCONJ
DE,ADP
LAS,DET
SALINAS,PROPN
"

",SPACE
Después,ADV
de,ADP
esto,PRON
marchamos,VERB
nosotros,PRON
á,ADP
los,DET
Maygennos,PROPN
y,CCONJ
llegamos,VERB
á,ADP
su,DET
pueblo,NOUN
;,PUNCT
que,SCONJ
se,PRON
dispusieron,VERB
á,ADP
la,DET
defensa,NOUN
y,CCONJ
no,ADV
quisieron,VERB
ser,AUX
nuestros,DET
amigos,NOUN
.,PUNCT
El,DET
pueblo,NOUN
de,ADP
ellos,PRON
se,PRON
hallaba,VERB
sobre,ADP
un,DET
cerrillo,NOUN
que,PRON
estaba,AUX
rodeado,ADJ
por,ADP
cerco,NOUN
de,ADP
espinas,NOUN
",",PUNCT
muy,ADV
tupido,ADJ
y,CCONJ
ancho,ADJ
y,CCONJ
tan,ADV
alto,ADJ
que,PRON
se,PRON
necesitaba,VERB
un,DET
hombre,NOUN
con,ADP
un,DET
espadín,NOUN
para,ADP
que,SCONJ
alcance,VERB
á,ADP
la,DET
cima,NOUN
.,PUNCT
Eso,PRON
que,SCONJ
nosotros,PRON
los,DET
Cristianos,PROPN
junto,ADJ
con,ADP
nuestros,DET
Caríos,PROPN
atacamos,VERB
á,ADP
este,DET
pueblo,NOUN
por,ADP
los,DET
dos,NUM
costados,NOUN
",",PUNCT
ellos,PRON
",",PUNCT
los,DET
Maygennos,PROPN
",",PUNCT
nos,PRON
mataron,VERB
12,NUM
Cristianos,PROPN
junto,ADJ
con,ADP
algunos,DET
otros,PRON
de,ADP
los,DET
Caríos,PROPN
nuestros,DET
que,SCONJ
ellos,PRON
voltearon,VERB
en,ADP
la,DET
escaramuza,NOUN
",",PUNCT
antes,ADV
que,SCONJ
nosotros,PRON
ganamos,VERB
el,DET
pueblo,NOUN
;,PUNCT
cuando,SCONJ
ya,ADV
vieron,VERB
que,SCONJ
nosotros,PRON
estábamos,AUX
bien,ADV
adentro,ADV
de,ADP
su,DET
pueblo,NOUN
",",PUNCT
ellos,PRON
mismos,PRON
lo,PRON
incendiaron,VERB
y,CCONJ
á,ADP
toda,NOUN
prisa,NOUN
dispararon,VERB
;,PUNCT
allí,ADV
tuvieron,VERB
que,SCONJ
dejar,VERB
á,ADP
algunos,PRON
",",PUNCT
como,SCONJ
es,AUX
de,ADP
suponer,VERB
.,PUNCT
"

",SPACE
Después,ADV
que,SCONJ
ya,ADV
todo,DET
esto,PRON
se,PRON
había,AUX
concluido,VERB
",",PUNCT
á,ADP
los,DET
3,NUM
días,NOUN
",",PUNCT
los,DET
Caríos,PROPN
se,PRON
mandaron,VERB
mudar,VERB
con,ADP
tanto,DET
sigilo,NOUN
que,PRON
nosotros,PRON
no,ADV
nos,PRON
apercibimos,VERB
de,ADP
ello,PRON
",",PUNCT
y,CCONJ
alzaron,VERB
sus,DET
arcos,NOUN
y,CCONJ
flechas,NOUN
",",PUNCT
marcharon,VERB
unas,PRON
2,NUM
ó,CCONJ
3,NUM
millas,NOUN
(,PUNCT
leguas,NOUN
),PUNCT
de,ADP
nuestro,DET
real,NOUN
",",PUNCT
alcanzaron,VERB
á,ADP
los,DET
fugitivos,ADJ
Maygennos,PROPN
",",PUNCT
pelearon,VERB
estas,DET
2,NUM
naciones,NOUN
una,PRON
con,ADP
otra,PRON
allí,ADV
con,ADP
tal,DET
encarnizamiento,NOUN
que,SCONJ
de,ADP
los,DET
Caríos,PROPN
perecieron,VERB
más,ADV
de,ADP
300,NUM
hombres,NOUN
",",PUNCT
y,CCONJ
de,ADP
los,DET
Meygennos,PROPN
",",PUNCT
sus,DET
enemigos,NOUN
",",PUNCT
innumerables,ADJ
personas,NOUN
",",PUNCT
como,SCONJ
para,ADP
no,ADV
escribirlo,VERB
;,PUNCT
eran,AUX
ellos,PRON
tantos,NOUN
que,PRON
llenaban,VERB
una,DET
milla,NOUN
(,PUNCT
legua,NOUN
),PUNCT
entera,ADJ
de,ADP
camino,NOUN
.,PUNCT
Entonces,ADV
nuestros,DET
Caríos,PROPN
enviaron,VERB
un,DET
correo,NOUN
á,ADP
nuestro,DET
capitán,NOUN
en,ADP
el,DET
pueblo,NOUN
y,CCONJ
pidieron,VERB
y,CCONJ
suplicaron,VERB
que,SCONJ
fuésemos,VERB
en,ADP
su,DET
ayuda,NOUN
",",PUNCT
que,SCONJ
ellos,PRON
estaban,AUX
acampados,ADJ
en,ADP
un,DET
bosque,NOUN
",",PUNCT
que,PRON
no,ADV
podían,AUX
moverse,VERB
ni,CCONJ
para,ADP
atrás,ADV
ni,CCONJ
para,ADP
adelante,ADV
",",PUNCT
y,CCONJ
también,ADV
que,SCONJ
estaban,AUX
rodeados,ADJ
por,ADP
los,DET
Maygennos,PROPN
.,PUNCT
"
",SPACE
Cuando,SCONJ
nuestro,DET
capitán,NOUN
esto,PRON
supo,VERB
no,ADV
perdió,VERB
un,DET
momento,NOUN
é,CCONJ
hizo,VERB
reunir,VERB
los,DET
caballos,NOUN
y,CCONJ
150,NUM
Cristianos,PROPN
y,CCONJ
1.000,NUM
Caríos,PROPN
de,ADP
los,DET
nuestros,DET
;,PUNCT
el,DET
resto,NOUN
de,ADP
la,DET
gente,NOUN
tenía,VERB
que,SCONJ
quedarse,VERB
en,ADP
el,DET
real,NOUN
y,CCONJ
defenderlo,VERB
",",PUNCT
porque,SCONJ
los,DET
Maygennos,PROPN
nuestros,DET
enemigos,NOUN
no,ADV
lo,PRON
sorprendiesen,VERB
durante,ADP
nuestra,DET
ausencia,NOUN
;,PUNCT
en,ADP
seguida,NOUN
marchamos,VERB
con,ADP
los,DET
dichos,ADJ
caballos,NOUN
",",PUNCT
150,NUM
Cristianos,PROPN
y,CCONJ
1.000,NUM
Caríos,PROPN
ó,CCONJ
Indios,PROPN
en,ADP
auxilio,NOUN
de,ADP
los,DET
susodichos,ADJ
Caríos,PROPN
nuestros,DET
.,PUNCT
Después,ADV
que,SCONJ
los,DET
Maygennos,PROPN
nos,PRON
vieron,VERB
y,CCONJ
observaron,VERB
",",PUNCT
abandonaron,VERB
ellos,PRON
su,DET
real,NOUN
y,CCONJ
huyeron,VERB
á,ADP
prisa,NOUN
de,ADP
allí,ADV
;,PUNCT
nosotros,PRON
también,ADV
los,PRON
perseguimos,VERB
",",PUNCT
pero,CCONJ
sin,ADP
poderlos,NOUN
alcanzar,VERB
.,PUNCT
Mas,CCONJ
como,SCONJ
les,PRON
fué,AUX
al,ADP
fin,NOUN
y,CCONJ
al,ADP
cabo,NOUN
",",PUNCT
[,AUX
eso,PRON
que,SCONJ
],PROPN
marchábamos,VERB
de,ADP
regreso,NOUN
á,ADP
nuestra,DET
ciudad,NOUN
",",PUNCT
de,ADP
donde,PRON
habíamos,AUX
salido,VERB
",",PUNCT
será,AUX
asunto,NOUN
para,ADP
después,ADV
.,PUNCT
Así,ADV
pues,SCONJ
llegamos,VERB
á,ADP
los,DET
Caríos,PROPN
y,CCONJ
dimos,VERB
con,ADP
muchos,DET
muertos,NOUN
de,ADP
ellos,PRON
y,CCONJ
de,ADP
los,DET
enemigos,NOUN
Maygennos,PROPN
",",PUNCT
cosa,NOUN
que,PRON
nos,PRON
causó,VERB
admiración,NOUN
;,PUNCT
pero,CCONJ
nuestros,DET
amigos,NOUN
los,DET
Caríos,PROPN
",",PUNCT
que,PRON
aun,ADV
quedaban,VERB
con,ADP
vida,NOUN
",",PUNCT
se,PRON
alegraron,VERB
mucho,ADV
porque,SCONJ
habíamos,AUX
llegado,VERB
nosotros,PRON
para,ADP
ayudarlos,VERB
.,PUNCT
Después,ADV
marchamos,VERB
juntos,ADJ
con,ADP
ellos,PRON
de,ADP
regreso,NOUN
á,ADP
nuestro,DET
real,NOUN
y,CCONJ
nos,PRON
quedamos,VERB
allí,ADV
4,NUM
días,NOUN
largos,ADJ
",",PUNCT
y,CCONJ
teníamos,VERB
en,ADP
este,DET
pueblo,NOUN
de,ADP
los,DET
Maygennos,PROPN
abundancia,NOUN
de,ADP
comida,NOUN
y,CCONJ
todo,DET
lo,PRON
necesario,ADJ
.,PUNCT
"
",SPACE
Allí,ADV
nos,PRON
pareció,VERB
bien,ADV
á,ADP
todos,PRON
juntos,ADJ
llevar,VERB
á,ADP
cabo,NOUN
nuestro,DET
proyectado,ADJ
viaje,NOUN
",",PUNCT
ya,ADV
que,SCONJ
se,PRON
nos,PRON
proporcionaba,VERB
la,DET
ocasión,NOUN
de,ADP
experimentar,VERB
cómo,PRON
era,AUX
la,DET
tierra,NOUN
",",PUNCT
por,ADP
eso,PRON
también,ADV
nos,PRON
pusimos,VERB
en,ADP
camino,NOUN
y,CCONJ
marchamos,VERB
13,NUM
días,NOUN
largos,ADJ
",",PUNCT
hay,AUX
más,ADV
ó,CCONJ
menos,ADV
á,ADP
nuestro,DET
juicio,NOUN
72,NUM
millas,NOUN
(,PUNCT
leguas,NOUN
),PUNCT
á,ADP
una,DET
nación,NOUN
llamada,ADJ
Karckhokies,PROPN
",",PUNCT
y,CCONJ
cuando,SCONJ
estábamos,AUX
en,ADP
los,DET
primeros,ADJ
9,NUM
días,NOUN
de,ADP
este,DET
viaje,NOUN
llegamos,VERB
á,ADP
una,DET
tierra,NOUN
que,PRON
tenía,VERB
de,ADP
largo,ADJ
y,CCONJ
de,ADP
ancho,NOUN
6,NUM
millas,NOUN
(,PUNCT
leguas,NOUN
),PUNCT
de,ADP
camino,NOUN
",",PUNCT
en,ADP
que,SCONJ
no,ADV
había,AUX
otra,DET
cosa,NOUN
que,PRON
pura,ADJ
sal,NOUN
de,ADP
buena,ADJ
calidad,NOUN
",",PUNCT
tan,ADV
gruesa,ADJ
que,PRON
parece,VERB
que,SCONJ
hubiese,AUX
nevado,VERB
;,PUNCT
la,DET
tal,DET
sal,NOUN
se,PRON
conserva,VERB
invierno,NOUN
y,CCONJ
verano,NOUN
.,PUNCT
"
",SPACE
En,ADP
esta,DET
tierra,NOUN
de,ADP
salinas,NOUN
permanecimos,VERB
2,NUM
días,NOUN
de,ADP
tiempo,NOUN
",",PUNCT
porque,SCONJ
no,ADV
sabíamos,VERB
por,ADP
donde,PRON
salir,VERB
ni,CCONJ
por,ADP
qué,PRON
camino,NOUN
tomar,VERB
para,ADP
acabar,VERB
con,ADP
nuestro,DET
ya,ADV
emprendido,ADJ
viaje,NOUN
.,PUNCT
Aquí,ADV
nos,PRON
favoreció,VERB
Dios,PROPN
el,DET
Todopoderoso,PROPN
",",PUNCT
así,ADV
que,SCONJ
tomamos,VERB
el,DET
buen,ADJ
camino,NOUN
y,CCONJ
llegamos,VERB
",",PUNCT
pasados,ADJ
4,NUM
días,NOUN
de,ADP
viaje,NOUN
",",PUNCT
á,ADP
los,DET
Kharckhokies,PROPN
;,PUNCT
y,CCONJ
cuando,SCONJ
nosotros,PRON
estábamos,AUX
como,SCONJ
á,ADP
4,NUM
millas,NOUN
(,PUNCT
leguas,NOUN
),PUNCT
del,ADP
propio,DET
pueblo,NOUN
",",PUNCT
mandó,VERB
allá,ADV
50,NUM
Cristianos,PROPN
y,CCONJ
500,NUM
Caríos,PROPN
",",PUNCT
para,ADP
que,SCONJ
preparasen,VERB
losament,PROPN
(,PUNCT
alojamiento,NOUN
),PUNCT
.,PUNCT
Después,ADV
que,SCONJ
nosotros,PRON
ya,ADV
habíamos,AUX
entrado,VERB
en,ADP
el,DET
pueblo,NOUN
",",PUNCT
encontramos,VERB
allí,ADV
una,DET
gran,ADJ
nación,NOUN
reunida,ADJ
",",PUNCT
como,SCONJ
no,ADV
habíamos,AUX
visto,VERB
otra,DET
igual,ADJ
en,ADP
este,DET
viaje,NOUN
",",PUNCT
por,ADP
lo,PRON
que,PRON
nos,PRON
pusimos,VERB
en,ADP
bastante,DET
cuidado,NOUN
.,PUNCT
Pero,CCONJ
en,ADP
este,DET
apuro,NOUN
hicimos,VERB
que,SCONJ
uno,PRON
de,ADP
los,DET
nuestros,DET
volviese,VERB
atrás,ADV
é,CCONJ
hicimos,VERB
saber,VERB
al,ADP
capitán,NOUN
el,DET
lance,NOUN
que,PRON
nos,PRON
esperaba,VERB
para,ADP
que,SCONJ
viniese,VERB
á,ADP
socorrernos,VERB
lo,PRON
más,ADV
pronto,ADV
posible,ADJ
;,PUNCT
y,CCONJ
tan,NOUN
luego,ADV
como,SCONJ
nuestro,DET
capitán,NOUN
recibió,VERB
el,DET
tal,DET
mensaje,NOUN
",",PUNCT
se,PRON
apareció,VERB
esa,DET
misma,DET
noche,NOUN
con,ADP
toda,DET
la,DET
gente,NOUN
y,CCONJ
esa,DET
mañana,NOUN
entre,ADP
3,NUM
y,CCONJ
4,NUM
estaba,AUX
ya,ADV
con,ADP
nosotros,PRON
.,PUNCT
Mas,PROPN
los,DET
Karkhokhies,PROPN
ignoraban,VERB
que,SCONJ
tenían,VERB
que,SCONJ
habérselas,VERB
con,ADP
más,ADV
gente,NOUN
que,SCONJ
nosotros,PRON
los,DET
de,ADP
antes,ADV
",",PUNCT
y,CCONJ
así,ADV
no,ADV
pensaban,VERB
en,ADP
otra,DET
cosa,NOUN
que,SCONJ
en,ADP
la,DET
derrota,NOUN
segura,ADJ
que,PRON
nos,PRON
esperaba,VERB
.,PUNCT
Pero,CCONJ
después,ADV
que,SCONJ
ellos,PRON
comprendieron,VERB
y,CCONJ
vieron,VERB
que,SCONJ
nuestro,DET
capitán,NOUN
había,AUX
llegado,VERB
con,ADP
más,ADV
gente,NOUN
allí,ADV
",",PUNCT
quedaron,VERB
muy,ADV
pesarosos,ADJ
",",PUNCT
en,ADP
seguida,NOUN
nos,PRON
manifestaron,VERB
su,DET
buena,ADJ
voluntad,NOUN
y,CCONJ
pacífica,ADJ
intención,NOUN
en,ADP
todo,PRON
",",PUNCT
porque,SCONJ
otra,DET
cosa,NOUN
ya,ADV
no,ADV
podían,AUX
hacer,VERB
",",PUNCT
sin,ADP
exponer,VERB
á,ADP
sus,DET
mujeres,NOUN
",",PUNCT
é,CCONJ
hijos,NOUN
y,CCONJ
á,ADP
su,DET
pueblo,NOUN
;,PUNCT
mientras,CCONJ
tanto,NOUN
nos,PRON
traían,VERB
carne,NOUN
de,ADP
venados,NOUN
",",PUNCT
gansos,NOUN
",",PUNCT
gallinas,NOUN
",",PUNCT
ovejas,NOUN
(,PUNCT
guanacos,NOUN
),PUNCT
avestruces,PROPN
ennden,ADJ
(,PUNCT
antas,NOUN
),PUNCT
",",PUNCT
conejillos,NOUN
y,CCONJ
más,ADV
otras,DET
piezas,NOUN
de,ADP
campo,NOUN
y,CCONJ
aves,NOUN
",",PUNCT
de,ADP
que,SCONJ
había,AUX
gran,ADJ
abundancia,NOUN
en,ADP
la,DET
tierra,NOUN
.,PUNCT
"
",SPACE
Ellos,PRON
los,DET
Indios,PROPN
se,PRON
ponen,VERB
una,DET
piedra,NOUN
redonda,ADJ
y,CCONJ
azul,ADJ
del,ADP
tamaño,NOUN
de,ADP
una,DET
dama,NOUN
en,ADP
los,DET
labios,NOUN
.,PUNCT
Sus,DET
defensas,NOUN
ó,CCONJ
armas,NOUN
son,AUX
dardes,PROPN
(,PUNCT
dardos,NOUN
),PUNCT
",",PUNCT
arcos,NOUN
y,CCONJ
flechas,NOUN
",",PUNCT
y,CCONJ
más,ADV
",",PUNCT
paveses,NOUN
hechos,ADJ
de,ADP
annda,NOUN
(,PUNCT
anta,NOUN
),PUNCT
ó,CCONJ
sean,AUX
rodelas,NOUN
.,PUNCT
Pero,CCONJ
sus,DET
mujeres,NOUN
tienen,VERB
un,DET
canutillo,NOUN
asegurado,ADJ
á,ADP
los,DET
labios,NOUN
en,ADP
el,DET
que,PRON
meten,VERB
ellas,PRON
una,DET
piedra,NOUN
verde,ADJ
ó,CCONJ
gris,ADJ
.,PUNCT
También,ADV
visten,VERB
un,DET
dipoe,PROPN
(,PUNCT
tipoy,NOUN
),PUNCT
",",PUNCT
que,PRON
se,PRON
teje,VERB
de,ADP
algodón,NOUN
",",PUNCT
del,ADP
tamaño,NOUN
de,ADP
una,DET
camisa,NOUN
",",PUNCT
pero,CCONJ
no,ADV
tiene,VERB
mangas,NOUN
;,PUNCT
y,CCONJ
son,AUX
mujeres,NOUN
hermosas,ADJ
",",PUNCT
porque,SCONJ
no,ADV
hacen,VERB
otra,DET
cosa,NOUN
que,SCONJ
coser,VERB
y,CCONJ
cuidar,VERB
la,DET
casa,NOUN
;,PUNCT
el,DET
hombre,NOUN
tiene,VERB
que,SCONJ
trabajar,VERB
en,ADP
el,DET
campo,NOUN
y,CCONJ
procurar,VERB
todo,DET
lo,PRON
necesario,ADJ
.,PUNCT
"

",SPACE
CAPÍTULO,PROPN
XLVIII,PROPN
"
",SPACE
DE,ADP
LOS,DET
MACHKAISÍES,PROPN
Y,CCONJ
LLEGADA,NOUN
AL,ADP
PERÚ,PROPN
"
",SPACE
De,ADP
allí,ADV
marchamos,VERB
nosotros,PRON
á,ADP
los,DET
dichos,ADJ
Machkaisies,PROPN
y,CCONJ
nos,PRON
llevamos,VERB
algunos,PRON
de,ADP
los,DET
Korchkaykies,PROPN
para,ADP
que,SCONJ
nos,PRON
mostrasen,VERB
el,DET
camino,NOUN
;,PUNCT
y,CCONJ
cuando,SCONJ
estábamos,AUX
á,ADP
3,NUM
días,NOUN
de,ADP
viaje,NOUN
de,ADP
este,DET
pueblo,NOUN
",",PUNCT
de,ADP
allí,ADV
los,DET
dichos,ADJ
Karchkokies,PROPN
nos,PRON
dejaron,VERB
callados,ADJ
",",PUNCT
no,ADV
por,ADP
esto,PRON
dejamos,VERB
de,ADP
viajar,VERB
y,CCONJ
llegamos,VERB
á,ADP
un,DET
agua,NOUN
corriente,ADJ
llamada,ADJ
Machkaysies,PROPN
",",PUNCT
que,PRON
tiene,VERB
milla,PROPN
(,PUNCT
legua,NOUN
),PUNCT
y,CCONJ
media,NUM
de,ADP
ancho,NOUN
",",PUNCT
y,CCONJ
cuando,SCONJ
llegamos,VERB
allá,ADV
no,ADV
dábamos,VERB
nosotros,PRON
con,ADP
un,DET
vado,NOUN
seguro,ADJ
para,ADP
pasarlo,VERB
;,PUNCT
así,ADV
pues,SCONJ
",",PUNCT
Dios,PROPN
",",PUNCT
nuestro,DET
Señor,INTJ
",",PUNCT
nos,PRON
concedió,VERB
su,DET
Divino,ADJ
favor,PROPN
",",PUNCT
mediante,ADP
el,DET
cual,PRON
logramos,VERB
pasar,VERB
esta,DET
agua,NOUN
",",PUNCT
es,NOUN
decir,NOUN
",",PUNCT
en,ADP
la,DET
forma,NOUN
que,PRON
sigue,VERB
:,PUNCT
hicimos,VERB
unas,DET
pequeñas,ADJ
balsas,NOUN
para,ADP
cada,DET
2,NUM
",",PUNCT
de,ADP
palos,NOUN
y,CCONJ
ramas,NOUN
",",PUNCT
y,CCONJ
nos,PRON
dejamos,VERB
llevar,VERB
aguas,NOUN
abajo,ADV
",",PUNCT
esto,PRON
mediante,ADP
llegamos,VERB
á,ADP
la,DET
banda,NOUN
del,ADP
agua,NOUN
;,PUNCT
y,CCONJ
en,ADP
el,DET
pasaje,NOUN
este,DET
se,PRON
ahogaron,VERB
de,ADP
la,DET
gente,NOUN
nuestra,DET
4,NUM
personas,NOUN
de,ADP
una,PRON
de,ADP
las,DET
balsas,NOUN
.,PUNCT
¡,PUNCT
Dios,PROPN
nos,PRON
favorezca,VERB
[,NOUN
á,ADP
ellos,PRON
y,CCONJ
],NOUN
á,ADP
nosotros,PRON
!,PUNCT
Esta,DET
agua,NOUN
da,VERB
buen,ADJ
pescado,NOUN
",",PUNCT
iten,VERB
fieras,NOUN
como,SCONJ
tigres,NOUN
muchas,PRON
",",PUNCT
y,CCONJ
está,AUX
á,ADP
no,ADV
más,ADV
de,ADP
4,NUM
millas,NOUN
(,PUNCT
leguas,NOUN
),PUNCT
de,ADP
camino,NOUN
de,ADP
los,DET
Machkaysís,PROPN
.,PUNCT
" 
",SPACE
Después,ADV
que,SCONJ
nosotros,PRON
ya,ADV
nos,PRON
acercábamos,VERB
á,ADP
algo,PRON
más,ADV
que,SCONJ
una,DET
milla,PROPN
(,PUNCT
legua,NOUN
),PUNCT
larga,ADJ
de,ADP
camino,NOUN
de,ADP
los,DET
dichos,ADJ
Machkaysis,PROPN
",",PUNCT
allí,ADV
nos,PRON
salieron,VERB
al,ADP
encuentro,NOUN
y,CCONJ
nos,PRON
recibieron,VERB
muy,ADV
bien,ADV
",",PUNCT
y,CCONJ
en,ADP
seguida,NOUN
nos,PRON
empezaron,VERB
á,ADP
hablar,VERB
en,ADP
español,NOUN
;,PUNCT
nos,PRON
quedamos,VERB
fríos,ADJ
donde,PRON
estábamos,VERB
y,CCONJ
acto,NOUN
continuo,ADJ
les,PRON
preguntamos,VERB
á,ADP
quien,PRON
estaban,AUX
sometidos,ADJ
",",PUNCT
ó,CCONJ
á,ADP
quien,PRON
tenían,VERB
por,ADP
señor,NOUN
;,PUNCT
contestaron,VERB
ellos,PRON
á,ADP
nuestro,DET
capitán,NOUN
y,CCONJ
á,ADP
nosotros,PRON
",",PUNCT
que,PRON
eran,AUX
súbditos,NOUN
de,ADP
un,DET
caballero,NOUN
en,ADP
España,PROPN
",",PUNCT
llamado,ADJ
Peter,PROPN
Ansuless,PROPN
(,PUNCT
Pedro,PROPN
Anzures,PROPN
),PUNCT
Entramos,VERB
",",PUNCT
pues,SCONJ
",",PUNCT
nosotros,PRON
en,ADP
el,DET
pueblo,NOUN
de,ADP
ellos,PRON
y,CCONJ
encontramos,VERB
que,SCONJ
los,DET
chicos,NOUN
",",PUNCT
como,SCONJ
también,ADV
algunos,DET
hombres,NOUN
y,CCONJ
mujeres,NOUN
",",PUNCT
estaban,VERB
todos,PRON
comidos,ADJ
de,ADP
un,DET
insecto,NOUN
",",PUNCT
que,PRON
se,PRON
parece,VERB
á,ADP
una,DET
pulga,NOUN
;,PUNCT
éstos,PRON
",",PUNCT
si,SCONJ
llegan,VERB
á,ADP
meterse,VERB
entre,ADP
los,DET
dedos,NOUN
de,ADP
los,DET
pies,NOUN
de,ADP
la,DET
gente,NOUN
",",PUNCT
salvando,VERB
los,DET
respetos,NOUN
sea,AUX
dicho,VERB
",",PUNCT
ó,CCONJ
cualquier,DET
otra,DET
parte,NOUN
del,ADP
cuerpo,NOUN
",",PUNCT
allí,ADV
comen,VERB
y,CCONJ
penetran,VERB
hasta,ADP
que,SCONJ
sale,VERB
al,ADP
fin,NOUN
un,DET
gusano,NOUN
allí,ADV
",",PUNCT
como,SCONJ
los,DET
que,PRON
se,PRON
hallan,VERB
en,ADP
las,DET
avellanas,NOUN
;,PUNCT
pero,CCONJ
hay,AUX
que,SCONJ
sacarlos,VERB
oportunamente,ADV
",",PUNCT
para,ADP
que,SCONJ
no,ADV
se,PRON
echen,VERB
á,ADP
perder,VERB
las,DET
carnes,NOUN
;,PUNCT
pero,CCONJ
si,SCONJ
se,PRON
deja,VERB
pasar,VERB
demasiado,ADV
tiempo,NOUN
",",PUNCT
acaban,VERB
por,ADP
comerse,VERB
los,DET
dedos,NOUN
enteros,ADJ
:,PUNCT
mucho,ADV
se,PRON
podría,AUX
contar,VERB
sobre,ADP
esto,PRON
.,PUNCT
De,ADP
nuestra,DET
tantas,DET
veces,NOUN
citada,ADJ
ciudad,NOUN
Nostra,PROPN
Singnora,PROPN
de,ADP
Sunssión,PROPN
á,ADP
este,DET
pueblo,NOUN
Machkaysies,PROPN
",",PUNCT
por,ADP
tierra,NOUN
hay,AUX
377,NUM
millas,NOUN
(,PUNCT
leguas,NOUN
),PUNCT
según,ADP
la,DET
altnere,NOUN
(,PUNCT
altura,NOUN
),PUNCT
.,PUNCT
"
",SPACE
Ahora,ADV
",",PUNCT
pues,SCONJ
",",PUNCT
unos,PRON
20,NUM
días,NOUN
de,ADP
tiempo,NOUN
estuvimos,AUX
acampados,VERB
en,ADP
este,DET
pueblo,NOUN
de,ADP
los,DET
Machkaysies,PROPN
.,PUNCT
Por,ADP
esos,DET
días,NOUN
nos,PRON
llegó,VERB
una,DET
carta,NOUN
de,ADP
una,DET
ciudad,NOUN
llamada,ADJ
Lyeme,PROPN
(,PUNCT
Lima,PROPN
),PUNCT
en,ADP
el,DET
Perú,PROPN
;,PUNCT
allí,ADV
en,ADP
aquella,DET
sazón,NOUN
se,PRON
hallaba,VERB
el,DET
gobernador,NOUN
principal,ADJ
por,ADP
la,DET
Cesárea,PROPN
Majestad,PROPN
con,ADP
el,DET
nombre,NOUN
de,ADP
presente,ADJ
(,PUNCT
Presidente,PROPN
),PUNCT
ó,CCONJ
lizenziate,VERB
(,PUNCT
Licenciado,PROPN
),PUNCT
de,ADP
Cascha,PROPN
(,PUNCT
La,DET
Gasca,PROPN
),PUNCT
",",PUNCT
quien,PRON
por,ADP
aquel,PRON
entonces,ADV
había,AUX
hecho,VERB
cortar,VERB
las,DET
cabezas,NOUN
á,ADP
Connsulo,PROPN
Presero,PROPN
(,PUNCT
Gonzalo,PROPN
Pizarro,PROPN
),PUNCT
y,CCONJ
á,ADP
otros,DET
nobles,NOUN
y,CCONJ
plebeyos,ADJ
que,PRON
hizo,VERB
decapitar,VERB
junto,ADJ
con,ADP
él,PRON
",",PUNCT
ó,CCONJ
condenar,VERB
á,ADP
galeras,NOUN
;,PUNCT
es,NOUN
decir,NOUN
",",PUNCT
que,SCONJ
así,ADV
lo,PRON
hizo,VERB
",",PUNCT
porque,SCONJ
el,DET
dicho,ADJ
Consulo,PROPN
Piesiero,PROPN
(,PUNCT
Gonzalo,PROPN
Pizarro,PROPN
),PUNCT
",",PUNCT
ya,ADV
finado,ADJ
",",PUNCT
no,ADV
quiso,VERB
sometérsele,VERB
al,ADP
licenciado,NOUN
de,ADP
Cascha,PROPN
(,PUNCT
La,DET
Gasca,PROPN
),PUNCT
",",PUNCT
sino,CCONJ
que,SCONJ
se,PRON
alzó,VERB
con,ADP
la,DET
tierra,NOUN
contra,ADP
la,DET
Cesárea,PROPN
Majestad,PROPN
;,PUNCT
por,ADP
esto,PRON
el,DET
dicho,ADJ
presente,NOUN
de,ADP
Cascha,PROPN
(,PUNCT
Presidente,PROPN
La,DET
Gasca,PROPN
),PUNCT
",",PUNCT
en,ADP
nombre,NOUN
de,ADP
la,DET
Cesárea,PROPN
Majestad,PROPN
",",PUNCT
con,ADP
demasiado,ADV
rigor,NOUN
le,PRON
dió,VERB
su,DET
merecido,NOUN
;,PUNCT
porque,SCONJ
muchas,DET
veces,NOUN
sucede,VERB
que,SCONJ
uno,PRON
hace,VERB
más,ADV
que,SCONJ
lo,PRON
que,PRON
el,DET
mandato,NOUN
de,ADP
su,DET
superior,ADJ
le,PRON
faculta,VERB
á,ADP
hacer,VERB
",",PUNCT
y,CCONJ
que,SCONJ
lo,PRON
que,PRON
le,PRON
ha,AUX
encargado,VERB
su,DET
señor,NOUN
",",PUNCT
como,SCONJ
suele,VERB
suceder,VERB
en,ADP
el,DET
mundo,NOUN
.,PUNCT
Yo,PRON
tengo,VERB
para,ADP
mí,PRON
que,SCONJ
la,DET
Cesárea,PROPN
Majestad,PROPN
le,PRON
hubiese,AUX
perdonado,VERB
la,DET
vida,NOUN
al,ADP
dicho,ADJ
Connsulo,PROPN
Piesiero,PROPN
(,PUNCT
Gonzalo,PROPN
Pizarro,PROPN
),PUNCT
",",PUNCT
si,SCONJ
él,PRON
en,ADP
persona,NOUN
imperial,ADJ
lo,PRON
hubiese,AUX
prendido,VERB
;,PUNCT
esto,PRON
le,PRON
dolía,VERB
",",PUNCT
que,SCONJ
se,PRON
le,PRON
impusiese,VERB
señor,NOUN
en,ADP
lo,PRON
que,PRON
eran,AUX
bienes,NOUN
suyos,DET
;,PUNCT
porque,SCONJ
esta,DET
tierra,NOUN
del,ADP
Perú,PROPN
era,AUX
á,ADP
todas,DET
luces,NOUN
delante,ADV
de,ADP
Dios,PROPN
y,CCONJ
del,ADP
mundo,NOUN
",",PUNCT
de,ADP
él,PRON
Consulo,PROPN
Piesiro,PROPN
",",PUNCT
en,ADP
razón,NOUN
de,ADP
que,SCONJ
él,PRON
junto,ADJ
con,ADP
sus,DET
hermanos,NOUN
Margose,PROPN
(,PUNCT
el,DET
Marqués,PROPN
),PUNCT
y,CCONJ
Ernando,PROPN
Piesieron,PROPN
(,PUNCT
Hernando,PROPN
Pizarro,PROPN
),PUNCT
",",PUNCT
habían,AUX
sido,AUX
los,DET
primeros,ADJ
de,ADP
todos,PRON
que,PRON
descubrieron,VERB
y,CCONJ
conquistaron,VERB
la,DET
tierra,NOUN
del,ADP
tal,DET
reino,NOUN
.,PUNCT
Esta,DET
tierra,NOUN
con,ADP
razón,NOUN
se,PRON
llama,VERB
tierra,NOUN
rica,ADJ
;,PUNCT
porque,SCONJ
todas,DET
las,DET
riquezas,NOUN
que,PRON
posée,VERB
la,DET
Cesárea,PROPN
Majestad,PROPN
salen,VERB
del,ADP
Perú,PROPN
y,CCONJ
de,ADP
Nove,PROPN
Hispaniam,PROPN
(,PUNCT
Nueva,PROPN
España,PROPN
),PUNCT
y,CCONJ
Terra,PROPN
firma,PROPN
(,PUNCT
Tierra,PROPN
Firme,PROPN
),PUNCT
.,PUNCT
Pero,CCONJ
la,DET
envidia,NOUN
y,CCONJ
el,DET
odio,NOUN
son,AUX
tan,ADV
grandes,ADJ
en,ADP
el,DET
mundo,NOUN
que,PRON
el,DET
uno,PRON
al,ADP
otro,PRON
no,ADV
se,PRON
quiere,VERB
el,DET
bien,NOUN
;,PUNCT
así,ADV
también,ADV
le,PRON
aconteció,VERB
al,ADP
pobre,ADJ
Connsulo,PROPN
Piesiero,PROPN
",",PUNCT
que,PRON
un,DET
rey,NOUN
había,AUX
sido,AUX
",",PUNCT
y,CCONJ
después,ADV
se,PRON
le,PRON
había,AUX
hecho,VERB
cortar,VERB
la,DET
cabeza,NOUN
.,PUNCT
¡,PUNCT
Dios,PROPN
lo,PRON
favorezca,VERB
!,PUNCT
Mucho,ADV
habría,AUX
que,SCONJ
escribir,VERB
sobre,ADP
esto,PRON
",",PUNCT
pero,CCONJ
el,DET
tiempo,NOUN
no,ADV
lo,PRON
permite,VERB
.,PUNCT
"

",SPACE
Ahora,ADV
esto,PRON
era,AUX
lo,PRON
que,PRON
la,DET
antedicha,ADJ
carta,NOUN
decía,VERB
",",PUNCT
que,PRON
",",PUNCT
en,ADP
nombre,NOUN
de,ADP
la,DET
Cesárea,PROPN
Majestad,PROPN
",",PUNCT
nuestro,DET
capitán,NOUN
Marthín,PROPN
Domenigo,PROPN
Eyolla,PROPN
con,ADP
su,DET
gente,NOUN
de,ADP
guerra,NOUN
no,ADV
se,PRON
moviese,VERB
de,ADP
allí,ADV
so,ADP
pena,NOUN
de,ADP
cuerpo,NOUN
y,CCONJ
vida,NOUN
",",PUNCT
sino,CCONJ
que,SCONJ
esperase,VERB
allí,ADV
entre,ADP
los,DET
Maygosís,PROPN
hasta,ADP
nuevas,ADJ
órdenes,NOUN
.,PUNCT
Mas,CCONJ
lo,PRON
cierto,ADJ
del,ADP
caso,NOUN
es,AUX
probable,ADJ
que,SCONJ
fuese,AUX
",",PUNCT
que,SCONJ
el,DET
gubernator,PROPN
(,PUNCT
Gobernador,PROPN
),PUNCT
temía,VERB
",",PUNCT
que,SCONJ
nosotros,PRON
no,ADV
hiciésemos,VERB
algún,DET
alboroto,NOUN
contra,ADP
él,PRON
en,ADP
la,DET
tierra,NOUN
juntándonos,VERB
con,ADP
los,DET
que,PRON
se,PRON
habían,AUX
escapado,VERB
de,ADP
allí,ADV
y,CCONJ
habían,AUX
huído,VERB
á,ADP
los,DET
chacos,NOUN
y,CCONJ
á,ADP
los,DET
cerros,NOUN
;,PUNCT
y,CCONJ
eso,PRON
es,AUX
precisamente,ADV
lo,PRON
que,PRON
también,ADV
hubiese,AUX
sucedido,VERB
al,ADP
habernos,NOUN
juntado,VERB
los,DET
unos,PRON
con,ADP
los,DET
otros,PRON
;,PUNCT
lo,PRON
hubiésemos,VERB
corrido,VERB
de,ADP
la,DET
tierra,NOUN
nosotros,PRON
al,ADP
gubernator,PROPN
(,PUNCT
Gobernador,PROPN
),PUNCT
.,PUNCT
Pero,CCONJ
el,DET
dicho,ADJ
gubernator,PROPN
(,PUNCT
Gobernador,PROPN
),PUNCT
hizo,VERB
un,DET
convenio,NOUN
con,ADP
nuestro,DET
capitán,NOUN
y,CCONJ
le,PRON
dedicó,VERB
un,DET
gran,ADJ
regalo,NOUN
",",PUNCT
con,ADP
lo,PRON
que,PRON
él,PRON
lo,PRON
tranquilizó,VERB
y,CCONJ
se,PRON
aseguró,VERB
la,DET
vida,NOUN
de,ADP
aquel,PRON
lance,NOUN
;,PUNCT
nosotros,PRON
la,DET
gente,NOUN
de,ADP
guerra,NOUN
no,ADV
sabíamos,VERB
nada,PRON
de,ADP
estas,DET
componendas,NOUN
",",PUNCT
que,PRON
de,ADP
de,ADP
haberlas,AUX
sabido,VERB
",",PUNCT
lo,PRON
habríamos,AUX
atado,VERB
de,ADP
pies,NOUN
y,CCONJ
manos,NOUN
á,ADP
nuestro,DET
capitán,NOUN
y,CCONJ
llevado,VERB
al,ADP
Perú,PROPN
.,PUNCT
"

",SPACE
Después,ADV
de,ADP
lo,PRON
cual,PRON
nuestro,DET
capitán,NOUN
envió,VERB
al,ADP
Perú,PROPN
",",PUNCT
al,ADP
gubernator,PROPN
(,PUNCT
Gobernador,PROPN
),PUNCT
",",PUNCT
4,NUM
mensajeros,NOUN
",",PUNCT
y,CCONJ
uno,PRON
capitán,NOUN
llamado,ADJ
Nufflo,PROPN
de,ADP
Schaifess,PROPN
(,PUNCT
Ñuflo,PROPN
de,ADP
Chaves,PROPN
),PUNCT
",",PUNCT
el,DET
otro,DET
Unngate,PROPN
(,PUNCT
Pedro,PROPN
de,ADP
Oñate,PROPN
),PUNCT
",",PUNCT
el,DET
tercero,ADJ
Michel,PROPN
Pude,PROPN
(,PUNCT
Miguel,PROPN
de,ADP
Rutia,PROPN
),PUNCT
",",PUNCT
el,DET
cuarto,NOUN
Abai,PROPN
de,ADP
Korthua,PROPN
(,PUNCT
Rui,PROPN
García,PROPN
),PUNCT
.,PUNCT
Estos,DET
4,NUM
compañeros,NOUN
llegaron,VERB
al,ADP
Perú,PROPN
en,ADP
mes,NOUN
y,CCONJ
medio,NUM
",",PUNCT
y,CCONJ
primero,ADJ
á,ADP
una,DET
ciudad,NOUN
llamada,ADJ
Poduesies,PROPN
(,PUNCT
Potosí,PROPN
),PUNCT
",",PUNCT
en,ADP
seguida,ADJ
á,ADP
otra,DET
llamada,NOUN
Kuesken,PROPN
(,PUNCT
Cuzco,PROPN
),PUNCT
",",PUNCT
la,DET
tercera,ADJ
Bille,PROPN
de,ADP
le,PRON
Platte,PROPN
(,PUNCT
Chuquisaca,PROPN
),PUNCT
y,CCONJ
la,DET
cuarta,ADJ
capital,NOUN
llamada,ADJ
Lieme,PROPN
(,PUNCT
Lima,PROPN
),PUNCT
;,PUNCT
estas,DET
4,NUM
son,AUX
las,DET
más,ADV
principales,ADJ
ciudades,NOUN
y,CCONJ
más,ADV
ricas,ADJ
del,ADP
Perú,PROPN
.,PUNCT
"

",SPACE
Allá,PROPN
cuando,SCONJ
estos,DET
4,NUM
mensajeros,NOUN
llegaron,VERB
á,ADP
la,DET
primera,ADJ
ciudad,NOUN
Poduesis,PROPN
(,PUNCT
Potosí,PROPN
),PUNCT
en,ADP
el,DET
Perú,PROPN
",",PUNCT
allí,ADV
se,PRON
quedaron,VERB
los,DET
2,NUM
llamados,ADJ
Michel,PROPN
Puedt,PROPN
(,PUNCT
Miguel,PROPN
de,ADP
Rutia,PROPN
),PUNCT
y,CCONJ
Abaie,PROPN
por,ADP
causa,NOUN
de,ADP
debilidad,NOUN
",",PUNCT
porque,SCONJ
se,PRON
habían,AUX
enfermado,VERB
en,ADP
el,DET
viaje,NOUN
;,PUNCT
y,CCONJ
los,DET
otros,PRON
dos,NUM
Nueffle,PROPN
(,PUNCT
Chaves,PROPN
),PUNCT
y,CCONJ
Ungenade,PROPN
(,PUNCT
Oñate,PROPN
),PUNCT
siguieron,VERB
viaje,NOUN
por,ADP
la,DET
posta,NOUN
y,CCONJ
llegaron,VERB
á,ADP
Lieme,PROPN
(,PUNCT
Lima,PROPN
),PUNCT
á,ADP
lo,PRON
del,ADP
gubernator,PROPN
(,PUNCT
Gobernador,PROPN
),PUNCT
;,PUNCT
los,PRON
recibió,VERB
pues,SCONJ
muy,ADV
bien,ADV
y,CCONJ
les,PRON
tomó,VERB
relación,NOUN
de,ADP
todo,PRON
",",PUNCT
de,ADP
como,SCONJ
se,PRON
habían,AUX
arreglado,VERB
las,DET
cosas,NOUN
en,ADP
la,DET
tierra,NOUN
del,ADP
Río,PROPN
de,ADP
le,PRON
Platta,PROPN
",",PUNCT
y,CCONJ
mandó,VERB
después,ADV
que,SCONJ
los,PRON
alojasen,VERB
bien,ADV
y,CCONJ
los,PRON
tratasen,VERB
lo,PRON
mejor,ADJ
posible,ADJ
",",PUNCT
también,ADV
les,PRON
regaló,VERB
á,ADP
cada,DET
uno,PRON
2.000,NUM
ducados,NOUN
.,PUNCT
Después,ADV
de,ADP
esto,PRON
el,DET
gubernator,PROPN
encargó,VERB
á,ADP
Nueffle,PROPN
Schaifies,PROPN
(,PUNCT
Ñuflo,PROPN
de,ADP
Chaves,PROPN
),PUNCT
que,PRON
le,PRON
escribiese,VERB
á,ADP
su,DET
capitán,NOUN
",",PUNCT
para,ADP
que,SCONJ
se,PRON
estuviese,VERB
él,PRON
con,ADP
su,DET
gente,NOUN
allá,ADV
entre,ADP
los,DET
Marchkaysies,PROPN
hasta,ADP
nueva,ADJ
orden,NOUN
",",PUNCT
pero,CCONJ
que,SCONJ
no,ADV
les,PRON
tomase,VERB
nada,PRON
ni,CCONJ
hiciese,VERB
mal,ADV
",",PUNCT
no,ADV
siendo,AUX
cosa,NOUN
de,ADP
comer,VERB
que,SCONJ
hubiese,AUX
allí,ADV
;,PUNCT
porque,SCONJ
nosotros,PRON
sabíamos,VERB
muy,ADV
bien,ADV
que,SCONJ
había,AUX
rescates,NOUN
de,ADP
plata,NOUN
entre,ADP
ellos,PRON
;,PUNCT
pero,CCONJ
como,SCONJ
eran,AUX
súbditos,NOUN
y,CCONJ
vasallos,NOUN
de,ADP
un,DET
Español,PROPN
no,ADV
nos,PRON
atrevíamos,VERB
á,ADP
perjudicarlos,VERB
.,PUNCT
"
",SPACE
Pero,CCONJ
este,DET
correo,NOUN
del,ADP
gubernator,PROPN
estando,VERB
en,ADP
viaje,NOUN
fué,AUX
descaminado,VERB
por,ADP
un,DET
Español,PROPN
",",PUNCT
llamado,ADJ
Parnau,PROPN
que,SCONJ
estaba,AUX
en,ADP
acecho,NOUN
por,ADP
orden,NOUN
de,ADP
nuestro,DET
capitán,NOUN
;,PUNCT
porque,SCONJ
éste,PRON
desconfiaba,VERB
que,SCONJ
estuviese,VERB
por,ADP
llegar,VERB
otro,DET
capitán,NOUN
del,ADP
Perú,PROPN
á,ADP
gobernar,VERB
su,DET
gente,NOUN
",",PUNCT
como,SCONJ
que,SCONJ
también,ADV
ya,ADV
por,ADP
ese,DET
tiempo,NOUN
se,PRON
había,AUX
nombrado,VERB
uno,PRON
;,PUNCT
por,ADP
esta,DET
causa,NOUN
mandó,VERB
él,PRON
",",PUNCT
nuestro,DET
capitán,NOUN
",",PUNCT
al,ADP
dicho,ADJ
Pernau,PROPN
al,ADP
camino,NOUN
y,CCONJ
le,PRON
ordenó,VERB
que,SCONJ
si,SCONJ
fuese,AUX
cosa,NOUN
que,SCONJ
se,PRON
tratase,VERB
de,ADP
carta,NOUN
",",PUNCT
la,PRON
trajese,VERB
él,PRON
consigo,VERB
á,ADP
los,DET
Caríos,PROPN
;,PUNCT
lo,PRON
que,PRON
á,ADP
su,DET
tiempo,NOUN
se,PRON
cumplió,VERB
.,PUNCT
"

",SPACE
CAPÍTULO,NUM
XLIX,PROPN
"
",SPACE
DE,ADP
LA,DET
TIERRA,PROPN
DE,ADP
LOS,DET
MARCHKHAYSÍES,PROPN
.,PUNCT
REGRESO,NOUN
AL,ADP
RÍO,NOUN
DE,ADP
LA,DET
PLATA,PROPN
.,PUNCT
ALZAMIENTO,ADP
DE,ADP
DIEGO,PROPN
DE,ADP
ABREU,PROPN
.,PUNCT
"
",SPACE
De,ADP
tal,NOUN
modo,NOUN
se,PRON
había,AUX
manejado,VERB
y,CCONJ
tanto,ADV
había,AUX
hecho,VERB
nuestro,DET
capitán,NOUN
allí,ADV
con,ADP
la,DET
gente,NOUN
",",PUNCT
que,PRON
en,ADP
razón,NOUN
de,ADP
víveres,NOUN
ya,ADV
no,ADV
podíamos,AUX
permanecer,VERB
más,ADV
entre,ADP
los,DET
Marchkhaysies,PROPN
;,PUNCT
porque,SCONJ
los,DET
víveres,NOUN
que,PRON
teníamos,VERB
no,ADV
alcanzaban,VERB
para,ADP
un,DET
mes,NOUN
;,PUNCT
mas,ADV
si,SCONJ
nosotros,PRON
hubiésemos,AUX
sabido,VERB
",",PUNCT
que,SCONJ
se,PRON
nos,PRON
iba,AUX
á,ADP
proveer,VERB
ó,CCONJ
nombrar,VERB
un,DET
[,NOUN
nuevo,ADJ
],NOUN
gubernator,PROPN
",",PUNCT
no,ADV
nos,PRON
hubiésemos,AUX
movido,VERB
de,ADP
allí,ADV
",",PUNCT
hubiésemos,AUX
hallado,VERB
harta,ADJ
comida,NOUN
y,CCONJ
remedi,ADJ
(,PUNCT
remedio,NOUN
),PUNCT
(,PUNCT
á,ADP
la,DET
cosa,NOUN
),PUNCT
;,PUNCT
pero,CCONJ
en,ADP
el,DET
mundo,NOUN
todo,PRON
es,AUX
picardía,NOUN
.,PUNCT
Después,ADV
marchamos,VERB
nosotros,PRON
de,ADP
regreso,NOUN
á,ADP
los,DET
Harchkokoes,PROPN
(,PUNCT
Corocotoquis,PROPN
),PUNCT
.,PUNCT
Debía,AUX
yo,PRON
haberos,ADJ
contado,VERB
también,ADV
",",PUNCT
á,ADP
saber,NOUN
",",PUNCT
que,SCONJ
los,DET
dichos,ADJ
Machkaysis,PROPN
tienen,VERB
una,DET
tierra,NOUN
tan,ADV
fértil,ADJ
que,PRON
no,ADV
se,PRON
había,AUX
visto,VERB
otra,DET
igual,ADJ
hasta,ADP
entonces,ADV
;,PUNCT
por,ADP
ejemplo,NOUN
",",PUNCT
cuando,SCONJ
un,DET
Indio,PROPN
sale,VERB
al,ADP
monte,NOUN
ó,CCONJ
selva,NOUN
",",PUNCT
y,CCONJ
en,ADP
el,DET
primer,ADJ
árbol,NOUN
que,PRON
allí,ADV
encuentra,VERB
abre,VERB
un,DET
agujero,NOUN
con,ADP
el,DET
hacha,NOUN
",",PUNCT
de,ADP
él,PRON
saltan,VERB
unas,PRON
5,NUM
ó,CCONJ
6,NUM
medidas,NOUN
de,ADP
miel,NOUN
tan,ADV
pura,ADJ
como,SCONJ
almibar,NOUN
;,PUNCT
las,DET
tales,DET
abejas,NOUN
son,AUX
muy,ADV
pequeñas,ADJ
y,CCONJ
no,ADV
pican,VERB
.,PUNCT
La,DET
tal,NOUN
miel,NOUN
",",PUNCT
que,PRON
[,PRON
es,AUX
],NOUN
de,ADP
la,DET
buena,ADJ
",",PUNCT
se,PRON
puede,AUX
comer,VERB
con,ADP
pan,NOUN
ó,CCONJ
con,ADP
cualquier,DET
otra,DET
comida,NOUN
",",PUNCT
se,PRON
hace,VERB
también,ADV
de,ADP
ella,PRON
buen,ADJ
vino,NOUN
",",PUNCT
como,SCONJ
en,ADP
esta,DET
tierra,NOUN
(,PUNCT
Baviera,PROPN
),PUNCT
hidromiel,NOUN
;,PUNCT
[,INTJ
es,AUX
],NOUN
aun,ADV
mejor,ADJ
y,CCONJ
más,ADV
sabrosa,ADJ
al,ADP
paladar,NOUN
.,PUNCT
"

",SPACE
Cuando,SCONJ
después,ADV
de,ADP
esto,PRON
llegamos,VERB
nosotros,PRON
á,ADP
los,DET
antedichos,ADJ
Worckhobosíes,PROPN
",",PUNCT
todos,DET
ellos,PRON
con,ADP
mujeres,NOUN
é,CCONJ
hijos,NOUN
habían,AUX
huído,VERB
de,ADP
allí,ADV
y,CCONJ
se,PRON
ponían,VERB
á,ADP
buen,ADJ
recaudo,NOUN
de,ADP
miedo,NOUN
de,ADP
nosotros,PRON
;,PUNCT
pero,CCONJ
mejor,ADV
les,PRON
hubiese,AUX
estado,AUX
quedarse,VERB
en,ADP
su,DET
pueblo,NOUN
;,PUNCT
porque,SCONJ
al,ADP
punto,NOUN
les,PRON
envió,VERB
nuestro,DET
capitán,NOUN
otros,DET
Indios,PROPN
y,CCONJ
les,PRON
hizo,VERB
decir,VERB
que,SCONJ
debían,AUX
volver,VERB
á,ADP
sus,DET
pueblos,NOUN
y,CCONJ
que,SCONJ
se,PRON
dejasen,VERB
de,ADP
tenernos,VERB
miedo,NOUN
",",PUNCT
que,SCONJ
no,ADV
se,PRON
les,PRON
irrogaría,VERB
perjuicio,VERB
alguno,DET
;,PUNCT
mas,ADV
ellos,PRON
no,ADV
quisieron,VERB
hacer,VERB
caso,NOUN
de,ADP
ello,PRON
sino,CCONJ
que,SCONJ
por,ADP
contestación,NOUN
nos,PRON
mandaron,VERB
que,SCONJ
despejásemos,VERB
el,DET
pueblo,NOUN
",",PUNCT
porque,SCONJ
de,ADP
no,ADV
",",PUNCT
nos,PRON
arrojarían,VERB
de,ADP
allí,ADV
á,ADP
la,DET
fuerza,NOUN
.,PUNCT
"

",SPACE
Después,ADV
que,SCONJ
nosotros,PRON
nos,PRON
hicimos,VERB
cargo,NOUN
de,ADP
la,DET
tal,NOUN
cosa,NOUN
",",PUNCT
nos,PRON
dispusimos,VERB
á,ADP
toda,NOUN
prisa,NOUN
y,CCONJ
marchamos,VERB
contra,ADP
ellos,PRON
",",PUNCT
no,PART
obstante,NOUN
que,SCONJ
entre,ADP
nosotros,PRON
la,DET
gente,NOUN
de,ADP
pelea,NOUN
había,AUX
algunos,PRON
cuyo,PRON
parecer,NOUN
y,CCONJ
deseo,VERB
era,AUX
que,SCONJ
se,PRON
mandase,VERB
al,ADP
capitán,NOUN
y,CCONJ
se,PRON
le,PRON
hiciece,VERB
decir,VERB
",",PUNCT
que,SCONJ
no,ADV
debía,AUX
marchar,VERB
contra,ADP
aquellos,PRON
",",PUNCT
por,ADP
que,SCONJ
ello,PRON
podría,AUX
ser,AUX
causa,NOUN
de,ADP
una,DET
gran,ADJ
hambruna,NOUN
en,ADP
la,DET
tierra,NOUN
",",PUNCT
de,ADP
suerte,NOUN
que,SCONJ
si,SCONJ
se,PRON
ofreciere,VERB
pasar,VERB
del,ADP
Perú,PROPN
al,ADP
Río,PROPN
delle,PROPN
Plata,PROPN
",",PUNCT
no,ADV
encontrarían,VERB
allí,ADV
nada,PRON
de,ADP
comer,VERB
;,PUNCT
mas,ADV
nuestro,DET
capitán,NOUN
y,CCONJ
la,DET
comunitett,ADJ
(,PUNCT
comunidad,NOUN
),PUNCT
no,ADV
quisieron,VERB
entrar,VERB
por,ADP
ello,PRON
",",PUNCT
sino,CCONJ
que,SCONJ
siguieron,VERB
el,DET
antedicho,ADJ
propósito,NOUN
y,CCONJ
marcharon,VERB
contra,ADP
los,DET
dichos,ADJ
Wockhhobosíes,PROPN
(,PUNCT
Corocotoquis,PROPN
),PUNCT
",",PUNCT
y,CCONJ
cuando,SCONJ
ya,ADV
estábamos,VERB
nosotros,PRON
como,SCONJ
á,ADP
1/2,NUM
milla,PROPN
(,PUNCT
legua,NOUN
),PUNCT
de,ADP
camino,NOUN
de,ADP
ellos,PRON
ya,ADV
habían,AUX
sentado,VERB
sus,DET
reales,ADJ
al,ADP
abrigo,NOUN
de,ADP
2,NUM
cerros,NOUN
y,CCONJ
bosques,NOUN
á,ADP
los,DET
2,NUM
costados,NOUN
",",PUNCT
porque,SCONJ
",",PUNCT
llegado,VERB
el,DET
caso,NOUN
de,ADP
que,SCONJ
nosotros,PRON
los,PRON
venciésemos,VERB
",",PUNCT
pudiesen,AUX
ellos,PRON
escaparse,VERB
de,ADP
nosotros,PRON
con,ADP
más,ADV
facilidad,NOUN
.,PUNCT
Pero,CCONJ
la,DET
cuenta,NOUN
les,PRON
salió,VERB
mal,ADV
parada,NOUN
:,PUNCT
aquellos,PRON
que,PRON
nosotros,PRON
alcanzamos,VERB
tuvieron,VERB
que,SCONJ
quedar,VERB
allí,ADV
ó,CCONJ
ser,AUX
nuestros,DET
esclavos,NOUN
;,PUNCT
así,ADV
que,SCONJ
en,ADP
la,DET
tal,DET
escaramuza,NOUN
nos,PRON
ganamos,VERB
hasta,ADP
unos,PRON
1.000,NUM
",",PUNCT
sin,ADP
contarlos,VERB
que,SCONJ
matamos,VERB
hombres,NOUN
",",PUNCT
mujeres,NOUN
y,CCONJ
niños,NOUN
.,PUNCT
"

",SPACE
Después,ADV
de,ADP
estos,PRON
nos,PRON
quedamos,VERB
2,NUM
meses,NOUN
largos,ADJ
en,ADP
este,DET
pueblo,NOUN
que,PRON
era,AUX
tan,ADV
grande,ADJ
como,SCONJ
serían,AUX
cualesquiera,VERB
5,NUM
ó,CCONJ
6,NUM
de,ADP
los,DET
otros,PRON
.,PUNCT
Así,ADV
",",PUNCT
pues,SCONJ
",",PUNCT
marchamos,VERB
adelante,ADV
hasta,ADP
el,DET
pueblo,NOUN
donde,PRON
habíamos,AUX
dejado,VERB
los,DET
2,NUM
antedichos,ADJ
navíos,NOUN
de,ADP
que,SCONJ
se,PRON
trató,VERB
en,ADP
la,DET
f.,PROPN
(,PUNCT
48,NUM
),PUNCT
y,CCONJ
estuvimos,VERB
en,ADP
el,DET
viaje,NOUN
año,NOUN
y,CCONJ
medio,NUM
",",PUNCT
en,ADP
que,PRON
nosotros,PRON
no,ADV
hicimos,VERB
más,ADV
que,SCONJ
guerrear,VERB
con,ADP
los,DET
demás,PRON
",",PUNCT
y,CCONJ
en,ADP
este,DET
viaje,NOUN
nos,PRON
hicimos,VERB
de,ADP
hombres,NOUN
",",PUNCT
mujeres,NOUN
y,CCONJ
niños,NOUN
hasta,ADP
el,DET
número,NOUN
de,ADP
12.000,NUM
personas,NOUN
obligados,ADJ
á,ADP
ser,AUX
nuestros,DET
esclavos,NOUN
;,PUNCT
también,ADV
me,PRON
tocaron,VERB
por,ADP
mi,DET
parte,NOUN
unas,PRON
50,NUM
personas,NOUN
entre,ADP
hombres,NOUN
",",PUNCT
mujeres,NOUN
y,CCONJ
niños,NOUN
.,PUNCT
"

",SPACE
Y,CCONJ
eso,PRON
que,PRON
nosotros,PRON
llegamos,VERB
á,ADP
las,DET
naos,NOUN
nos,PRON
avisó,VERB
la,DET
gente,NOUN
que,PRON
habíamos,AUX
dejado,VERB
en,ADP
estos,DET
navíos,NOUN
bergentín,NOUN
(,PUNCT
bergantines,NOUN
),PUNCT
de,ADP
como,SCONJ
",",PUNCT
en,ADP
nuestra,DET
ausencia,NOUN
",",PUNCT
un,DET
capitán,NOUN
llamado,ADJ
Diego,PROPN
Abriegenn,PROPN
(,PUNCT
Diego,PROPN
de,ADP
Abrego,PROPN
),PUNCT
natural,ADJ
de,ADP
Sievilla,PROPN
en,ADP
Hispania,PROPN
",",PUNCT
por,ADP
propia,DET
cuenta,NOUN
",",PUNCT
y,CCONJ
un,DET
capitán,NOUN
con,ADP
el,DET
nombre,NOUN
de,ADP
thonn,PROPN
Fran,PROPN
.,PUNCT
Manthossa,PROPN
(,PUNCT
don,NOUN
Francisco,PROPN
de,ADP
Mendoza,PROPN
),PUNCT
",",PUNCT
que,SCONJ
nuestro,DET
capitán,NOUN
general,ADJ
Domenigo,PROPN
Marthin,PROPN
Eyolla,PROPN
(,PUNCT
Irala,PROPN
),PUNCT
había,AUX
nombrado,VERB
para,ADP
capitán,NOUN
de,ADP
los,DET
2,NUM
navíos,NOUN
y,CCONJ
de,ADP
la,DET
gente,NOUN
misma,ADJ
",",PUNCT
habian,PROPN
armado,VERB
un,DET
gran,ADJ
alboroto,NOUN
entre,ADP
ellos,PRON
",",PUNCT
pretendiendo,VERB
éste,PRON
que,SCONJ
él,PRON
y,CCONJ
no,ADV
otro,PRON
debería,AUX
mandar,VERB
y,CCONJ
gobernar,VERB
en,ADP
la,DET
ciudad,NOUN
",",PUNCT
durante,ADP
la,DET
ausencia,NOUN
",",PUNCT
mientras,CCONJ
que,SCONJ
el,DET
dicho,ADJ
Diego,PROPN
de,ADP
Abriego,PROPN
(,PUNCT
Diego,PROPN
de,ADP
Abreu,PROPN
ó,CCONJ
Abrego,PROPN
),PUNCT
quería,VERB
mandar,VERB
sólo,ADV
;,PUNCT
mas,ADV
thonn,NOUN
Francisco,PROPN
Manthossa,PROPN
",",PUNCT
como,SCONJ
capitán,NOUN
delegado,ADJ
y,CCONJ
lugarteniente,NOUN
de,ADP
Marthín,PROPN
Domenigo,PROPN
Eyolla,PROPN
(,PUNCT
Irala,PROPN
),PUNCT
",",PUNCT
no,ADV
quería,VERB
consentírselo,NOUN
.,PUNCT
A,ADP
todo,DET
esto,PRON
se,PRON
armó,VERB
una,DET
merienda,NOUN
de,ADP
negros,NOUN
entre,ADP
ellos,PRON
",",PUNCT
hasta,ADP
que,SCONJ
por,ADP
fin,NOUN
Tiego,PROPN
de,ADP
Abriego,PROPN
quedó,VERB
dueño,NOUN
del,ADP
campo,NOUN
",",PUNCT
y,CCONJ
derrotó,VERB
y,CCONJ
le,PRON
cortó,VERB
la,DET
cabeza,NOUN
á,ADP
thonn,PROPN
Fran,PROPN
Manthossa,PROPN
.,PUNCT
"
 
",SPACE
CAPÍTULO,PROPN
L,PROPN
"
",SPACE
MOTÍN,PROPN
DE,ADP
ABREU,PROPN
.,PUNCT
SCHMIDEL,PROPN
RECIBE,ADJ
CARTAS,NOUN
DE,ADP
ESPAÑA,PROPN
.,PUNCT
"
",SPACE
Entonces,ADV
sin,ADP
perder,VERB
un,DET
instante,NOUN
puso,VERB
á,ADP
toda,DET
la,DET
tierra,NOUN
en,ADP
alarma,NOUN
y,CCONJ
quiso,VERB
marchar,VERB
contra,ADP
nosotros,PRON
aquí,ADV
",",PUNCT
y,CCONJ
primero,ADJ
se,PRON
fortificó,VERB
en,ADP
la,DET
ciudad,NOUN
;,PUNCT
mientras,SCONJ
esto,PRON
llegamos,VERB
nosotros,PRON
con,ADP
nuestro,DET
capitán,NOUN
Marthín,PROPN
Domenigo,PROPN
Eyolla,PROPN
(,PUNCT
Irala,PROPN
),PUNCT
",",PUNCT
á,ADP
las,DET
puertas,NOUN
de,ADP
la,DET
ciudad,NOUN
",",PUNCT
mas,ADV
ni,CCONJ
así,ADV
quiso,VERB
él,PRON
dejarlo,VERB
entrar,VERB
á,ADP
nuestro,DET
capitán,NOUN
",",PUNCT
ni,CCONJ
tampoco,ADV
entregarle,VERB
la,DET
ciudad,NOUN
",",PUNCT
ni,CCONJ
mucho,ADV
menos,ADV
reconocerle,VERB
por,ADP
señor,NOUN
.,PUNCT
"
",SPACE
Después,ADV
que,SCONJ
nuestro,DET
capitán,NOUN
se,PRON
apercibió,VERB
de,ADP
la,DET
tal,NOUN
cosa,NOUN
",",PUNCT
le,PRON
pusimos,VERB
nosotros,PRON
cerco,NOUN
á,ADP
la,DET
ciudad,NOUN
Nostra,PROPN
Signara,PROPN
de,ADP
Sunssión,PROPN
;,PUNCT
después,ADV
de,ADP
lo,PRON
cual,PRON
la,DET
gente,NOUN
de,ADP
pelea,NOUN
que,PRON
estaba,VERB
en,ADP
la,DET
ciudad,NOUN
",",PUNCT
cuando,SCONJ
vieron,VERB
que,SCONJ
la,DET
cosa,NOUN
era,AUX
de,ADP
veras,NOUN
de,ADP
parte,NOUN
nuestra,DET
",",PUNCT
salían,VERB
diariamente,ADV
adonde,SCONJ
nosotros,PRON
estábamos,AUX
en,ADP
el,DET
campo,NOUN
y,CCONJ
le,PRON
pedían,VERB
perdón,NOUN
á,ADP
nuestro,DET
capitán,NOUN
.,PUNCT
"

",SPACE
Cuando,SCONJ
el,DET
dicho,ADJ
Diego,PROPN
de,ADP
Abriego,PROPN
(,PUNCT
Abrego,PROPN
),PUNCT
conoció,VERB
cuál,PRON
era,AUX
la,DET
conducta,NOUN
de,ADP
su,DET
gente,NOUN
",",PUNCT
y,CCONJ
que,SCONJ
no,ADV
se,PRON
podía,AUX
fiar,VERB
de,ADP
ella,PRON
",",PUNCT
por,ADP
otra,DET
parte,NOUN
recelaba,VERB
que,SCONJ
cualquier,DET
noche,NOUN
de,ADP
esas,PRON
tomásemos,VERB
la,DET
ciudad,NOUN
por,ADP
traición,NOUN
",",PUNCT
que,PRON
era,AUX
lo,PRON
más,ADV
probable,ADJ
que,SCONJ
allí,ADV
aconteciese,ADJ
",",PUNCT
se,PRON
aconsejó,VERB
él,PRON
con,ADP
sus,DET
mejores,ADJ
compañeros,NOUN
y,CCONJ
amigos,NOUN
",",PUNCT
y,CCONJ
averiguó,VERB
cuáles,PRON
eran,AUX
los,DET
que,PRON
estaban,AUX
dispuestos,ADJ
á,ADP
salir,VERB
de,ADP
la,DET
ciudad,NOUN
con,ADP
él,PRON
;,PUNCT
así,ADV
se,PRON
llevó,VERB
consigo,PRON
cerca,ADV
de,ADP
50,NUM
hombres,NOUN
;,PUNCT
los,DET
demás,PRON
",",PUNCT
tan,NOUN
luego,ADV
como,SCONJ
salieron,VERB
de,ADP
la,DET
ciudad,NOUN
los,DET
que,PRON
iban,VERB
con,ADP
el,DET
Diego,PROPN
",",PUNCT
se,PRON
plegaron,VERB
á,ADP
nuestro,DET
capitán,NOUN
y,CCONJ
le,PRON
entregaron,VERB
la,DET
ciudad,NOUN
y,CCONJ
le,PRON
pidieron,VERB
perdón,NOUN
;,PUNCT
así,ADV
se,PRON
los,PRON
prometió,VERB
el,DET
capitán,NOUN
y,CCONJ
entró,VERB
en,ADP
la,DET
ciudad,NOUN
.,PUNCT
"

",SPACE
Mas,PROPN
el,DET
dicho,ADJ
Diego,PROPN
de,ADP
Abriego,PROPN
(,PUNCT
Abreu,PROPN
),PUNCT
merodeó,VERB
con,ADP
los,DET
50,NUM
Cristianos,PROPN
en,ADP
unas,PRON
30,NUM
millas,NOUN
(,PUNCT
leguas,NOUN
),PUNCT
de,ADP
camino,NOUN
á,ADP
la,DET
redonda,NOUN
",",PUNCT
así,ADV
que,SCONJ
nosotros,PRON
no,ADV
pudimos,AUX
vencerlos,VERB
;,PUNCT
y,CCONJ
estos,DET
dos,NUM
caudillos,NOUN
se,PRON
hicieron,VERB
la,DET
guerra,NOUN
el,DET
uno,PRON
al,ADP
otro,PRON
durante,ADP
2,NUM
años,NOUN
enteros,ADJ
",",PUNCT
de,ADP
suerte,NOUN
que,SCONJ
el,DET
uno,PRON
por,ADP
causa,NOUN
del,DET
otro,PRON
no,ADV
se,PRON
contaba,VERB
seguro,ADJ
;,PUNCT
porque,SCONJ
el,DET
Diego,PROPN
de,ADP
Abriego,PROPN
(,PUNCT
Abrego,PROPN
),PUNCT
no,ADV
se,PRON
quedaba,VERB
mucho,ADV
en,ADP
lugar,NOUN
alguno,DET
;,PUNCT
hoy,ADV
allí,ADV
",",PUNCT
mañana,ADV
en,ADP
otra,DET
parte,NOUN
",",PUNCT
y,CCONJ
donde,PRON
nos,PRON
podía,AUX
perjudicar,VERB
no,ADV
se,PRON
descuidaba,VERB
él,PRON
",",PUNCT
porque,SCONJ
hasta,ADV
se,PRON
parecía,VERB
á,ADP
un,DET
salteador,NOUN
de,ADP
caminos,NOUN
.,PUNCT
En,ADP
suma,NOUN
",",PUNCT
si,SCONJ
quería,VERB
nuestro,DET
capitán,NOUN
estar,AUX
en,ADP
tranquilidad,NOUN
tenía,VERB
que,SCONJ
buscar,VERB
arreglo,NOUN
con,ADP
el,DET
Diego,PROPN
",",PUNCT
y,CCONJ
pactó,VERB
un,DET
casamiento,NOUN
con,ADP
sus,DET
2,NUM
hijas,NOUN
que,PRON
dio,VERB
él,PRON
á,ADP
los,DET
2,NUM
primos,NOUN
del,ADP
Diego,PROPN
(,PUNCT
Abreu,PROPN
),PUNCT
",",PUNCT
llamados,VERB
el,DET
uno,PRON
Aluiso,ADJ
Richkell,PROPN
(,PUNCT
Alonso,PROPN
Riquelme,PROPN
de,ADP
Guzmán,PROPN
),PUNCT
",",PUNCT
y,CCONJ
el,DET
otro,DET
Francisco,PROPN
[,PROPN
Vergara,PROPN
],PROPN
(,PUNCT
Francisco,PROPN
Ortiz,PROPN
de,ADP
Vergara,PROPN
),PUNCT
",",PUNCT
y,CCONJ
recién,ADV
cuando,SCONJ
se,PRON
concertaron,VERB
los,DET
tales,DET
casamientos,NOUN
conseguimos,VERB
estar,AUX
en,ADP
paz,NOUN
entre,ADP
nosotros,PRON
.,PUNCT
"
",SPACE
Por,ADP
el,DET
mismo,DET
tiempo,NOUN
me,PRON
llegó,VERB
una,DET
carta,NOUN
de,ADP
Hispania,PROPN
por,ADP
Sevilla,PROPN
y,CCONJ
del,ADP
factor,NOUN
de,ADP
Fuckher,PROPN
",",PUNCT
llamado,ADJ
Chriestoff,PROPN
Reysser,PROPN
",",PUNCT
á,ADP
saber,VERB
",",PUNCT
de,ADP
como,SCONJ
á,ADP
la,DET
misma,DET
persona,NOUN
le,PRON
había,AUX
escrito,VERB
Sebastián,PROPN
Neithart,PROPN
",",PUNCT
por,ADP
pedido,NOUN
de,ADP
mi,DET
finado,ADJ
hermano,NOUN
Thoma,PROPN
Schmidl,PROPN
",",PUNCT
por,ADP
si,SCONJ
fuese,AUX
posible,ADJ
que,SCONJ
se,PRON
me,PRON
ayudase,VERB
á,ADP
regresar,VERB
á,ADP
mi,DET
tierra,NOUN
",",PUNCT
lo,PRON
cual,PRON
él,PRON
",",PUNCT
el,DET
dicho,ADJ
Chriestoff,PROPN
Reysser,PROPN
",",PUNCT
con,ADP
toda,DET
diligencia,NOUN
de,ADP
su,DET
parte,NOUN
había,AUX
solicitado,VERB
y,CCONJ
tratado,ADJ
de,ADP
cumplir,VERB
",",PUNCT
á,ADP
lo,PRON
que,PRON
se,PRON
debió,VERB
que,SCONJ
me,PRON
llegó,VERB
la,DET
carta,NOUN
",",PUNCT
la,DET
cual,PRON
recibí,VERB
yo,PRON
el,DET
año,NOUN
1552,NUM
",",PUNCT
el,DET
día,NOUN
25,NUM
de,ADP
Julio,PROPN
",",PUNCT
ó,CCONJ
sea,AUX
el,DET
día,NOUN
de,ADP
Santiago,PROPN
.,PUNCT
"

",SPACE
CAPÍTULO,PROPN
LI,PROPN
"
",SPACE
EL,DET
AUTOR,NOUN
EMPRENDE,ADJ
VIAJE,PROPN
DE,ADP
VUELTA,PROPN
.,PUNCT
BAJA,NOUN
POR,ADP
EL,DET
RÍO,PROPN
DE,ADP
LA,DET
PLATA,PROPN
Y,CCONJ
SUBE,NOUN
POR,ADP
EL,DET
PARANÁ,PROPN
"

",SPACE
Después,ADV
que,SCONJ
leí,VERB
yo,PRON
la,DET
carta,NOUN
",",PUNCT
sobre,ADP
la,DET
marcha,NOUN
pedí,VERB
licencia,NOUN
á,ADP
nuestro,DET
capitán,NOUN
Thomenigo,PROPN
Martín,PROPN
Eyolla,PROPN
(,PUNCT
Irala,PROPN
),PUNCT
",",PUNCT
mas,ADV
él,PRON
al,ADP
principio,NOUN
no,ADV
quiso,VERB
dármela,VERB
;,PUNCT
pero,CCONJ
más,ADV
tarde,ADV
tuvo,VERB
él,PRON
que,SCONJ
reconocer,VERB
mi,DET
largo,ADJ
servicio,NOUN
prestado,ADJ
",",PUNCT
desde,ADP
que,SCONJ
yo,PRON
por,ADP
tantos,DET
años,NOUN
había,AUX
servido,VERB
fielmente,ADV
á,ADP
la,DET
Cesárea,PROPN
Majestad,PROPN
en,ADP
tierra,NOUN
",",PUNCT
y,CCONJ
que,SCONJ
por,ADP
él,PRON
",",PUNCT
capitán,NOUN
Eyolla,PROPN
(,PUNCT
Irala,PROPN
),PUNCT
muchas,DET
veces,NOUN
había,AUX
puesto,VERB
en,ADP
peligro,NOUN
cuerpo,NOUN
y,CCONJ
vida,NOUN
y,CCONJ
que,PRON
jamás,ADV
lo,PRON
había,AUX
abandonado,VERB
;,PUNCT
de,ADP
esto,PRON
debió,AUX
acordarse,VERB
él,PRON
y,CCONJ
me,PRON
dió,VERB
licencia,NOUN
",",PUNCT
me,PRON
encomendó,VERB
también,ADV
carta,NOUN
para,ADP
la,DET
Cesárea,PROPN
Majestad,PROPN
",",PUNCT
es,NOUN
decir,NOUN
",",PUNCT
para,ADP
que,SCONJ
en,ADP
ella,PRON
hiciese,VERB
él,PRON
saber,VERB
á,ADP
Su,DET
Majestad,PROPN
cómo,PRON
se,PRON
estaba,VERB
en,ADP
la,DET
tierra,NOUN
Rio,PROPN
delle,PROPN
Platta,PROPN
",",PUNCT
y,CCONJ
qué,PRON
era,AUX
lo,PRON
que,PRON
en,ADP
ella,PRON
había,AUX
acontecido,VERB
durante,ADP
el,DET
tal,DET
tiempo,NOUN
.,PUNCT
Las,DET
tales,DET
cartas,NOUN
las,PRON
entregué,VERB
yo,PRON
á,ADP
los,DET
Consejeros,PROPN
de,ADP
la,DET
Casárea,PROPN
Majestad,PROPN
en,ADP
Sevilla,PROPN
",",PUNCT
á,ADP
quienes,PRON
yo,PRON
también,ADV
de,ADP
palabra,NOUN
hice,VERB
relación,NOUN
y,CCONJ
dí,VERB
buena,ADJ
cuenta,NOUN
de,ADP
la,DET
tierra,NOUN
.,PUNCT
"

",SPACE
Y,CCONJ
cuando,SCONJ
yo,PRON
ya,ADV
tuve,VERB
todas,DET
mis,DET
cosas,NOUN
dispuestas,ADJ
para,ADP
el,DET
viaje,NOUN
",",PUNCT
fué,AUX
que,SCONJ
me,PRON
despedí,VERB
amistosamente,ADV
del,ADP
capitán,NOUN
Marthin,ADJ
Domenigo,PROPN
Eyolla,PROPN
(,PUNCT
Irala,PROPN
),PUNCT
y,CCONJ
de,ADP
los,DET
demás,PRON
buenos,ADJ
compañeros,NOUN
y,CCONJ
amigos,NOUN
;,PUNCT
me,PRON
llevé,VERB
también,ADV
20,NUM
Indios,PROPN
Caríos,PROPN
",",PUNCT
que,PRON
cargasen,VERB
con,ADP
lo,PRON
necesario,ADJ
para,ADP
un,DET
viaje,NOUN
tan,ADV
lejos,ADV
;,PUNCT
porque,SCONJ
cada,DET
uno,PRON
tiene,VERB
que,SCONJ
calcular,VERB
lo,PRON
que,PRON
puede,AUX
precisar,VERB
para,ADP
el,DET
camino,NOUN
.,PUNCT
"

",SPACE
Y,CCONJ
8,NUM
días,NOUN
antes,ADV
que,SCONJ
yo,PRON
debía,AUX
partir,VERB
",",PUNCT
llegó,VERB
uno,PRON
del,ADP
Presiel,PROPN
(,PUNCT
Brasil,PROPN
),PUNCT
;,PUNCT
trajo,VERB
noticia,NOUN
",",PUNCT
de,ADP
cómo,PRON
precisamente,ADV
debió,AUX
haber,AUX
llegado,VERB
allí,ADV
un,DET
navío,NOUN
de,ADP
Liesebonna,PROPN
(,PUNCT
Lisboa,PROPN
),PUNCT
en,ADP
Portugal,PROPN
",",PUNCT
el,DET
cual,PRON
pertenecía,VERB
al,ADP
muy,ADV
honorable,ADJ
y,CCONJ
discreto,ADJ
señor,NOUN
Johann,PROPN
von,PROPN
Hielst,PROPN
allá,ADV
en,ADP
Lisabona,PROPN
(,PUNCT
Lisboa,PROPN
),PUNCT
",",PUNCT
un,DET
comprador,NOUN
ó,CCONJ
un,DET
factor,NOUN
del,ADP
Erasmus,PROPN
Schezen,PROPN
en,ADP
Amberes,PROPN
.,PUNCT
"

",SPACE
Y,CCONJ
cuando,SCONJ
yo,PRON
hube,VERB
averiguado,VERB
cuanto,PRON
tenía,VERB
que,SCONJ
decirme,VERB
me,PRON
puse,VERB
en,ADP
marcha,NOUN
en,ADP
nombre,NOUN
de,ADP
Dios,PROPN
el,DET
Todopoderoso,PROPN
el,DET
año,NOUN
1552,NUM
á,ADP
26,NUM
de,ADP
Diciembre,NOUN
y,CCONJ
día,NOUN
de,ADP
San,PROPN
Esteban,PROPN
",",PUNCT
y,CCONJ
abandoné,VERB
el,DET
Río,PROPN
delle,PROPN
Platta,PROPN
",",PUNCT
partiendo,VERB
de,ADP
la,DET
ciudad,NOUN
Nostra,PROPN
Singnora,PROPN
de,ADP
Sunssionn,PROPN
con,ADP
20,NUM
Indios,PROPN
y,CCONJ
2,NUM
cananen,NOUN
(,PUNCT
canoas,NOUN
),PUNCT
",",PUNCT
y,CCONJ
primero,ADV
llegamos,VERB
á,ADP
las,DET
26,NUM
millas,NOUN
(,PUNCT
leguas,NOUN
),PUNCT
á,ADP
un,DET
pueblo,NOUN
llamado,ADJ
Juegrichsaibe,PROPN
(,PUNCT
Yeruquihaba,PROPN
),PUNCT
;,PUNCT
allá,ADV
en,ADP
ese,DET
pueblo,NOUN
se,PRON
me,PRON
juntaron,VERB
4,NUM
compañeros,NOUN
",",PUNCT
2,NUM
Españoles,PROPN
y,CCONJ
2,NUM
Portugueses,PROPN
",",PUNCT
los,DET
mismos,PRON
que,PRON
no,ADV
traían,VERB
licencia,NOUN
del,ADP
capitán,NOUN
.,PUNCT
De,ADP
allí,ADV
marchamos,VERB
juntos,ADJ
y,CCONJ
llegamos,VERB
como,SCONJ
á,ADP
las,DET
15,NUM
millas,NOUN
(,PUNCT
leguas,NOUN
),PUNCT
á,ADP
un,DET
pueblo,NOUN
grande,ADJ
llamado,ADJ
Barey,PROPN
;,PUNCT
de,ADP
allí,ADV
marchamos,VERB
4,NUM
días,NOUN
de,ADP
viaje,NOUN
",",PUNCT
16,NUM
millas,NOUN
(,PUNCT
leguas,NOUN
),PUNCT
",",PUNCT
hasta,ADP
llegar,VERB
á,ADP
un,DET
pueblo,NOUN
llamado,ADJ
Gebareche,PROPN
;,PUNCT
de,ADP
éste,PRON
marchamos,VERB
nosotros,PRON
9,NUM
días,NOUN
de,ADP
viaje,NOUN
",",PUNCT
54,NUM
millas,NOUN
(,PUNCT
leguas,NOUN
),PUNCT
",",PUNCT
hasta,ADP
un,DET
pueblo,NOUN
llamado,ADJ
Barode,PROPN
.,PUNCT
Allí,ADV
nos,PRON
quedamos,VERB
6,NUM
días,NOUN
largos,ADJ
",",PUNCT
porque,SCONJ
buscábamos,VERB
víveres,NOUN
y,CCONJ
cannanen,NOUN
(,PUNCT
canoas,NOUN
),PUNCT
;,PUNCT
visto,ADJ
que,SCONJ
teníamos,VERB
nosotros,PRON
que,SCONJ
navegar,VERB
100,NUM
millas,NOUN
(,PUNCT
leguas,NOUN
),PUNCT
aguas,NOUN
arriba,ADV
del,ADP
Parnau,PROPN
(,PUNCT
Paraná,PROPN
),PUNCT
;,PUNCT
y,CCONJ
llegamos,VERB
á,ADP
un,DET
pueblo,NOUN
llamado,ADJ
Gienge,PROPN
",",PUNCT
allí,ADV
quedamos,VERB
4,NUM
días,NOUN
.,PUNCT
Hasta,ADP
aquí,ADV
en,ADP
este,DET
pueblo,NOUN
todo,PRON
obedece,VERB
á,ADP
la,DET
Cesárea,PROPN
Majestad,PROPN
",",PUNCT
y,CCONJ
es,AUX
tierra,NOUN
de,ADP
Caríos,PROPN
.,PUNCT
" 
  
",SPACE
CAPÍTULO,PROPN
LII,PROPN
"
",SPACE
PASAN,PROPN
POR,ADP
LOS,DET
TUPÍ,PROPN
.,PUNCT
SU,DET
DESCRIPCIÓN,NOUN
.,PUNCT
LLEGAN,PROPN
AL,ADP
PUEBLO,PROPN
DE,ADP
JUAN,PROPN
KAIMUNNELLE,PROPN
(,PUNCT
RAMALLO,PROPN
),PUNCT
"

",SPACE
Ahora,ADV
empieza,VERB
la,DET
tierra,NOUN
del,ADP
Rey,PROPN
de,ADP
Portugal,PROPN
",",PUNCT
á,ADP
saber,VERB
",",PUNCT
la,DET
de,ADP
los,DET
Thopiss,PROPN
(,PUNCT
Tupí,PROPN
),PUNCT
;,PUNCT
ahí,ADV
tuvimos,VERB
que,SCONJ
dejar,VERB
el,DET
Parnau,PROPN
(,PUNCT
Paraná,PROPN
),PUNCT
y,CCONJ
las,DET
cannanon,PROPN
(,PUNCT
canoas,NOUN
),PUNCT
",",PUNCT
y,CCONJ
marchar,VERB
por,ADP
tierra,NOUN
á,ADP
los,DET
Thopis,PROPN
(,PUNCT
Tupí,PROPN
),PUNCT
",",PUNCT
y,CCONJ
caminamos,VERB
6,NUM
semanas,NOUN
largas,ADJ
por,ADP
desiertos,NOUN
",",PUNCT
cerros,NOUN
y,CCONJ
valles,NOUN
",",PUNCT
en,ADP
que,PRON
[,PRON
por,ADP
miedo,NOUN
],NOUN
de,ADP
las,DET
fieras,NOUN
del,ADP
campo,NOUN
no,ADV
podíamos,AUX
dormir,VERB
tranquilos,ADJ
;,PUNCT
y,CCONJ
hay,AUX
entre,ADP
el,DET
susodicho,NOUN
pueblo,NOUN
 ,SPACE
Gienge,PROPN
y,CCONJ
los,DET
Thopis,PROPN
126,NUM
millas,NOUN
(,PUNCT
leguas,NOUN
),PUNCT
",",PUNCT
de,ADP
camino,NOUN
.,PUNCT
Estas,DET
naciones,NOUN
Thopis,PROPN
se,PRON
comen,VERB
á,ADP
la,DET
gente,NOUN
",",PUNCT
cuando,SCONJ
es,AUX
enemiga,ADJ
;,PUNCT
no,ADV
hacen,VERB
otra,DET
cosa,NOUN
que,SCONJ
andar,VERB
siempre,ADV
en,ADP
guerra,NOUN
",",PUNCT
y,CCONJ
cuando,SCONJ
vencen,VERB
á,ADP
sus,DET
enemigos,NOUN
",",PUNCT
conducen,VERB
ellos,PRON
los,DET
prisioneros,NOUN
á,ADP
su,DET
pueblo,NOUN
tal,NOUN
y,CCONJ
como,SCONJ
en,ADP
la,DET
tierra,NOUN
aquí,ADV
(,PUNCT
Baviera,PROPN
),PUNCT
se,PRON
dispone,VERB
una,DET
boda,NOUN
;,PUNCT
y,CCONJ
cuando,SCONJ
es,AUX
llegado,VERB
el,DET
tiempo,NOUN
en,ADP
que,PRON
quieren,VERB
acabar,VERB
con,ADP
los,DET
prisioneros,NOUN
ó,CCONJ
matarlos,VERB
",",PUNCT
se,PRON
preparan,VERB
ellos,PRON
una,DET
gran,ADJ
ceremonia,NOUN
con,ADP
este,DET
fin,NOUN
;,PUNCT
pero,CCONJ
hasta,ADP
tanto,ADV
por,ADP
lo,PRON
que,PRON
es,AUX
el,DET
hombre,NOUN
prisionero,ADJ
",",PUNCT
se,PRON
le,PRON
da,VERB
cuanto,PRON
se,PRON
le,PRON
antoja,VERB
ó,CCONJ
que,PRON
puede,AUX
desear,VERB
",",PUNCT
como,SCONJ
ser,AUX
mujeres,NOUN
con,ADP
quienes,PRON
holgar,VERB
ó,CCONJ
cosas,NOUN
de,ADP
comer,VERB
",",PUNCT
lo,PRON
que,PRON
el,DET
corazón,NOUN
le,PRON
pida,VERB
",",PUNCT
hasta,ADP
que,SCONJ
llega,VERB
la,DET
hora,NOUN
en,ADP
que,PRON
tiene,VERB
(,PUNCT
de,ADP
morir,VERB
),PUNCT
.,PUNCT
Su,DET
gusto,NOUN
y,CCONJ
su,DET
encanto,NOUN
está,VERB
en,ADP
la,DET
guerra,NOUN
perpétua,NOUN
.,PUNCT
Iten,PROPN
[,PRON
ellos,PRON
],INTJ
beben,VERB
",",PUNCT
y,CCONJ
comen,VERB
y,CCONJ
están,AUX
día,NOUN
y,CCONJ
noche,NOUN
borrachos,ADJ
;,PUNCT
también,ADV
son,AUX
amigos,NOUN
del,ADP
baile,NOUN
",",PUNCT
y,CCONJ
llevan,VERB
a,ADP
tal,DET
extremo,NOUN
la,DET
vida,NOUN
de,ADP
adulterio,NOUN
",",PUNCT
que,PRON
no,ADV
es,AUX
para,ADP
contada,ADJ
;,PUNCT
es,AUX
una,DET
gente,NOUN
fiera,ADJ
",",PUNCT
ambiciosa,ADJ
y,CCONJ
soberbia,ADJ
;,PUNCT
hacen,VERB
vino,NOUN
del,ADP
trigo,NOUN
turco,ADJ
(,PUNCT
maíz,NOUN
),PUNCT
con,ADP
el,DET
que,PRON
se,PRON
llenan,VERB
",",PUNCT
tal,NOUN
como,SCONJ
cualquiera,PRON
aquí,ADV
se,PRON
toma,VERB
el,DET
mejor,ADJ
de,ADP
los,DET
vinos,NOUN
;,PUNCT
tienen,VERB
idioma,NOUN
parecido,ADJ
[,NOUN
al,ADP
de,ADP
],NOUN
los,DET
Caríos,PROPN
",",PUNCT
con,ADP
los,DET
que,PRON
bien,ADV
poca,ADV
es,AUX
la,DET
diferencia,NOUN
que,PRON
hay,AUX
.,PUNCT
"

",SPACE
De,ADP
allí,ADV
llegamos,VERB
nosotros,PRON
a,ADP
un,DET
pueblo,NOUN
llamado,ADJ
Karieseba,PROPN
",",PUNCT
son,AUX
también,ADV
Thopis,PROPN
",",PUNCT
están,AUX
de,ADP
guerra,NOUN
con,ADP
los,DET
Cristianos,PROPN
",",PUNCT
mas,ADV
los,DET
anteriores,ADJ
son,AUX
amigos,NOUN
de,ADP
los,DET
Cristianos,PROPN
;,PUNCT
eso,PRON
que,PRON
llegamos,VERB
el,DET
Domingo,PROPN
de,ADP
Palmas,PROPN
á,ADP
4,NUM
millas,NOUN
(,PUNCT
leguas,NOUN
),PUNCT
de,ADP
un,DET
pueblo,NOUN
",",PUNCT
nos,PRON
convencimos,VERB
que,SCONJ
teníamos,VERB
que,SCONJ
guardarnos,VERB
bien,ADV
de,ADP
los,DET
Karieseba,PROPN
;,PUNCT
y,CCONJ
esta,DET
vez,NOUN
",",PUNCT
con,ADP
ser,AUX
que,SCONJ
estábamos,AUX
en,ADP
tanta,DET
escasez,NOUN
de,ADP
bastimento,NOUN
",",PUNCT
tuvimos,VERB
sin,ADP
embargo,NOUN
que,SCONJ
caminar,VERB
un,DET
poco,ADV
más,ADV
en,ADP
busca,NOUN
de,ADP
comida,NOUN
",",PUNCT
pero,CCONJ
no,ADV
pudimos,AUX
contener,VERB
á,ADP
2,NUM
de,ADP
nuestros,DET
compañeros,NOUN
",",PUNCT
que,PRON
á,ADP
pesar,NOUN
de,ADP
nuestro,DET
buen,ADJ
consejo,NOUN
se,PRON
metieron,VERB
en,ADP
el,DET
pueblo,NOUN
;,PUNCT
les,PRON
prometimos,VERB
pues,SCONJ
esperarlos,VERB
",",PUNCT
lo,PRON
que,PRON
allí,ADV
también,ADV
se,PRON
cumplió,VERB
.,PUNCT
Pero,CCONJ
ni,CCONJ
bien,ADV
entraron,VERB
ellos,PRON
al,ADP
pueblo,NOUN
fueron,AUX
muertos,VERB
y,CCONJ
comidos,ADJ
en,ADP
seguida,NOUN
.,PUNCT
¡,PUNCT
Quiera,AUX
Dios,AUX
apiadarse,VERB
de,ADP
ellos,PRON
!,PUNCT
Amén,ADV
.,PUNCT
"

",SPACE
Después,ADV
de,ADP
esto,PRON
se,PRON
nos,PRON
presentaron,VERB
estos,DET
mismos,DET
Indios,NOUN
en,ADP
número,NOUN
como,SCONJ
de,ADP
50,NUM
hombres,NOUN
á,ADP
distancia,NOUN
de,ADP
30,NUM
pasos,NOUN
;,PUNCT
traían,VERB
puesta,ADJ
la,DET
ropa,NOUN
de,ADP
los,DET
Cristianos,PROPN
y,CCONJ
se,PRON
pararon,VERB
y,CCONJ
platicaron,VERB
con,ADP
nosotros,PRON
;,PUNCT
pero,CCONJ
es,AUX
costumbre,NOUN
entre,ADP
estos,DET
Indios,PROPN
",",PUNCT
que,SCONJ
si,SCONJ
alguno,PRON
se,PRON
para,VERB
á,ADP
pocos,DET
pasos,NOUN
de,ADP
su,DET
enemigo,NOUN
y,CCONJ
platica,VERB
con,ADP
él,PRON
",",PUNCT
nada,PRON
de,ADP
bueno,NOUN
le,PRON
está,AUX
urdiendo,VERB
.,PUNCT
A,ADP
esto,PRON
cuando,SCONJ
lo,PRON
advertimos,VERB
",",PUNCT
nos,PRON
preparamos,VERB
lo,PRON
mejor,ADJ
que,PRON
pudimos,VERB
con,ADP
nuestras,DET
armas,NOUN
y,CCONJ
les,PRON
preguntamos,VERB
a,ADP
donde,PRON
habían,AUX
quedado,VERB
nuestros,DET
compañeros,NOUN
",",PUNCT
allí,ADV
dijeron,VERB
ellos,PRON
que,PRON
estaban,VERB
en,ADP
su,DET
pueblo,NOUN
y,CCONJ
que,SCONJ
nosotros,PRON
también,ADV
deberíamos,AUX
pasar,VERB
allá,ADV
;,PUNCT
mas,ADV
nosotros,PRON
no,ADV
lo,PRON
quisimos,AUX
hacer,VERB
",",PUNCT
porque,SCONJ
bien,ADV
les,PRON
conocimos,VERB
la,DET
mala,ADJ
intención,NOUN
.,PUNCT
En,ADP
seguida,NOUN
nos,PRON
hicieron,VERB
disparos,NOUN
con,ADP
sus,DET
arcos,NOUN
",",PUNCT
pero,CCONJ
no,ADV
nos,PRON
resistieron,VERB
mucho,DET
tiempo,NOUN
",",PUNCT
sino,CCONJ
que,SCONJ
dispararon,VERB
á,ADP
su,DET
pueblo,NOUN
y,CCONJ
al,ADP
punto,NOUN
trajeron,VERB
de,ADP
allí,ADV
hasta,ADP
unos,PRON
6.000,NUM
contra,ADP
nosotros,PRON
;,PUNCT
pero,CCONJ
nosotros,PRON
en,ADP
tal,DET
apuro,NOUN
no,ADV
teníamos,VERB
más,ADV
amparo,NOUN
que,SCONJ
un,DET
bosque,NOUN
grande,ADJ
y,CCONJ
cuatro,NUM
 ,SPACE
arcabuces,NOUN
junto,ADJ
con,ADP
20,NUM
(,PUNCT
60,NUM
),PUNCT
Indios,PROPN
de,ADP
los,DET
Caríos,PROPN
",",PUNCT
que,PRON
nos,PRON
habíamos,AUX
traído,VERB
de,ADP
la,DET
ciudad,NOUN
Nostra,PROPN
Singnora,PROPN
de,ADP
Sunssión,PROPN
;,PUNCT
así,ADV
",",PUNCT
pues,SCONJ
",",PUNCT
nos,PRON
sostuvimos,VERB
allí,ADV
unos,PRON
4,NUM
días,NOUN
con,ADP
sus,DET
noches,NOUN
",",PUNCT
en,ADP
que,PRON
nos,PRON
hacíamos,VERB
continuas,ADJ
descargas,NOUN
",",PUNCT
y,CCONJ
en,ADP
la,DET
cuarta,ADJ
noche,NOUN
con,ADP
todo,DET
sigilo,NOUN
abandonamos,VERB
el,DET
bosque,NOUN
y,CCONJ
marchamos,VERB
de,ADP
allí,ADV
",",PUNCT
porque,SCONJ
no,ADV
teníamos,VERB
mucho,PRON
que,PRON
comer,VERB
",",PUNCT
y,CCONJ
los,DET
enemigos,NOUN
también,ADV
empezaban,VERB
á,ADP
llevarnos,VERB
ventaja,NOUN
;,PUNCT
como,SCONJ
dice,VERB
el,DET
refrán,NOUN
:,PUNCT
porque,SCONJ
son,AUX
muchos,PRON
los,DET
perros,NOUN
muere,VERB
la,DET
liebre,NOUN
.,PUNCT
"

",SPACE
De,ADP
allí,ADV
marchamos,VERB
nosotros,PRON
6,NUM
días,NOUN
seguidos,ADJ
por,ADP
bosques,NOUN
desamparados,ADJ
",",PUNCT
como,SCONJ
que,SCONJ
en,ADP
mis,DET
días,NOUN
(,PUNCT
y,CCONJ
eso,PRON
que,PRON
he,AUX
andado,VERB
la,DET
seca,NOUN
y,CCONJ
la,DET
meca,NOUN
),PUNCT
no,ADV
he,AUX
visto,VERB
iguales,ADJ
",",PUNCT
ni,CCONJ
he,AUX
viajado,VERB
por,ADP
camino,NOUN
más,ADV
enmarañado,ADJ
;,PUNCT
tampoco,ADV
teníamos,VERB
que,SCONJ
comer,VERB
",",PUNCT
y,CCONJ
por,ADP
eso,PRON
había,AUX
que,SCONJ
remediarnos,VERB
con,ADP
miel,NOUN
y,CCONJ
raicecillas,VERB
que,SCONJ
encontrábamos,VERB
;,PUNCT
también,ADV
se,PRON
apoderó,VERB
de,ADP
nosotros,PRON
desconfianza,NOUN
de,ADP
que,SCONJ
el,DET
enemigo,NOUN
nos,PRON
alcanzase,VERB
",",PUNCT
si,SCONJ
nos,PRON
permitíamos,VERB
aunque,SCONJ
no,ADV
fuese,AUX
más,ADV
que,SCONJ
el,DET
tiempo,NOUN
para,ADP
cazar,VERB
alguna,DET
salvagina,NOUN
del,ADP
campo,NOUN
.,PUNCT
"
",SPACE
Así,ADV
llegamos,VERB
á,ADP
una,DET
nación,NOUN
llamada,ADJ
Biessaie,PROPN
(,PUNCT
Mbiaçá,PROPN
),PUNCT
",",PUNCT
allí,ADV
paramos,VERB
4,NUM
días,NOUN
largos,ADJ
é,CCONJ
hicimos,VERB
bastimento,NOUN
",",PUNCT
mas,ADV
no,ADV
nos,PRON
atrevimos,VERB
a,ADP
entrar,VERB
en,ADP
el,DET
pueblo,NOUN
",",PUNCT
siendo,AUX
nosotros,PRON
los,DET
pocos,PRON
que,PRON
éramos,AUX
.,PUNCT
Cerca,ADV
de,ADP
esta,DET
nación,NOUN
está,AUX
un,DET
agua,NOUN
(,PUNCT
río,NOUN
),PUNCT
llamado,ADJ
Urquaie,PROPN
(,PUNCT
Uruguay,PROPN
),PUNCT
;,PUNCT
allí,ADV
vimos,VERB
víboras,NOUN
o,CCONJ
serpientes,ADJ
",",PUNCT
llamadas,ADJ
en,ADP
su,DET
lengua,NOUN
de,ADP
Indios,PROPN
schue,PROPN
éyba,PROPN
thuescha,PROPN
;,PUNCT
es,AUX
de,ADP
14,NUM
pasos,NOUN
de,ADP
largo,ADJ
y,CCONJ
2,NUM
brazadas,NOUN
de,ADP
grueso,NOUN
en,ADP
el,DET
medio,NOUN
;,PUNCT
hacen,VERB
mucho,DET
daño,NOUN
",",PUNCT
por,ADP
ejemplo,NOUN
",",PUNCT
cuando,SCONJ
se,PRON
baña,VERB
la,DET
gente,NOUN
",",PUNCT
ó,CCONJ
bebe,VERB
una,DET
fiera,NOUN
de,ADP
la,DET
misma,DET
agua,NOUN
ó,CCONJ
se,PRON
pone,VERB
á,ADP
nadar,VERB
sobre,ADP
el,DET
agua,NOUN
",",PUNCT
así,ADV
se,PRON
le,PRON
arrima,VERB
una,DET
serpiente,NOUN
de,ADP
éstas,PRON
debajo,ADV
del,ADP
agua,NOUN
",",PUNCT
nada,PRON
hasta,ADP
donde,PRON
está,VERB
el,DET
hombre,NOUN
",",PUNCT
ó,CCONJ
la,DET
fiera,NOUN
",",PUNCT
y,CCONJ
lo,PRON
envuelve,VERB
en,ADP
la,DET
cola,NOUN
",",PUNCT
zambulle,VERB
en,ADP
seguida,NOUN
bajo,ADP
del,ADP
agua,NOUN
y,CCONJ
se,PRON
lo,PRON
come,VERB
;,PUNCT
porque,SCONJ
siempre,ADV
se,PRON
mantiene,VERB
con,ADP
la,DET
cabeza,NOUN
á,ADP
flor,NOUN
de,ADP
agua,NOUN
y,CCONJ
observa,VERB
á,ADP
ver,VERB
si,SCONJ
se,PRON
presenta,VERB
algo,PRON
que,PRON
sea,AUX
hombre,NOUN
ó,CCONJ
bestia,NOUN
",",PUNCT
que,PRON
pueda,AUX
matar,VERB
y,CCONJ
envolver,VERB
.,PUNCT
"

",SPACE
De,ADP
allí,ADV
marchamos,VERB
nosotros,PRON
adelante,ADV
un,DET
mes,NOUN
largo,ADJ
y,CCONJ
seguido,ADJ
",",PUNCT
100,NUM
millas,NOUN
(,PUNCT
leguas,NOUN
),PUNCT
de,ADP
camino,NOUN
",",PUNCT
y,CCONJ
llegamos,VERB
a,ADP
un,DET
pueblo,NOUN
grande,ADJ
llamado,ADJ
Scherebethuebá,PROPN
",",PUNCT
allí,ADV
nos,PRON
quedamos,VERB
3,NUM
días,NOUN
y,CCONJ
estábamos,AUX
muy,ADV
rendidos,ADJ
;,PUNCT
no,ADV
nos,PRON
había,AUX
sobrado,VERB
de,ADP
comer,VERB
",",PUNCT
porque,SCONJ
nuestro,DET
principal,ADJ
alimento,NOUN
era,AUX
miel,ADJ
",",PUNCT
con,ADP
lo,PRON
que,PRON
estábamos,AUX
todos,PRON
sin,ADP
fuerzas,NOUN
;,PUNCT
así,ADV
",",PUNCT
pues,SCONJ
",",PUNCT
cualquiera,PRON
puede,AUX
con,ADP
lo,PRON
dicho,ADJ
hacerse,VERB
cargo,NOUN
de,ADP
los,DET
peligros,NOUN
y,CCONJ
de,ADP
la,DET
pobre,ADJ
y,CCONJ
mala,ADJ
vida,NOUN
que,PRON
fué,AUX
la,DET
nuestra,DET
en,ADP
tan,ADV
dilatado,ADJ
viaje,NOUN
",",PUNCT
muy,ADV
particularmente,ADV
en,ADP
lo,PRON
tocante,ADJ
á,ADP
la,DET
comida,NOUN
",",PUNCT
bebida,NOUN
y,CCONJ
dormidas,ADJ
;,PUNCT
la,DET
cama,NOUN
que,PRON
cada,DET
uno,PRON
traía,VERB
consigo,ADJ
",",PUNCT
pesaba,VERB
4,NUM
ó,CCONJ
5,NUM
libras,NOUN
",",PUNCT
(,PUNCT
y,CCONJ
),PUNCT
era,AUX
de,ADP
algodón,NOUN
;,PUNCT
se,PRON
hacen,VERB
en,ADP
forma,NOUN
de,ADP
red,NOUN
",",PUNCT
se,PRON
atan,VERB
á,ADP
2,NUM
árboles,NOUN
",",PUNCT
y,CCONJ
allí,ADV
se,PRON
echa,VERB
encima,ADV
cada,DET
uno,PRON
;,PUNCT
esto,PRON
se,PRON
hace,VERB
en,ADP
el,DET
bosque,NOUN
bajo,ADP
del,ADP
azulado,NOUN
cielo,NOUN
;,PUNCT
porque,SCONJ
si,SCONJ
no,ADV
son,AUX
muchos,PRON
los,DET
que,PRON
juntos,ADJ
marchan,VERB
por,ADP
tierra,NOUN
en,ADP
Indiam,PROPN
(,PUNCT
Indias,PROPN
),PUNCT
",",PUNCT
es,AUX
más,ADV
seguro,ADJ
sacarla,VERB
bien,ADV
en,ADP
el,DET
bosque,NOUN
que,PRON
en,ADP
las,DET
casas,NOUN
ó,CCONJ
pueblos,NOUN
de,ADP
los,DET
Indios,PROPN
.,PUNCT
"

",SPACE
Ahora,ADV
marchamos,VERB
nosotros,PRON
á,ADP
un,DET
pueblo,NOUN
que,PRON
pertenece,VERB
á,ADP
los,DET
Cristianos,PROPN
",",PUNCT
en,ADP
que,PRON
el,DET
principal,ADJ
se,PRON
llama,VERB
Johann,PROPN
Kaimunnelle,PROPN
(,PUNCT
Juan,PROPN
Ramallo,PROPN
),PUNCT
y,CCONJ
por,ADP
suerte,NOUN
nuestra,DET
no,ADV
estaba,AUX
en,ADP
casa,NOUN
",",PUNCT
porque,SCONJ
este,DET
pueblo,NOUN
me,PRON
pareció,VERB
una,DET
cueva,NOUN
de,ADP
ladrones,NOUN
;,PUNCT
fué,AUX
que,SCONJ
el,DET
dicho,ADJ
principal,ADJ
estaba,AUX
en,ADP
casa,NOUN
de,ADP
otro,DET
Cristiano,PROPN
en,ADP
Vincendo,PROPN
(,PUNCT
San,PROPN
Vicente,PROPN
),PUNCT
y,CCONJ
estos,PRON
desde,ADP
ya,ADV
antes,ADV
estaban,VERB
por,ADP
entrar,VERB
en,ADP
un,DET
arreglo,NOUN
entre,ADP
sí,PRON
;,PUNCT
estos,PRON
800,NUM
Cristianos,PROPN
",",PUNCT
pues,SCONJ
",",PUNCT
en,ADP
los,DET
2,NUM
pueblos,NOUN
dependen,VERB
del,ADP
rey,NOUN
de,ADP
Portugal,PROPN
",",PUNCT
y,CCONJ
del,ADP
dicho,ADJ
Kaimunnelle,PROPN
(,PUNCT
Ramallo,PROPN
),PUNCT
",",PUNCT
quien,PRON
según,ADP
él,PRON
mismo,DET
lo,PRON
asegura,VERB
hace,VERB
ya,ADV
40,NUM
años,NOUN
largos,ADJ
que,PRON
ha,AUX
vivido,VERB
",",PUNCT
mandado,ADJ
",",PUNCT
peleado,ADJ
y,CCONJ
conquistado,ADJ
en,ADP
tierra,NOUN
de,ADP
Indias,PROPN
",",PUNCT
razón,NOUN
por,ADP
la,DET
que,PRON
quiere,VERB
seguir,VERB
mandando,VERB
en,ADP
la,DET
misma,PRON
con,ADP
preferencia,NOUN
á,ADP
cualquier,DET
otro,PRON
",",PUNCT
cosa,NOUN
que,PRON
el,DET
otro,PRON
tal,PRON
no,ADV
se,PRON
la,PRON
consiente,NOUN
",",PUNCT
y,CCONJ
por,ADP
lo,PRON
tanto,NOUN
se,PRON
hacen,VERB
entrambos,NOUN
la,DET
guerra,NOUN
;,PUNCT
y,CCONJ
este,DET
más,ADV
nombrado,ADJ
Kaimunnelle,PROPN
(,PUNCT
Ramallo,PROPN
),PUNCT
puede,AUX
en,ADP
un,DET
día,NOUN
reunir,VERB
50.000,NUM
Indios,PROPN
",",PUNCT
mientras,CCONJ
que,SCONJ
el,DET
rey,NOUN
no,ADV
reúne,VERB
2.000,NUM
;,PUNCT
tanto,ADV
es,AUX
el,DET
poder,NOUN
y,CCONJ
el,DET
prestigio,NOUN
de,ADP
que,SCONJ
él,PRON
goza,VERB
en,ADP
la,DET
tierra,NOUN
.,PUNCT
"

",SPACE
Pero,CCONJ
sucedió,VERB
que,SCONJ
el,DET
hijo,NOUN
del,ADP
tantas,DET
veces,NOUN
nombrado,ADJ
Kaimunnelle,PROPN
(,PUNCT
Ramallo,PROPN
),PUNCT
había,AUX
estado,VERB
allí,ADV
cuando,SCONJ
llegamos,VERB
nosotros,PRON
al,ADP
susodicho,NOUN
pueblo,NOUN
",",PUNCT
quien,PRON
nos,PRON
recibió,VERB
bien,ADV
",",PUNCT
aunque,SCONJ
nosotros,PRON
teníamos,VERB
que,SCONJ
desconfiar,VERB
más,ADV
de,ADP
él,PRON
que,SCONJ
de,ADP
los,DET
Indios,PROPN
;,PUNCT
mas,ADV
como,SCONJ
aquí,ADV
nos,PRON
fué,AUX
bien,ADV
",",PUNCT
demos,VERB
siempre,ADV
gracias,NOUN
á,ADP
Dios,PROPN
el,DET
Creador,PROPN
por,ADP
Cristo,PROPN
Jesús,PROPN
",",PUNCT
su,DET
único,ADJ
Hijo,PROPN
",",PUNCT
que,PRON
hasta,ADP
aquí,ADV
tanto,ADV
nos,PRON
ha,AUX
favorecido,VERB
y,CCONJ
de,ADP
todos,NOUN
modos,NOUN
nos,PRON
ha,AUX
amparado,VERB
.,PUNCT
"

",SPACE
CAPÍTULO,PROPN
LIII,PROPN
"
",SPACE
LLEGADA,NOUN
A,ADP
SAN,PROPN
VICENTE,PROPN
.,PUNCT
VIAJE,PROPN
Á,PROPN
ESPAÑA,PROPN
.,PUNCT
MARAVILLAS,PROPN
DEL,ADP
MAR,PROPN
"

",SPACE
Ahora,ADV
marchamos,VERB
algo,PRON
más,ADV
adelante,ADV
á,ADP
una,DET
pequeña,ADJ
ciudad,NOUN
llamada,ADJ
S.,PROPN
Vicendo,PROPN
(,PUNCT
San,PROPN
Vicente,PROPN
),PUNCT
",",PUNCT
20,NUM
millas,NOUN
(,PUNCT
leguas,NOUN
),PUNCT
de,ADP
camino,NOUN
;,PUNCT
allá,ADV
llegamos,VERB
el,DET
año,NOUN
1553,NUM
anno,PROPN
Domini,PROPN
",",PUNCT
el,DET
13,NUM
de,ADP
junio,NOUN
",",PUNCT
en,ADP
día,NOUN
de,ADP
San,PROPN
Antonio,PROPN
y,CCONJ
dimos,VERB
con,ADP
un,DET
navío,NOUN
portugués,ADJ
",",PUNCT
que,PRON
estaba,AUX
allí,ADV
cargado,ADJ
con,ADP
azúcar,NOUN
",",PUNCT
palo,NOUN
de,ADP
Brasil,PROPN
y,CCONJ
algodón,NOUN
",",PUNCT
y,CCONJ
pertenecía,VERB
al,ADP
honorable,ADJ
Schezen,PROPN
;,PUNCT
su,DET
factor,NOUN
está,VERB
en,ADP
Lisabonna,PROPN
(,PUNCT
Lisboa,PROPN
),PUNCT
",",PUNCT
se,PRON
llama,VERB
Johann,PROPN
vonn,PROPN
Huessen,PROPN
",",PUNCT
quien,PRON
á,ADP
más,ADV
tiene,VERB
otro,DET
factor,NOUN
allí,ADV
en,ADP
Vincendo,PROPN
(,PUNCT
S.,PROPN
Vicente,PROPN
),PUNCT
",",PUNCT
llamado,ADJ
Petter,PROPN
Rosel,PROPN
.,PUNCT
"

",SPACE
Iten,PROPN
los,DET
antedichos,ADJ
señores,NOUN
Schezenn,PROPN
y,CCONJ
Johan,PROPN
von,PROPN
Halsen,PROPN
tienen,VERB
allá,ADV
en,ADP
la,DET
tierra,NOUN
muchos,DET
pueblos,NOUN
y,CCONJ
villorrios,NOUN
azucareros,ADJ
",",PUNCT
en,ADP
que,PRON
se,PRON
hace,VERB
azúcar,NOUN
año,NOUN
redondo,ADJ
.,PUNCT
Así,ADV
",",PUNCT
pues,SCONJ
",",PUNCT
me,PRON
recibió,VERB
el,DET
susodicho,NOUN
Petter,PROPN
Rossel,PROPN
muy,ADV
amistosamente,ADV
y,CCONJ
me,PRON
trató,VERB
muy,ADV
en,ADP
grande,ADJ
;,PUNCT
él,PRON
también,ADV
me,PRON
recomendó,VERB
á,ADP
la,DET
tripulación,NOUN
con,ADP
que,PRON
tenía,VERB
que,SCONJ
navegar,VERB
",",PUNCT
y,CCONJ
les,PRON
pidió,VERB
que,SCONJ
se,PRON
quisiesen,VERB
poner,VERB
á,ADP
mis,DET
órdenes,NOUN
",",PUNCT
lo,PRON
que,PRON
después,ADV
cumplió,VERB
con,ADP
exactitud,NOUN
el,DET
capitán,NOUN
este,PROPN
",",PUNCT
y,CCONJ
[,PRON
yo,PRON
],PROPN
confieso,VERB
que,SCONJ
es,AUX
así,ADV
;,PUNCT
así,ADV
nos,PRON
quedamos,VERB
aún,ADV
11,NUM
días,NOUN
en,ADP
la,DET
ciudad,NOUN
Vincendo,PROPN
(,PUNCT
S.,PROPN
Vicente,PROPN
),PUNCT
",",PUNCT
para,ADP
prepararnos,VERB
y,CCONJ
proveernos,VERB
de,ADP
todo,DET
lo,PRON
necesario,ADJ
que,PRON
puede,AUX
á,ADP
uno,PRON
hacerle,VERB
falta,NOUN
en,ADP
alta,NOUN
mar,NOUN
.,PUNCT
Iten,PROPN
echamos,VERB
6,NUM
meses,NOUN
largos,ADJ
",",PUNCT
de,ADP
la,DET
ciudad,NOUN
Nostra,PROPN
Singnora,PROPN
de,ADP
Sunssión,PROPN
hasta,ADP
la,DET
ciudad,NOUN
S.,PROPN
Vicendo,PROPN
en,ADP
Presiell,PROPN
(,PUNCT
Brasil,PROPN
),PUNCT
y,CCONJ
hay,AUX
476,NUM
millas,NOUN
(,PUNCT
leguas,NOUN
),PUNCT
de,ADP
camino,NOUN
.,PUNCT
"
",SPACE
Después,ADV
nos,PRON
hicimos,VERB
á,ADP
la,DET
vela,NOUN
",",PUNCT
en,ADP
seguida,NOUN
de,ADP
habernos,NOUN
despachado,VERB
de,ADP
lo,PRON
que,PRON
había,AUX
que,SCONJ
hacer,VERB
",",PUNCT
y,CCONJ
salimos,VERB
de,ADP
la,DET
ciudad,NOUN
S.,PROPN
Vincenndo,VERB
el,DET
año,NOUN
1553,NUM
",",PUNCT
anno,PROPN
Domini,PROPN
",",PUNCT
el,DET
24,NUM
de,ADP
junio,NOUN
",",PUNCT
día,NOUN
de,ADP
San,PROPN
Juan,PROPN
;,PUNCT
así,ADV
mismo,ADV
estuvimos,VERB
nosotros,PRON
14,NUM
días,NOUN
largos,ADJ
en,ADP
el,DET
piélago,NOUN
o,CCONJ
mar,NOUN
",",PUNCT
sin,ADP
alcanzar,VERB
un,DET
viento,NOUN
favorable,ADJ
",",PUNCT
antes,ADV
al,ADP
contrario,ADJ
tormentas,NOUN
y,CCONJ
tiempo,NOUN
horrible,ADJ
sin,ADP
tregua,NOUN
",",PUNCT
así,ADV
que,SCONJ
no,ADV
podíamos,AUX
atinar,VERB
adonde,SCONJ
estábamos,VERB
;,PUNCT
á,ADP
todo,DET
esto,PRON
se,PRON
nos,PRON
tronchó,VERB
el,DET
mástil,NOUN
del,ADP
navío,NOUN
",",PUNCT
que,PRON
empezó,VERB
a,ADP
hacer,VERB
mucha,DET
agua,NOUN
",",PUNCT
así,ADV
que,SCONJ
tuvimos,VERB
que,SCONJ
acercarnos,VERB
á,ADP
tierra,NOUN
y,CCONJ
llegamos,VERB
á,ADP
un,DET
puerto,NOUN
ó,CCONJ
bahía,NOUN
llamada,ADJ
ciudad,NOUN
Spiritu,PROPN
Sanntto,PROPN
(,PUNCT
Victoria,PROPN
),PUNCT
",",PUNCT
está,VERB
en,ADP
Presil,PROPN
(,PUNCT
Brasil,PROPN
),PUNCT
en,ADP
Inndia,PROPN
(,PUNCT
Indias,PROPN
),PUNCT
",",PUNCT
pertenece,VERB
al,ADP
rey,NOUN
de,ADP
Portugal,PROPN
",",PUNCT
hay,AUX
Cristianos,PROPN
en,ADP
la,DET
ciudad,NOUN
",",PUNCT
con,ADP
sus,DET
mujeres,NOUN
é,CCONJ
hijos,NOUN
hacen,VERB
azúcar,NOUN
",",PUNCT
tienen,VERB
algodón,NOUN
y,CCONJ
palo,NOUN
de,ADP
Brasil,PROPN
y,CCONJ
de,ADP
otras,DET
clases,NOUN
que,PRON
por,ADP
allí,ADV
se,PRON
encuentran,VERB
.,PUNCT
"

",SPACE
En,ADP
estos,DET
lugares,NOUN
del,ADP
mar,NOUN
entre,ADP
S.,PROPN
Vincenndo,PROPN
y,CCONJ
Spiritu,PROPN
Sannto,PROPN
es,AUX
donde,PRON
más,ADV
se,PRON
encuentra,VERB
la,DET
ballena,NOUN
ó,CCONJ
cetáceo,NOUN
;,PUNCT
hacen,VERB
mucho,DET
daño,NOUN
",",PUNCT
por,ADP
ejemplo,NOUN
",",PUNCT
cuando,SCONJ
se,PRON
quiere,VERB
navegar,VERB
de,ADP
un,DET
puerto,NOUN
al,ADP
otro,PRON
en,ADP
pequeños,ADJ
navíos,NOUN
",",PUNCT
que,PRON
al,ADP
fin,NOUN
son,AUX
algo,PRON
mayores,ADJ
que,SCONJ
los,DET
navíos,NOUN
grandes,ADJ
de,ADP
aquí,ADV
en,ADP
esta,DET
tierra,NOUN
(,PUNCT
Baviera,PROPN
),PUNCT
",",PUNCT
allí,ADV
se,PRON
presentan,VERB
estas,DET
ballenas,NOUN
en,ADP
mesnada,ADJ
y,CCONJ
arman,VERB
batalla,NOUN
entre,ADP
sí,PRON
",",PUNCT
y,CCONJ
si,SCONJ
en,ADP
esto,PRON
se,PRON
encuentran,VERB
con,ADP
el,DET
navío,NOUN
",",PUNCT
allí,ADV
lo,PRON
hacen,VERB
zozobrar,VERB
con,ADP
gente,NOUN
y,CCONJ
todo,PRON
.,PUNCT
Estas,DET
ballenas,NOUN
vomitan,VERB
ó,CCONJ
arrojan,VERB
agua,NOUN
constantemente,ADV
por,ADP
la,DET
boca,NOUN
",",PUNCT
y,CCONJ
una,DET
que,PRON
otra,DET
vez,NOUN
tanta,DET
cuanta,NOUN
cabe,VERB
en,ADP
un,DET
buen,ADJ
tonel,NOUN
de,ADP
Francia,PROPN
;,PUNCT
y,CCONJ
el,DET
tal,DET
golpe,NOUN
de,ADP
agua,NOUN
lo,PRON
produce,VERB
ella,PRON
cada,DET
y,CCONJ
cuando,SCONJ
mete,VERB
la,DET
cabeza,NOUN
bajo,ADP
del,ADP
agua,NOUN
y,CCONJ
la,PRON
vuelve,VERB
á,ADP
sacar,VERB
:,PUNCT
esto,PRON
hace,VERB
ella,PRON
día,NOUN
y,CCONJ
noche,NOUN
y,CCONJ
quien,PRON
por,ADP
primera,ADJ
vez,NOUN
lo,PRON
ve,VERB
se,PRON
hace,VERB
de,ADP
cuenta,NOUN
que,SCONJ
tiene,VERB
un,DET
peñasco,NOUN
á,ADP
la,DET
par,NOUN
.,PUNCT
Mucho,ADV
habría,AUX
que,SCONJ
escribir,VERB
del,ADP
pez,NOUN
este,DET
.,PUNCT
"
",SPACE
Iten,PROPN
hay,AUX
también,ADV
cantidad,NOUN
de,ADP
otros,DET
peces,NOUN
raros,ADJ
y,CCONJ
maravillas,NOUN
del,ADP
mar,NOUN
",",PUNCT
de,ADP
las,DET
que,PRON
todo,DET
lo,PRON
que,PRON
se,PRON
puede,AUX
decir,VERB
y,CCONJ
contar,VERB
",",PUNCT
por,ADP
más,ADV
detallado,ADJ
que,SCONJ
fuese,AUX
",",PUNCT
sería,AUX
poco,ADV
.,PUNCT
Hay,AUX
otro,DET
pez,NOUN
muy,ADV
grande,ADJ
",",PUNCT
se,PRON
llama,VERB
en,ADP
español,NOUN
sumere,PROPN
",",PUNCT
esto,NOUN
es,AUX
en,ADP
alemán,ADJ
schnub-huet,PROPN
vischs,PROPN
(,PUNCT
pez,NOUN
sombrerero,ADJ
de,ADP
paja,NOUN
),PUNCT
;,PUNCT
es,AUX
este,DET
un,DET
pez,NOUN
del,ADP
que,PRON
todo,DET
lo,PRON
que,PRON
se,PRON
diga,VERB
y,CCONJ
escriba,VERB
es,AUX
poco,ADV
;,PUNCT
tal,PRON
es,NOUN
de,ADP
grande,ADJ
",",PUNCT
de,ADP
fuerte,ADJ
y,CCONJ
de,ADP
poderoso,ADJ
el,DET
tal,DET
pez,NOUN
;,PUNCT
en,ADP
algunas,DET
partes,NOUN
perjudica,VERB
mucho,ADV
á,ADP
los,DET
navíos,NOUN
;,PUNCT
porque,SCONJ
siendo,AUX
que,SCONJ
no,ADV
corra,VERB
viento,NOUN
",",PUNCT
y,CCONJ
que,SCONJ
por,ADP
ello,PRON
están,VERB
los,DET
navíos,NOUN
encalmados,ADJ
sin,ADP
poder,AUX
marchar,VERB
ni,ADV
para,ADP
atrás,ADV
ni,CCONJ
para,ADP
adelante,ADV
;,PUNCT
cuando,SCONJ
el,DET
pez,NOUN
embiste,VERB
a,ADP
navío,NOUN
con,ADP
un,DET
golpe,NOUN
tan,ADV
recio,ADJ
",",PUNCT
que,PRON
todo,DET
él,PRON
tiembla,VERB
y,CCONJ
se,PRON
estremece,VERB
",",PUNCT
entonces,ADV
al,ADP
punto,NOUN
hay,AUX
que,SCONJ
arrojarle,VERB
del,ADP
navío,NOUN
una,DET
ó,CCONJ
dos,NUM
grandes,ADJ
pipas,NOUN
;,PUNCT
y,CCONJ
así,ADV
el,DET
dicho,ADJ
pez,NOUN
se,PRON
apodera,VERB
de,ADP
las,DET
barricas,NOUN
",",PUNCT
deja,VERB
al,ADP
navío,NOUN
y,CCONJ
juega,VERB
con,ADP
ellas,PRON
.,PUNCT
"

",SPACE
Iten,PROPN
más,ADV
otro,DET
pez,NOUN
muy,ADV
grande,ADJ
",",PUNCT
llamado,ADJ
pesche,PROPN
spaide,ADJ
(,PUNCT
pez,NOUN
spaide,PROPN
),PUNCT
",",PUNCT
esto,NOUN
es,AUX
en,ADP
alemán,ADJ
vischsmesser,PROPN
ó,CCONJ
schwertmesser,PROPN
",",PUNCT
hace,VERB
gran,ADJ
daño,NOUN
á,ADP
los,DET
demás,PRON
peces,NOUN
",",PUNCT
y,CCONJ
cuando,SCONJ
aquellos,PRON
se,PRON
pelean,VERB
entre,ADP
sí,PRON
",",PUNCT
es,AUX
la,DET
cosa,NOUN
como,SCONJ
cuando,SCONJ
en,ADP
tierra,NOUN
se,PRON
juntan,VERB
2,NUM
caballos,NOUN
bellacos,ADJ
y,CCONJ
se,PRON
acometen,VERB
uno,PRON
al,ADP
otro,PRON
:,PUNCT
lo,PRON
cual,PRON
es,AUX
divertido,ADJ
ver,VERB
en,ADP
la,DET
mar,NOUN
;,PUNCT
mas,ADV
cuando,SCONJ
los,DET
peces,NOUN
pelean,VERB
entre,ADP
sí,PRON
",",PUNCT
por,ADP
lo,PRON
general,ADJ
sobreviene,VERB
mal,ADV
tiempo,NOUN
en,ADP
la,DET
mar,NOUN
.,PUNCT
Ítem,PROPN
más,ADV
hay,AUX
otro,DET
pez,NOUN
grande,ADJ
y,CCONJ
malo,ADJ
",",PUNCT
que,PRON
supera,VERB
á,ADP
todos,PRON
en,ADP
aquello,PRON
de,ADP
pelear,VERB
ó,CCONJ
batirse,VERB
;,PUNCT
se,PRON
llama,VERB
en,ADP
español,NOUN
serre,NOUN
pesche,PROPN
(,PUNCT
pez,NOUN
sierra,PROPN
),PUNCT
",",PUNCT
en,ADP
alemán,ADJ
sägvischs,PROPN
.,PUNCT
Hay,AUX
otros,DET
peces,NOUN
más,ADV
cuyos,PRON
nombres,NOUN
no,ADV
los,PRON
sé,VERB
.,PUNCT
Iten,PROPN
peces,NOUN
voladores,ADJ
y,CCONJ
otros,DET
peces,NOUN
grandes,ADJ
llamados,ADJ
doninnen,PROPN
(,PUNCT
toninas,NOUN
),PUNCT
.,PUNCT
"

",SPACE
CAPÍTULO,PROPN
LIV,PROPN
"
",SPACE
LLEGADA,NOUN
Á,PROPN
LISBOA,PROPN
Y,CCONJ
SEVILLA,PROPN
.,PUNCT
PASA,PROPN
Á,PROPN
CÁDIZ,PROPN
.,PUNCT
ESCAPADA,NOUN
DE,ADP
UN,DET
NAUFRAFIO,PROPN
"

",SPACE
Así,ADV
pues,SCONJ
navegamos,VERB
4,NUM
meses,NOUN
largos,ADJ
seguidos,ADJ
en,ADP
la,DET
mar,NOUN
",",PUNCT
sin,ADP
que,SCONJ
viésemos,VERB
tierra,NOUN
alguna,DET
",",PUNCT
y,CCONJ
conducíamos,VERB
mercaderías,NOUN
del,ADP
dicho,ADJ
puerto,NOUN
Spíritu,PROPN
Sancto,PROPN
.,PUNCT
"

",SPACE
Después,ADV
llegamos,VERB
á,ADP
una,DET
isla,NOUN
llamada,ADJ
Iesle,PROPN
de,ADP
Terzero,PROPN
(,PUNCT
Isla,PROPN
Terceira,PROPN
),PUNCT
",",PUNCT
allí,ADV
volvimos,VERB
á,ADP
tomar,VERB
víveres,NOUN
",",PUNCT
pan,NOUN
",",PUNCT
carne,NOUN
y,CCONJ
agua,NOUN
y,CCONJ
lo,PRON
demás,PRON
que,PRON
nos,PRON
faltaba,VERB
y,CCONJ
nos,PRON
quedamos,VERB
allí,ADV
2,NUM
días,NOUN
enteros,ADJ
;,PUNCT
pertenece,VERB
al,ADP
rey,NOUN
de,ADP
Portugal,PROPN
.,PUNCT
"

",SPACE
De,ADP
allí,ADV
navegamos,VERB
á,ADP
Lisebonna,PROPN
(,PUNCT
Lisboa,PROPN
),PUNCT
a,ADP
los,DET
14,NUM
días,NOUN
",",PUNCT
año,NOUN
1553,NUM
",",PUNCT
anno,PROPN
domini,PROPN
",",PUNCT
Setiembre,NOUN
30,NUM
;,PUNCT
el,DET
día,NOUN
de,ADP
Sannt,PROPN
Jerónimo,PROPN
arribamos,VERB
allí,ADV
y,CCONJ
nos,PRON
quedamos,VERB
14,NUM
días,NOUN
largos,ADJ
en,ADP
la,DET
ciudad,NOUN
de,ADP
Lisebonna,PROPN
.,PUNCT
Allí,ADV
se,PRON
me,PRON
murieron,VERB
2,NUM
indios,NOUN
que,PRON
traía,VERB
yo,PRON
conmigo,PRON
de,ADP
la,DET
tierra,NOUN
(,PUNCT
el,DET
Paraguay,PROPN
),PUNCT
.,PUNCT
De,ADP
allí,ADV
viajé,VERB
per,ADP
postman,PROPN
(,PUNCT
por,ADP
la,DET
posta,NOUN
),PUNCT
á,ADP
Sevilla,PROPN
en,ADP
6,NUM
días,NOUN
-son,NUM
72,NUM
millas,NOUN
(,PUNCT
leguas,NOUN
),PUNCT
;,PUNCT
y,CCONJ
me,PRON
quedé,VERB
unas,PRON
4,NUM
semanas,NOUN
largas,ADJ
hasta,ADP
que,SCONJ
estuviesen,AUX
listos,ADJ
los,DET
navíos,NOUN
;,PUNCT
después,ADV
salí,VERB
de,ADP
Sevilla,PROPN
por,ADP
agua,NOUN
y,CCONJ
llegué,VERB
en,ADP
2,NUM
días,NOUN
á,ADP
la,DET
ciudad,NOUN
de,ADP
S.,PROPN
Lucas,PROPN
(,PUNCT
San,PROPN
Lúcar,PROPN
de,ADP
Barrameda,PROPN
),PUNCT
donde,PRON
me,PRON
quedé,VERB
hasta,ADP
el,DET
otro,DET
día,NOUN
.,PUNCT
De,ADP
allí,ADV
viajé,VERB
yo,PRON
un,DET
día,NOUN
de,ADP
camino,NOUN
por,ADP
tierra,NOUN
y,CCONJ
llegué,VERB
á,ADP
una,DET
ciudad,NOUN
llamada,ADJ
Portta,PROPN
S.,PROPN
Marie,PROPN
(,PUNCT
Puerto,PROPN
de,ADP
Santa,PROPN
María,PROPN
),PUNCT
",",PUNCT
de,ADP
donde,PRON
anduve,VERB
8,NUM
millas,NOUN
(,PUNCT
leguas,NOUN
),PUNCT
de,ADP
camino,NOUN
por,ADP
agua,NOUN
y,CCONJ
llegué,VERB
á,ADP
la,DET
ciudad,NOUN
Calles,PROPN
(,PUNCT
Cádiz,PROPN
),PUNCT
",",PUNCT
allí,ADV
á,ADP
la,DET
sazón,NOUN
estaban,VERB
los,DET
navíos,NOUN
holandeses,ADJ
",",PUNCT
que,PRON
debían,AUX
partir,VERB
para,ADP
los,DET
Países,PROPN
Bajos,PROPN
;,PUNCT
los,DET
mismos,PRON
que,PRON
eran,AUX
unos,DET
25,NUM
",",PUNCT
todos,DET
navíos,NOUN
grandes,ADJ
",",PUNCT
que,PRON
se,PRON
llaman,VERB
hulckhenn,PROPN
(,PUNCT
urcas,ADJ
),PUNCT
.,PUNCT
"

",SPACE
Entre,ADP
estos,DET
25,NUM
navíos,NOUN
había,AUX
uno,PRON
nuevo,ADJ
",",PUNCT
grande,ADJ
y,CCONJ
muy,ADV
lindo,ADJ
",",PUNCT
que,PRON
sólo,ADV
había,AUX
hecho,VERB
un,DET
viaje,NOUN
de,ADP
Andorff,PROPN
(,PUNCT
Amberes,PROPN
),PUNCT
á,ADP
Hispaniam,PROPN
;,PUNCT
así,ADV
pues,SCONJ
me,PRON
aconsejaron,VERB
los,DET
comerciantes,NOUN
que,PRON
debía,AUX
yo,PRON
embarcarme,VERB
en,ADP
este,DET
navío,NOUN
nuevo,ADJ
;,PUNCT
y,CCONJ
el,DET
patrón,NOUN
se,PRON
llamaba,VERB
Heinrich,PROPN
Ses,PROPN
;,PUNCT
era,AUX
un,DET
hombre,NOUN
honorable,ADJ
y,CCONJ
capaz,ADJ
",",PUNCT
con,ADP
él,PRON
traté,VERB
yo,PRON
y,CCONJ
arreglé,VERB
mi,DET
pasage,PROPN
",",PUNCT
también,ADV
la,DET
comida,NOUN
y,CCONJ
las,DET
demás,PRON
cosas,NOUN
que,PRON
faltaban,VERB
para,ADP
este,DET
viaje,NOUN
",",PUNCT
por,ADP
todo,DET
esto,PRON
cerré,VERB
yo,PRON
trato,VERB
con,ADP
él,PRON
.,PUNCT
Esa,DET
misma,DET
noche,NOUN
acabé,VERB
yo,PRON
de,ADP
aprestarme,NOUN
de,ADP
todo,PRON
",",PUNCT
é,CCONJ
hice,VERB
llevar,VERB
mi,DET
botín,NOUN
",",PUNCT
vino,NOUN
",",PUNCT
pan,NOUN
y,CCONJ
cosas,NOUN
por,ADP
el,DET
estilo,NOUN
",",PUNCT
también,ADV
los,DET
papagayos,NOUN
que,PRON
había,AUX
yo,PRON
traído,VERB
de,ADP
India,PROPN
(,PUNCT
Indias,PROPN
),PUNCT
",",PUNCT
todo,PRON
al,ADP
navío,NOUN
;,PUNCT
y,CCONJ
por,ADP
último,ADJ
convine,VERB
con,ADP
el,DET
patrón,NOUN
que,PRON
para,ADP
complacerme,VERB
me,PRON
haría,VERB
anunciar,VERB
la,DET
hora,NOUN
de,ADP
partir,NOUN
",",PUNCT
lo,PRON
que,PRON
el,DET
patrón,NOUN
me,PRON
prometió,VERB
",",PUNCT
y,CCONJ
que,SCONJ
no,ADV
se,PRON
iría,VERB
sin,ADP
mí,PRON
",",PUNCT
sino,CCONJ
que,SCONJ
con,ADP
toda,DET
seguridad,NOUN
me,PRON
haría,VERB
avisar,VERB
.,PUNCT
Ahora,ADV
sucedió,VERB
que,SCONJ
el,DET
dicho,ADJ
patrón,NOUN
esa,DET
misma,DET
noche,NOUN
tomó,VERB
algo,PRON
de,ADP
más,ADV
",",PUNCT
así,ADV
que,SCONJ
(,PUNCT
por,ADP
suerte,NOUN
mía,PRON
),PUNCT
se,PRON
olvidó,VERB
y,CCONJ
me,PRON
dejó,VERB
en,ADP
la,DET
posada,NOUN
",",PUNCT
sucedió,VERB
que,SCONJ
2,NUM
horas,NOUN
antes,ADV
de,ADP
amanecer,VERB
",",PUNCT
el,DET
timonel,NOUN
",",PUNCT
que,PRON
era,AUX
quien,PRON
manejaba,VERB
el,DET
navío,NOUN
",",PUNCT
hizo,VERB
que,SCONJ
se,PRON
levase,VERB
el,DET
ancla,NOUN
",",PUNCT
y,CCONJ
allí,ADV
se,PRON
hizo,VERB
a,ADP
la,DET
vela,NOUN
.,PUNCT
Y,CCONJ
cuando,SCONJ
yo,PRON
de,ADP
mañana,ADV
fui,AUX
á,ADP
buscar,VERB
el,DET
navío,NOUN
",",PUNCT
ya,ADV
estaba,VERB
este,DET
una,DET
milla,PROPN
(,PUNCT
legua,NOUN
),PUNCT
larga,ADJ
de,ADP
camino,NOUN
distante,ADJ
de,ADP
tierra,NOUN
;,PUNCT
en,ADP
seguida,NOUN
tuve,VERB
que,SCONJ
buscarme,VERB
otro,DET
navío,NOUN
y,CCONJ
cerrar,VERB
trato,NOUN
con,ADP
otro,DET
capitán,NOUN
",",PUNCT
al,ADP
que,PRON
tuve,VERB
que,SCONJ
darle,VERB
lo,PRON
mismo,PRON
que,SCONJ
al,ADP
anterior,ADJ
;,PUNCT
así,ADV
partimos,VERB
al,ADP
punto,NOUN
de,ADP
allí,ADV
con,ADP
los,DET
otros,PRON
24,NUM
navíos,NOUN
y,CCONJ
tuvimos,VERB
viento,NOUN
favorable,ADJ
los,DET
primeros,ADJ
3,NUM
días,NOUN
",",PUNCT
mas,ADV
después,ADV
nos,PRON
vino,VERB
un,DET
viento,NOUN
fuerte,ADJ
y,CCONJ
contrario,ADJ
",",PUNCT
de,ADP
suerte,NOUN
que,SCONJ
no,ADV
podíamos,AUX
seguir,VERB
navegando,VERB
;,PUNCT
estuvimos,VERB
",",PUNCT
pues,SCONJ
",",PUNCT
5,NUM
días,NOUN
largos,ADJ
siempre,ADV
en,ADP
gran,ADJ
peligro,NOUN
esperando,VERB
bonanza,NOUN
;,PUNCT
pero,CCONJ
cuanto,ADV
más,ADV
nos,PRON
demorábamos,VERB
más,ADV
brava,PROPN
se,PRON
ponía,VERB
la,DET
mar,NOUN
",",PUNCT
hasta,ADP
que,SCONJ
ya,ADV
no,ADV
nos,PRON
fue,AUX
posible,ADJ
esperar,VERB
más,ADV
mar,NOUN
afuera,ADV
",",PUNCT
sino,CCONJ
que,SCONJ
tuvimos,VERB
que,SCONJ
regresar,VERB
para,ADP
atrás,ADV
por,ADP
el,DET
camino,NOUN
que,PRON
habíamos,AUX
traído,VERB
.,PUNCT
"

",SPACE
Ahora,ADV
es,AUX
costumbre,NOUN
en,ADP
práctica,NOUN
de,ADP
la,DET
mar,NOUN
",",PUNCT
que,SCONJ
los,DET
marineros,NOUN
y,CCONJ
patrones,NOUN
hagan,VERB
un,DET
capitán,NOUN
general,ADJ
entre,ADP
ellos,PRON
",",PUNCT
que,PRON
en,ADP
español,NOUN
se,PRON
llama,VERB
almerando,VERB
(,PUNCT
almirante,NOUN
),PUNCT
;,PUNCT
este,PRON
manda,VERB
a,ADP
todos,DET
los,DET
navíos,NOUN
",",PUNCT
y,CCONJ
lo,PRON
que,PRON
él,PRON
quiere,VERB
eso,PRON
se,PRON
ha,AUX
de,ADP
hacer,VERB
",",PUNCT
eso,PRON
se,PRON
ha,AUX
de,ADP
cumplir,VERB
",",PUNCT
en,ADP
alta,NOUN
mar,NOUN
;,PUNCT
y,CCONJ
ellos,PRON
",",PUNCT
los,DET
marineros,NOUN
y,CCONJ
patrones,NOUN
",",PUNCT
tienen,VERB
que,SCONJ
jurarle,VERB
que,SCONJ
ninguno,PRON
de,ADP
ellos,PRON
se,PRON
ha,AUX
de,ADP
querer,AUX
separar,VERB
de,ADP
los,DET
demás,PRON
;,PUNCT
porque,SCONJ
la,DET
Cesárea,PROPN
Majestad,PROPN
había,AUX
ordenado,VERB
y,CCONJ
mandado,VERB
que,SCONJ
menos,ADV
de,ADP
20,NUM
navíos,NOUN
no,ADV
deberían,AUX
emprender,VERB
viaje,NOUN
de,ADP
España,PROPN
á,ADP
los,DET
Países,PROPN
Bajos,PROPN
",",PUNCT
por,ADP
causa,NOUN
del,DET
Rey,PROPN
de,ADP
Francia,PROPN
",",PUNCT
mientras,SCONJ
duraba,VERB
la,DET
guerra,NOUN
entre,ADP
ellos,PRON
.,PUNCT
Fuera,ADV
de,ADP
esta,PRON
hay,AUX
otra,DET
costumbre,NOUN
más,ADV
en,ADP
alta,NOUN
mar,PROPN
",",PUNCT
que,SCONJ
un,DET
navío,NOUN
no,ADV
ha,AUX
de,ADP
navegar,VERB
á,ADP
más,ADV
de,ADP
una,DET
milla,PROPN
(,PUNCT
legua,NOUN
),PUNCT
de,ADP
distancia,NOUN
del,ADP
otro,PRON
",",PUNCT
y,CCONJ
cuando,SCONJ
se,PRON
pone,VERB
ó,CCONJ
entra,VERB
el,DET
sol,NOUN
",",PUNCT
también,ADV
los,DET
navíos,NOUN
tienen,VERB
de,ADP
juntarse,VERB
y,CCONJ
los,DET
patrones,NOUN
han,AUX
de,ADP
saludar,VERB
al,ADP
miranndo,VERB
(,PUNCT
almirante,NOUN
),PUNCT
con,ADP
3,NUM
ó,CCONJ
4,NUM
tiros,NOUN
",",PUNCT
y,CCONJ
todos,DET
los,DET
días,NOUN
2,NUM
veces,NOUN
;,PUNCT
también,ADV
por,ADP
la,DET
otra,DET
parte,NOUN
el,DET
miranndi,NOUN
(,PUNCT
almirante,NOUN
),PUNCT
ha,AUX
de,ADP
colgar,VERB
del,ADP
navío,NOUN
suyo,DET
2,NUM
linternas,NOUN
hechas,ADJ
de,ADP
hierro,NOUN
",",PUNCT
que,PRON
se,PRON
llaman,VERB
farall,PROPN
(,PUNCT
faroles,NOUN
),PUNCT
",",PUNCT
[,NOUN
y,CCONJ
],PROPN
las,PRON
ha,AUX
de,ADP
dejar,VERB
prendidas,ADJ
toda,DET
la,DET
noche,NOUN
",",PUNCT
así,ADV
los,DET
demás,PRON
han,AUX
de,ADP
seguir,VERB
al,ADP
navío,NOUN
",",PUNCT
en,ADP
que,PRON
está,AUX
la,DET
luz,NOUN
",",PUNCT
y,CCONJ
no,ADV
se,PRON
han,AUX
de,ADP
separar,VERB
por,ADP
nada,PRON
.,PUNCT
"

",SPACE
Iten,PROPN
más,ADV
el,DET
mirando,VERB
(,PUNCT
almirante,NOUN
),PUNCT
les,PRON
avisa,VERB
cada,DET
noche,NOUN
á,ADP
los,DET
navegantes,NOUN
el,DET
rumbo,NOUN
que,PRON
piensa,VERB
tomar,VERB
",",PUNCT
porque,SCONJ
si,SCONJ
llega,VERB
el,DET
caso,NOUN
de,ADP
sobrevenir,VERB
un,DET
temporal,NOUN
en,ADP
alta,PROPN
mar,NOUN
puedan,AUX
ellos,PRON
saber,AUX
el,DET
rumbo,NOUN
ó,CCONJ
viento,NOUN
que,PRON
ha,AUX
seguido,VERB
[,NOUN
el,DET
],NOUN
mirannd,NOUN
(,PUNCT
almirante,NOUN
),PUNCT
",",PUNCT
y,CCONJ
así,ADV
no,ADV
se,PRON
aparten,VERB
los,DET
unos,PRON
de,ADP
los,DET
otros,PRON
.,PUNCT
"

",SPACE
Y,CCONJ
eso,PRON
que,PRON
tuvimos,VERB
que,SCONJ
regresar,VERB
y,CCONJ
volvernos,VERB
atrás,ADV
",",PUNCT
como,SCONJ
se,PRON
dijo,VERB
",",PUNCT
allí,ADV
estaba,VERB
el,DET
navío,NOUN
del,ADP
susodicho,NOUN
Ha[i]nrich,PROPN
Schezen,PROPN
",",PUNCT
en,ADP
que,PRON
tenía,VERB
yo,PRON
todo,DET
mi,DET
botín,NOUN
",",PUNCT
el,DET
mismo,ADJ
me,PRON
había,AUX
dejado,VERB
en,ADP
Calless,PROPN
(,PUNCT
Cádiz,PROPN
),PUNCT
",",PUNCT
el,DET
postrero,NOUN
de,ADP
los,DET
demás,DET
navíos,NOUN
",",PUNCT
y,CCONJ
cuando,SCONJ
ya,ADV
nos,PRON
aproximamos,VERB
como,SCONJ
á,ADP
una,DET
milla,PROPN
(,PUNCT
legua,NOUN
),PUNCT
de,ADP
camino,NOUN
de,ADP
la,DET
ciudad,NOUN
de,ADP
Calless,PROPN
(,PUNCT
Cádiz,PROPN
),PUNCT
allí,ADV
se,PRON
nos,PRON
hizo,VERB
obscuro,ADJ
y,CCONJ
anocheció,VERB
;,PUNCT
así,ADV
que,SCONJ
el,DET
almirandos,PROPN
(,PUNCT
almirante,NOUN
),PUNCT
tuvo,VERB
que,SCONJ
mostrar,VERB
un,DET
farol,NOUN
",",PUNCT
mediante,ADP
el,DET
cual,PRON
se,PRON
le,PRON
arrimasen,VERB
los,DET
navíos,NOUN
.,PUNCT
Y,CCONJ
cuando,SCONJ
ya,ADV
hubimos,AUX
llegado,VERB
á,ADP
la,DET
ciudad,NOUN
Calless,PROPN
(,PUNCT
Cádiz,PROPN
),PUNCT
",",PUNCT
cada,DET
patrón,NOUN
largó,VERB
su,DET
ancla,NOUN
al,ADP
agua,NOUN
y,CCONJ
el,DET
mirando,PROPN
(,PUNCT
almirante,NOUN
),PUNCT
también,ADV
retiró,VERB
su,DET
farol,NOUN
.,PUNCT
Mientras,SCONJ
esto,PRON
se,PRON
hizo,VERB
una,DET
lumbre,NOUN
en,ADP
tierra,NOUN
sin,ADP
dañada,ADJ
intención,NOUN
",",PUNCT
mas,ADV
le,PRON
fué,AUX
funesta,ADJ
para,ADP
la,DET
suerte,NOUN
de,ADP
Hainrich,PROPN
Schezen,PROPN
y,CCONJ
su,DET
navío,NOUN
;,PUNCT
ahora,ADV
la,DET
lumbre,NOUN
procedía,VERB
de,ADP
cerca,ADV
de,ADP
un,DET
molino,NOUN
",",PUNCT
como,SCONJ
a,ADP
un,DET
tiro,NOUN
de,ADP
arcabuz,NOUN
de,ADP
la,DET
ciudad,NOUN
de,ADP
Calless,PROPN
(,PUNCT
Cádiz,PROPN
),PUNCT
",",PUNCT
y,CCONJ
así,ADV
el,DET
antedicho,ADJ
Hainrich,PROPN
Schez,PROPN
se,PRON
encaminó,VERB
derecho,NOUN
á,ADP
ella,PRON
",",PUNCT
porque,SCONJ
se,PRON
le,PRON
puso,VERB
que,SCONJ
era,AUX
el,DET
farol,NOUN
del,ADP
miranndo,PROPN
(,PUNCT
almirante,NOUN
),PUNCT
",",PUNCT
y,CCONJ
cuando,SCONJ
él,PRON
con,ADP
su,DET
navío,NOUN
estaban,AUX
ya,ADV
muy,ADV
cerca,ADV
de,ADP
la,DET
luz,NOUN
",",PUNCT
dio,VERB
con,ADP
toda,DET
fuerza,NOUN
sobre,ADP
un,DET
peñasco,NOUN
",",PUNCT
que,PRON
estaba,VERB
allí,ADV
dentro,ADV
del,ADP
agua,NOUN
",",PUNCT
y,CCONJ
su,DET
navío,NOUN
se,PRON
hizo,VERB
cien,NUM
mil,NUM
pedazos,NOUN
y,CCONJ
se,PRON
fueron,AUX
á,ADP
pique,VERB
gente,NOUN
y,CCONJ
carga,NOUN
",",PUNCT
en,ADP
menos,ADV
de,ADP
un,DET
medio,NUM
cuarto,NOUN
de,ADP
hora,NOUN
",",PUNCT
y,CCONJ
no,ADV
quedó,VERB
un,DET
palo,NOUN
sobre,ADP
otro,PRON
;,PUNCT
también,ADV
de,ADP
22,NUM
almas,NOUN
solo,ADV
se,PRON
salvaron,VERB
el,DET
patrón,NOUN
y,CCONJ
el,DET
timonel,NOUN
",",PUNCT
que,PRON
escaparon,VERB
sobre,ADP
un,DET
madero,NOUN
grueso,ADJ
;,PUNCT
también,ADV
se,PRON
perdieron,VERB
6,NUM
baules,NOUN
con,ADP
oro,NOUN
y,CCONJ
plata,NOUN
perteneciente,ADJ
a,ADP
la,DET
Cesárea,PROPN
Majestad,PROPN
y,CCONJ
gran,ADJ
cantidad,NOUN
de,ADP
mercancías,NOUN
más,ADV
de,ADP
propiedad,NOUN
de,ADP
los,DET
comerciantes,NOUN
.,PUNCT
Por,ADP
lo,PRON
cual,PRON
doy,VERB
yo,PRON
á,ADP
Dios,PROPN
mi,DET
Redentor,PROPN
y,CCONJ
Salvador,PROPN
por,ADP
Cristo,PROPN
Jesús,PROPN
alabanzas,PROPN
",",PUNCT
honor,NOUN
",",PUNCT
loas,NOUN
y,CCONJ
gracias,NOUN
por,ADP
siempre,ADV
",",PUNCT
porque,SCONJ
esta,DET
vez,NOUN
más,ADV
tan,ADV
misericordiosamente,ADV
me,PRON
dirigió,VERB
",",PUNCT
defendió,VERB
y,CCONJ
amparó,VERB
por,ADP
cuanto,PRON
yo,PRON
en,ADP
la,DET
primera,ADJ
vez,NOUN
no,ADV
alcancé,VERB
el,DET
navío,NOUN
.,PUNCT
"

",SPACE
CAPÍTULO,PROPN
LV,PROPN
"
",SPACE
VUELVE,PROPN
Á,PROPN
EMBARCARSE,PROPN
EL,DET
AUTOR,NOUN
EN,ADP
CÁDIZ,PROPN
.,PUNCT
LLEGAN,PROPN
Á,PROPN
INGLATERRA,PROPN
Y,CCONJ
DE,ADP
ALLÍ,ADV
Á,PROPN
AMBERES,PROPN
"

",SPACE
Después,ADV
de,ADP
esto,PRON
paramos,VERB
2,NUM
días,NOUN
quietos,ADJ
en,ADP
Khalliss,PROPN
(,PUNCT
Cádiz,PROPN
),PUNCT
",",PUNCT
y,CCONJ
el,DET
día,NOUN
de,ADP
San,PROPN
Andrés,PROPN
volvimos,VERB
á,ADP
emprender,VERB
viaje,NOUN
para,ADP
Anntorff,PROPN
(,PUNCT
Amberes,PROPN
),PUNCT
",",PUNCT
tuvimos,VERB
en,ADP
este,DET
viaje,NOUN
tan,ADV
mal,ADV
tiempo,NOUN
y,CCONJ
tan,ADV
terribles,ADJ
vendabales,NOUN
",",PUNCT
que,SCONJ
los,DET
mismos,DET
patrones,NOUN
decían,VERB
que,SCONJ
en,ADP
20,NUM
años,NOUN
",",PUNCT
ó,CCONJ
sea,AUX
en,ADP
todo,DET
el,DET
tiempo,NOUN
que,PRON
habían,AUX
navegado,VERB
por,ADP
los,DET
mares,NOUN
",",PUNCT
no,ADV
habían,AUX
visto,VERB
ni,CCONJ
oído,VERB
decir,VERB
de,ADP
tormenta,NOUN
tan,ADV
horrible,ADJ
ni,CCONJ
que,SCONJ
dure,VERB
tanto,DET
tiempo,NOUN
.,PUNCT
"

",SPACE
Así,ADV
ahora,ADV
arribamos,VERB
á,ADP
Inglaterra,PROPN
",",PUNCT
á,ADP
un,DET
puerto,NOUN
llamado,ADJ
Viedt,PROPN
(,PUNCT
Isla,PROPN
de,ADP
Wight,PROPN
),PUNCT
",",PUNCT
no,ADV
nos,PRON
quedaba,VERB
en,ADP
nuestros,DET
navíos,NOUN
una,DET
sola,ADJ
Welle,PROPN
(,PUNCT
vela,NOUN
),PUNCT
",",PUNCT
esto,NOUN
es,NOUN
",",PUNCT
una,DET
lona,NOUN
que,PRON
se,PRON
extiende,VERB
en,ADP
el,DET
palo,NOUN
",",PUNCT
ni,CCONJ
tampoco,ADV
velamen,NOUN
",",PUNCT
ni,CCONJ
aparejo,NOUN
",",PUNCT
ni,CCONJ
la,DET
menor,ADJ
cosa,NOUN
á,ADP
bordo,NOUN
de,ADP
los,DET
navíos,NOUN
;,PUNCT
y,CCONJ
si,SCONJ
el,DET
tal,DET
viaje,NOUN
hubiese,AUX
durado,VERB
un,DET
poco,ADV
más,ADV
",",PUNCT
no,ADV
se,PRON
hubiese,AUX
salvado,VERB
uno,PRON
de,ADP
estos,PRON
24,NUM
navíos,NOUN
;,PUNCT
sólo,ADV
Dios,PROPN
el,DET
Señor,PROPN
nos,PRON
sacó,VERB
bien,ADV
por,ADP
otro,ADJ
lado,NOUN
.,PUNCT
"

",SPACE
Ahora,ADV
para,ADP
colmo,NOUN
de,ADP
todo,DET
lo,PRON
demás,PRON
",",PUNCT
siendo,AUX
ya,ADV
el,DET
día,NOUN
de,ADP
año,NOUN
nuevo,ADJ
del,ADP
año,NOUN
1554,NUM
",",PUNCT
el,DET
día,NOUN
de,ADP
los,DET
3,NUM
Santos,PROPN
Reyes,PROPN
",",PUNCT
8,NUM
navíos,NOUN
se,PRON
perdieron,VERB
desgraciadamente,ADV
con,ADP
vidas,NOUN
y,CCONJ
haciendas,NOUN
",",PUNCT
cosa,NOUN
que,PRON
daba,VERB
pena,NOUN
de,ADP
ver,VERB
;,PUNCT
porque,SCONJ
lo,PRON
cierto,ADJ
es,AUX
que,SCONJ
no,ADV
salvó,VERB
uno,PRON
solo,ADJ
de,ADP
allí,ADV
.,PUNCT
"

",SPACE
Esto,PRON
aconteció,VERB
entre,ADP
Francia,PROPN
é,CCONJ
Inglaterra,PROPN
.,PUNCT
Dios,PROPN
el,DET
Todopoderoso,PROPN
quiera,AUX
favorecerlos,VERB
y,CCONJ
á,ADP
nosotros,PRON
con,ADP
su,DET
misericordia,NOUN
",",PUNCT
por,ADP
Cristo,PROPN
su,DET
único,ADJ
Hijo,NOUN
.,PUNCT
Amen,PROPN
.,PUNCT
"
",SPACE
Así,ADV
nos,PRON
quedamos,VERB
4,NUM
días,NOUN
en,ADP
el,DET
dicho,ADJ
puerto,NOUN
Viedt,PROPN
(,PUNCT
Wight,PROPN
),PUNCT
en,ADP
Inglaterra,PROPN
y,CCONJ
de,ADP
allí,ADV
navegamos,VERB
á,ADP
Probannt,PROPN
(,PUNCT
Brabante,PROPN
),PUNCT
",",PUNCT
y,CCONJ
a,ADP
los,DET
4,NUM
días,NOUN
arribamos,VERB
á,ADP
Arnmu[id]a,NOUN
que,SCONJ
es,AUX
una,DET
ciudad,NOUN
en,ADP
Sehelandt,PROPN
",",PUNCT
adonde,PRON
están,AUX
surtos,NOUN
los,DET
navíos,NOUN
grandes,ADJ
;,PUNCT
está,AUX
á,ADP
74,NUM
millas,NOUN
(,PUNCT
leguas,NOUN
),PUNCT
de,ADP
camino,NOUN
de,ADP
Viede,PROPN
(,PUNCT
Wight,PROPN
),PUNCT
",",PUNCT
y,CCONJ
de,ADP
allí,ADV
navegamos,VERB
á,ADP
Anntdorff,PROPN
(,PUNCT
Amberes,PROPN
),PUNCT
",",PUNCT
que,PRON
está,AUX
á,ADP
24,NUM
millas,NOUN
de,ADP
camino,NOUN
.,PUNCT
Y,CCONJ
llegamos,VERB
allí,ADV
el,DET
26,NUM
de,ADP
enero,NOUN
",",PUNCT
año,NOUN
1554,NUM
.,PUNCT
"

",SPACE
Sí,ADV
.,PUNCT
¡,PUNCT
Alabado,PROPN
y,CCONJ
loado,NOUN
sea,AUX
Dios,PROPN
por,ADP
siempre,ADV
",",PUNCT
porque,SCONJ
tan,ADV
misericordiosamente,ADV
me,PRON
deparó,VERB
tan,ADV
próspero,ADJ
viaje,NOUN
!,PUNCT
Amen,PROPN
.,PUNCT
